,Metal,SM,g_minus_r,u_minus_r,x,y,z
29,0.0248851813376,1453786752.0,0.491907119751,1.75935173035,65.7561569214,67.9733505249,14.8537044525
36,0.0257990173995,1449218560.0,0.796142578125,2.50057601929,47.820930481,80.3400115967,10.5740919113
37,0.025845663622,1293157248.0,0.796297073364,2.49985980988,89.5648880005,57.8745956421,12.0243968964
49,0.014756469056,1198136320.0,0.736248016357,2.31243133545,78.8757247925,79.2842178345,42.0397796631
76,0.0342371985316,2910120960.0,0.844369888306,2.65330886841,77.954864502,76.8825302124,42.2522392273
77,0.018965119496,1144079616.0,0.7555103302,2.37176418304,68.2487258911,65.8228759766,6.78346443176
79,0.0306776799262,2295717376.0,0.476787567139,1.66926765442,94.574836731,72.8080749512,48.9915008545
108,0.0131452707574,1409320448.0,0.745048522949,2.33296108246,88.2821121216,50.5816993713,4.15584182739
123,0.0213259160519,3578358528.0,0.80867767334,2.54353809357,78.7664871216,76.8703613281,42.271320343
133,0.0197143666446,1132175744.0,0.739028930664,2.32179927826,53.272808075,96.9390945435,55.7254180908
139,0.0331920906901,2894348288.0,0.816471099854,2.58417415619,95.433380127,66.2659378052,34.6746826172
150,0.0193585101515,1607502592.0,0.387714385986,1.31442260742,98.352722168,71.7759246826,49.9523429871
151,0.0322534255683,2544748288.0,0.532552719116,1.56799125671,47.7748298645,80.405380249,10.5005435944
265,0.015219326131,3696698624.0,0.770582199097,2.41277980804,88.0646286011,50.4673500061,4.47974014282
267,0.0179481524974,1843995264.0,0.733795166016,2.28981018066,98.3722381592,44.8556518555,0.192582860589
269,0.0127652417868,1102302720.0,0.513189315796,1.712059021,67.6195068359,72.8748321533,24.0104370117
296,0.018874546513,3288712704.0,0.740476608276,2.33997344971,68.4468307495,65.8941116333,6.88380813599
305,0.0114092053846,1080991232.0,0.698499679565,2.18692684174,58.8409385681,89.9148635864,42.5232009888
338,0.0203585345298,2873360640.0,0.768901824951,2.38717365265,95.4461669922,66.188873291,34.6718254089
346,0.0205459110439,3071209216.0,0.76891708374,2.40670871735,77.8728942871,76.9922637939,42.2021102905
349,0.0140350172296,1300834816.0,0.191987991333,0.763664245605,45.5779495239,95.620262146,42.1533088684
364,0.0118257673457,1204025728.0,0.698137283325,2.17844295502,53.7585144043,91.1982803345,36.2650642395
377,0.0215718727559,3378760448.0,0.710241317749,2.26573181152,64.4604949951,97.5852355957,64.0802459717
405,0.0297343954444,5124649472.0,0.663452148438,2.14755821228,98.0029678345,72.3091049194,58.1081542969
446,0.0151258464903,2341211904.0,0.375268936157,1.28381347656,96.3585891724,46.8100242615,11.2861232758
449,0.0151140382513,1464308352.0,0.732004165649,2.28188896179,78.5232849121,77.9823074341,43.4606246948
471,0.0145093938336,1307816064.0,0.608757019043,1.85195732117,48.8237800598,88.5846481323,36.5400161743
472,0.0248626228422,3331766528.0,0.584390640259,1.80675125122,80.9124908447,74.8397521973,43.6533508301
485,0.0177142117172,1273348224.0,0.521808624268,1.6688709259,35.1205368042,99.3084793091,32.4927482605
492,0.01264192909,1257083776.0,0.378934860229,1.29949569702,65.1606063843,70.804069519,12.7682704926
503,0.0140297682956,1188793856.0,0.715230941772,2.25527572632,78.1129379272,76.7601852417,42.6661262512
507,0.0144784282893,1485050112.0,0.731634140015,2.27990913391,78.4805145264,77.5009536743,42.5564346313
527,0.0130237676203,1527684224.0,0.709907531738,2.23279285431,87.9569396973,50.9666481018,4.28389883041
532,0.0155103141442,2020207232.0,0.269906997681,0.972888946533,70.1448364258,94.7559661865,74.6358337402
591,0.0201559197158,3465343232.0,0.76003074646,2.37997913361,77.56300354,78.4818191528,44.2402915955
597,0.0112478565425,1661933184.0,0.691331863403,2.16561603546,95.3762664795,66.2614440918,34.9508972168
629,0.0162172690034,2484037632.0,0.730081558228,2.30113887787,78.5889663696,77.6294937134,43.0221939087
652,0.0359276235104,10180491264.0,0.854873657227,2.68672370911,87.8858947754,50.4744949341,4.50678491592
677,0.0187400914729,4066463744.0,0.66003036499,2.02989387512,65.7403182983,68.0684585571,14.8082685471
679,0.0200356543064,2873860608.0,0.53472328186,1.73030281067,83.1485748291,84.3383255005,54.0790138245
694,0.0149724530056,1760995840.0,0.375873565674,1.28206825256,58.1190605164,83.704864502,25.6033668518
707,0.0178128071129,1264840576.0,0.490423202515,1.58296775818,73.3268432617,61.3258590698,11.129076004
726,0.0153338639066,3592325632.0,0.731798171997,2.29539108276,78.4273071289,77.4028625488,42.9365386963
740,0.0106229465455,1607456768.0,0.256935119629,1.09920692444,81.8938598633,65.5116958618,26.4679756165
743,0.0163040328771,3173156096.0,0.57088470459,1.87914848328,47.115322113,79.2615585327,10.4657649994
757,0.014517092146,1875092224.0,0.70400428772,2.21303272247,78.1966552734,76.7740631104,42.4313735962
765,0.0176902990788,6632854528.0,0.776605606079,2.41689300537,87.957069397,50.5845909119,4.49273490906
780,0.0117673808709,1122136448.0,0.71099281311,2.2214679718,78.5717697144,77.6972198486,43.4498634338
793,0.0302333068103,5466779648.0,0.521541595459,1.66144371033,94.5715942383,72.7658843994,48.9782447815
817,0.0111564621329,1416620928.0,0.707078933716,2.20783615112,88.1234588623,49.9819068909,4.36975097656
823,0.0104975486174,1614151040.0,0.69832611084,2.17108440399,79.255897522,77.1253890991,42.0046310425
826,0.0111811133102,1443616768.0,0.704881668091,2.19000148773,77.5541000366,76.8198699951,42.4918746948
841,0.0176914501935,2506690816.0,0.711917877197,2.2600402832,92.2919998169,66.5425415039,47.8495330811
866,0.00830847211182,1281505920.0,0.659343719482,2.07237148285,88.0843811035,48.7407569885,4.59386968613
873,0.0139296278358,1085344896.0,0.491046905518,1.62558174133,91.998298645,52.6877326965,3.30077075958
885,0.0165255274624,1295739264.0,0.638042449951,2.02396392822,47.3971328735,79.7000198364,9.6804151535
915,0.0151799749583,1477397376.0,0.383863449097,1.25035095215,61.3838043213,89.2351074219,43.3573608398
940,0.0137469628826,1843887744.0,0.729774475098,2.27482891083,86.8663406372,50.3555259705,4.30148601532
952,0.00852184183896,1155611520.0,0.6614818573,2.09200572968,87.6611785889,51.0022239685,4.6994638443
953,0.008474746719,2479226368.0,0.658140182495,2.07197761536,87.4088516235,50.5633239746,4.35603666306
954,0.0120865926147,1553233024.0,0.695976257324,2.19572257996,78.6806259155,79.2059783936,42.41746521
960,0.0109829613939,1437729920.0,0.331207275391,1.07141876221,91.3076858521,60.2900314331,27.0011100769
976,0.014328985475,1619564416.0,0.719861984253,2.24833965302,77.5635299683,78.7716827393,44.1763076782
978,0.0159418340772,2509048064.0,0.732326507568,2.27750873566,95.6497039795,66.4565887451,34.7632446289
989,0.0130718713626,1435607424.0,0.714092254639,2.21852397919,78.0440750122,77.3034820557,42.2267570496
1005,0.0138761764392,1070166976.0,0.492176055908,1.50404930115,65.5176315308,69.6717529297,13.448264122
1018,0.0157886222005,2960229632.0,0.687608718872,2.20031738281,58.9060592651,89.9120941162,42.454864502
1026,0.0152069982141,1755044736.0,0.285257339478,1.02866172791,73.1485366821,71.4649276733,33.4499740601
1038,0.012569678016,1060758784.0,0.676683425903,2.14389324188,47.8775596619,80.2188720703,10.8147668839
1050,0.0155725385994,2075059968.0,0.54789352417,1.8046169281,80.0240936279,75.7833175659,43.2092666626
1101,0.0183630362153,3052632832.0,0.260175704956,0.928123474121,85.8330688477,82.6330795288,53.0071754456
1119,0.0146603649482,1861427456.0,0.701585769653,2.2220697403,97.9918518066,72.2405700684,58.3455276489
1144,0.0171211306006,4500981248.0,0.727767944336,2.28395080566,77.6194534302,78.4215545654,44.2672538757
1158,0.0112643232569,1125306752.0,0.695051193237,2.18196201324,78.5985336304,78.2344512939,43.4033050537
1170,0.0146261593327,3520687872.0,0.711263656616,2.23441505432,78.5508117676,77.3887329102,43.0449371338
1206,0.0157933663577,3409628160.0,0.735584259033,2.29751777649,75.2054824829,76.7560577393,48.9117736816
1211,0.0166744124144,4072390912.0,0.747177124023,2.33691596985,89.5769424438,57.7926330566,11.7729473114
1231,0.0179688055068,5033093120.0,0.746337890625,2.33126831055,78.9574127197,77.2654190063,42.4892311096
1243,0.00903748907149,1527333888.0,0.6506690979,2.07087039948,87.7291717529,50.0435066223,3.13174653053
1255,0.0162816867232,5848102912.0,0.742816925049,2.32514572144,87.8664779663,50.3131217957,4.39420795441
1262,0.0136729246005,2770775552.0,0.719573974609,2.2383146286,88.0126571655,50.4035758972,4.44888782501
1281,0.0148392384872,1781292544.0,0.730581283569,2.2775478363,78.4342346191,77.2484893799,42.4170837402
1294,0.0127249304205,1220117504.0,0.182981491089,0.750551223755,65.3820571899,69.6894989014,13.4112243652
1296,0.0137104550377,1437500032.0,0.715688705444,2.25030136108,77.6849441528,76.707611084,42.0267753601
1300,0.0145204262808,1023828096.0,0.594079971313,1.85881233215,35.1156044006,87.8475189209,0.965166032314
1314,0.00994483008981,1062184704.0,0.691814422607,2.16641807556,88.4395828247,50.1320381165,4.20499610901
1335,0.0134436739609,1265629568.0,0.71050453186,2.22259902954,85.4983291626,48.977355957,7.82119417191
1347,0.0154837090522,2238846976.0,0.726228713989,2.27583789825,98.179107666,44.581413269,0.210368365049
1358,0.0134609751403,2659359488.0,0.704502105713,2.22262191772,78.3004989624,76.9389877319,41.9238319397
1360,0.0169827286154,5588271104.0,0.712255477905,2.26065063477,78.1238327026,77.6920013428,42.9609909058
1369,0.0165253579617,2551534592.0,0.710725784302,2.26560020447,89.5498886108,57.6713867188,11.7137336731
1378,0.0145168630406,3187751168.0,0.721740722656,2.23575592041,78.7138824463,77.8434753418,42.6629600525
1383,0.00912571139634,1024708032.0,0.465908050537,1.53109741211,58.4322662354,90.4140167236,42.2331466675
1399,0.00970402732491,1541885440.0,0.639015197754,2.05131530762,78.1619567871,76.2377929688,42.6741371155
1400,0.0168289970607,4669650432.0,0.740726470947,2.31017494202,78.9618911743,76.927696228,41.7770118713
1418,0.0129963308573,1396833152.0,0.489030838013,1.48072433472,85.873878479,82.5875473022,53.1812973022
1445,0.0109130591154,1963742848.0,0.622016906738,2.02657699585,78.3412704468,76.9879150391,42.1007118225
1446,0.0139738889411,1576847872.0,0.521730422974,1.69664001465,53.6452255249,91.2146224976,36.4647941589
1450,0.0131261069328,2586888704.0,0.699867248535,2.20385360718,78.3710174561,77.9847183228,42.119342804
1464,0.0272078998387,14747420672.0,0.767101287842,2.45174217224,71.399230957,56.5652275085,5.02492332458
1503,0.0188702549785,4856647680.0,0.735038757324,2.31789970398,47.6725387573,80.1473617554,10.4477443695
1514,0.0174828357995,4039343872.0,0.522897720337,1.65410614014,95.523765564,69.0582885742,49.0731468201
1524,0.0286277066916,11411742720.0,0.607488632202,1.81895065308,47.7884521484,80.4266357422,10.491443634
1533,0.0261291544884,10813882368.0,0.294002532959,1.0149974823,96.3265762329,46.808177948,11.3191204071
1554,0.0154876597226,3867154432.0,0.720186233521,2.27005767822,88.5722808838,50.1472320557,4.15560531616
1575,0.014606744051,1621720704.0,0.703853607178,2.22265052795,77.7104187012,76.8418731689,42.2800598145
1579,0.0138273388147,1417569408.0,0.686267852783,2.15844345093,80.3652877808,75.499710083,43.1750221252
1581,0.013528698124,1649398400.0,0.320108413696,1.19692802429,47.3729629517,73.5759048462,6.83879470825
1595,0.0139665463939,1475114880.0,0.697952270508,2.20062637329,89.2146072388,57.9198646545,11.7520999908
1626,0.0193069186062,3568187136.0,0.748506546021,2.3399143219,78.5454177856,77.6975021362,43.0884284973
1634,0.0145095689222,1211834496.0,0.703437805176,2.21006202698,74.9938812256,77.1287002563,40.0675468445
1651,0.0160229243338,3152072704.0,0.733488082886,2.27857685089,78.7903900146,77.6486587524,42.8976135254
1668,0.0172121804208,3229129984.0,0.729293823242,2.28362464905,75.3491210938,76.8894348145,48.5728683472
1669,0.0132994949818,2097898112.0,0.714115142822,2.23246574402,92.1059875488,66.5722351074,47.5215644836
1683,0.011258456856,1513814912.0,0.682426452637,2.14474773407,77.6511535645,76.4745941162,43.1647911072
1712,0.0144788883626,1856298752.0,0.510536193848,1.51373100281,57.7518730164,86.1431121826,24.2998790741
1713,0.0141002945602,2113538688.0,0.409111022949,1.35559272766,58.2991294861,85.8583526611,23.9054527283
1717,0.0212501715869,9627815936.0,0.768346786499,2.40684890747,78.5114898682,77.8738174438,43.291305542
1727,0.0168265644461,5661477376.0,0.272985458374,1.00688171387,78.0803909302,78.8459854126,43.8420448303
1734,0.0197104085237,5471326208.0,0.756265640259,2.36678123474,78.1321411133,76.8565216064,42.2611541748
1748,0.0192738771439,9042347008.0,0.770854949951,2.40642547607,77.281791687,78.2077713013,44.0715255737
1755,0.0159928239882,2520861696.0,0.731298446655,2.27829647064,87.7518539429,49.4313926697,4.60738658905
1756,0.0114854648709,2143857024.0,0.165056228638,0.793809890747,35.1023902893,99.3071289062,32.4834823608
1766,0.0170965436846,2820969472.0,0.599185943604,1.85367774963,94.8369064331,67.2575912476,46.4800262451
1803,0.00798640958965,1645602432.0,0.688798904419,2.1430683136,88.107673645,50.0719337463,3.88431215286
1820,0.0182261429727,4991938560.0,0.513912200928,1.55034065247,98.3837661743,44.8542747498,0.256781101227
1836,0.0127455247566,2230640896.0,0.720083236694,2.2300863266,87.8862991333,50.0533103943,4.98259687424
1847,0.0125664817169,1170169728.0,0.603008270264,1.8697013855,91.1428985596,58.2300415039,15.7278547287
1858,0.0153266023844,1930312960.0,0.716426849365,2.24739360809,77.9919662476,77.3923187256,43.2639656067
1869,0.0143606327474,1903701760.0,0.726099014282,2.27072143555,88.5607299805,50.5652427673,2.67340970039
1874,0.0134646203369,1277469184.0,0.685548782349,2.17043590546,79.7356109619,77.1472702026,42.3023605347
1888,0.0130270961672,3075482880.0,0.478294372559,1.5556602478,73.3027877808,61.1523590088,11.161149025
1934,0.0187248606235,5239492096.0,0.668752670288,2.03791809082,47.6067047119,80.3755874634,10.5505981445
1954,0.0124549102038,1212132352.0,0.676677703857,2.15467453003,77.1345291138,76.2651901245,41.9100952148
1956,0.0158315766603,2414676736.0,0.739414215088,2.30557250977,77.6560974121,76.4486160278,42.4891891479
1961,0.0155322840437,1340800256.0,0.480581283569,1.52204322815,68.5328979492,74.7806396484,16.5684909821
1974,0.0141031099483,3718050304.0,0.197206497192,0.869546890259,65.6160125732,74.0030593872,23.6917324066
1977,0.0219254475087,8226919424.0,0.432126998901,1.30788803101,55.1390533447,67.0356216431,0.927789092064
1995,0.0235209465027,13111995392.0,0.792896270752,2.47253227234,88.0130310059,50.3315811157,4.4121799469
1999,0.0194577816874,5846013440.0,0.754718780518,2.35134315491,78.8682937622,77.095451355,42.2127304077
2011,0.0152118066326,1203714048.0,0.723627090454,2.26105499268,95.5658035278,69.2119140625,48.997467041
2052,0.0129325808957,1304080640.0,0.666110992432,2.13103961945,78.1947555542,77.1983184814,42.2217445374
2091,0.0133055541664,1667238784.0,0.71314239502,2.229388237,79.2412185669,79.1196899414,43.1194114685
2100,0.0172306187451,1060903616.0,0.738082885742,2.29570579529,80.4192276001,75.4818954468,43.4020576477
2101,0.0206700526178,8762247168.0,0.753070831299,2.36014175415,77.5016784668,76.8815460205,42.2049064636
2121,0.0154567463323,2093697536.0,0.464529037476,1.47616004944,77.6479721069,97.4509429932,75.5352096558
2150,0.0218733046204,9775894528.0,0.775333404541,2.41906738281,58.7268486023,89.9908294678,42.4454956055
2197,0.0146898971871,1170510976.0,0.533002853394,1.7370223999,44.201423645,99.6642303467,38.4979171753
2233,0.0170288309455,3639136768.0,0.574653625488,1.88316726685,49.0195198059,92.6182479858,28.4624118805
2237,0.0197534933686,9179058176.0,0.753005981445,2.35901641846,87.9468154907,50.5813064575,3.94793581963
2250,0.0139692286029,1683681664.0,0.433532714844,1.34371757507,92.0531082153,52.5576400757,3.50851392746
2260,0.0147609794512,1054820032.0,0.545728683472,1.76933956146,79.8901824951,76.4467163086,43.1725578308
2269,0.022276557982,9880141824.0,0.771451950073,2.41949081421,77.7231216431,77.0589752197,42.3558044434
2271,0.0197604559362,6308038144.0,0.737670898438,2.31881141663,78.254196167,76.9207992554,42.5051231384
2283,0.0160289350897,1848867072.0,0.733131408691,2.28714370728,87.8114700317,49.8252182007,5.76110935211
2293,0.0206066407263,6153616384.0,0.507406234741,1.52293968201,67.8785018921,72.224571228,19.993970871
2307,0.0119607876986,1621068032.0,0.694309234619,2.19255542755,88.4480133057,49.5370635986,3.68896484375
2317,0.022051718086,12166881280.0,0.780616760254,2.42929077148,87.7568969727,50.1439247131,4.62155485153
2327,0.024724079296,15898824704.0,0.357849121094,1.18315124512,77.5536575317,97.1972961426,75.3975296021
2333,0.0151068717241,3449350912.0,0.72654914856,2.2786026001,87.1026763916,50.2680969238,4.6174120903
2344,0.0143955061212,1459761024.0,0.667793273926,1.98858356476,57.8680839539,90.1953887939,42.6454391479
2349,0.0198606923223,5132201472.0,0.457460403442,1.37941932678,65.4779891968,67.6923522949,14.9571418762
2353,0.0240705572069,18928842752.0,0.781663894653,2.45582389832,75.1776046753,76.8562164307,49.0192222595
2357,0.0153979370371,1102577920.0,0.686326980591,2.19143486023,80.4261398315,76.6075363159,42.6765823364
2363,0.015003525652,4286184192.0,0.526214599609,1.635181427,78.0435562134,77.4220962524,43.2442779541
2388,0.0134050352499,1347876736.0,0.677515029907,2.16681098938,77.9429397583,76.9161300659,43.125
2390,0.0213904194534,10722197504.0,0.769868850708,2.38786315918,87.986618042,50.5625534058,4.6352186203
2397,0.0109096439555,1327394688.0,0.69158744812,2.16919517517,88.2447814941,51.2563247681,5.5286989212
2401,0.0135385766625,1501905664.0,0.717407226562,2.2363319397,88.8639831543,52.3764953613,4.48379945755
2407,0.0150425825268,2989554688.0,0.529182434082,1.62999343872,57.8615570068,90.6355895996,42.4122428894
2416,0.0337568260729,34456723456.0,0.849510192871,2.66902732849,87.9441680908,50.6933479309,4.49027299881
2439,0.0133247477934,1181831936.0,0.706783294678,2.2182302475,57.3768234253,85.7134857178,24.425195694
2512,0.0145993856713,3080415232.0,0.733068466187,2.27802562714,85.6165008545,49.4460983276,8.83053016663
2524,0.023375140503,17299486720.0,0.779472351074,2.42992210388,77.4609909058,76.8605651855,42.3433380127
2530,0.0175827499479,3353899008.0,0.377737045288,1.19254684448,46.710018158,95.6005325317,42.1564865112
2531,0.0119117628783,1155075456.0,0.530479431152,1.87985038757,78.0868148804,76.9644241333,42.7915725708
2537,0.0158011727035,4203590144.0,0.485807418823,1.54859542847,78.7416687012,77.9424667358,41.8212852478
2556,0.0158554054797,4614972416.0,0.524293899536,1.70288848877,59.5880050659,83.3534164429,24.5077972412
2586,0.0111445859075,1184168960.0,0.491598129272,1.59062957764,97.845161438,45.680809021,1.83427357674
2590,0.0138165885583,1526471040.0,0.667304992676,2.142786026,78.6230010986,76.9511795044,42.6499710083
2596,0.0149383181706,1479291648.0,0.709976196289,2.23493099213,89.0808410645,51.0747947693,5.49616146088
2598,0.0125054093078,1081940992.0,0.459878921509,1.46640205383,85.9561843872,71.1142044067,45.4788169861
2660,0.0149133270606,2409097472.0,0.358200073242,1.32355117798,65.7863693237,68.7154769897,14.4518966675
2683,0.0145950159058,3795969792.0,0.717363357544,2.2529258728,88.5818862915,50.2826385498,4.42392158508
2687,0.0166216492653,2202943232.0,0.530199050903,1.61820983887,35.2272796631,99.0914916992,32.7939338684
2756,0.0205667503178,8571760640.0,0.402225494385,1.26106452942,89.9262161255,51.326713562,1.24435460567
2763,0.0222105123103,13063736320.0,0.786773681641,2.45022010803,88.0703048706,50.4615249634,4.06296300888
2773,0.019612506032,6548205056.0,0.546676635742,1.67088890076,87.2366027832,51.4154777527,4.90486955643
2780,0.0138773173094,1330057984.0,0.59642791748,1.76451778412,74.3198623657,76.5495300293,39.2375679016
2811,0.0143294231966,2335980288.0,0.508687973022,1.6729927063,77.1459655762,78.0519104004,44.4179267883
2846,0.0122847454622,1160210560.0,0.209989547729,0.837142944336,79.1579360962,76.9543380737,42.3827705383
2862,0.0140153989196,1850607872.0,0.709697723389,2.23093509674,79.8854141235,76.8107833862,43.5371704102
2896,0.0149193927646,1333347200.0,0.636064529419,1.93043613434,83.6226272583,72.0359802246,45.0485801697
2921,0.0189499724656,9314008064.0,0.738552093506,2.3169631958,88.3091278076,50.792804718,4.46490335464
2925,0.0242337696254,30048155648.0,0.796653747559,2.49970436096,77.8643188477,76.9803009033,42.2543907166
2927,0.0129591338336,1429367936.0,0.469829559326,1.451795578,70.8610687256,82.0621337891,51.4313430786
2969,0.0129309315234,1081389312.0,0.320266723633,1.11763763428,65.8993530273,67.4923324585,15.0394153595
2988,0.0166858192533,1540025856.0,0.673192977905,2.11980724335,79.4936676025,76.5670928955,43.0038108826
3051,0.0104699255899,2414341632.0,0.354009628296,1.23189926147,47.3226776123,79.9017562866,10.5588531494
3079,0.022517837584,11389279232.0,0.776020050049,2.42611312866,78.1773452759,77.3511199951,42.3231163025
3107,0.0158606097102,3023003136.0,0.682382583618,2.19213676453,78.3468933105,76.570098877,42.2258224487
3137,0.0141640175134,1419853952.0,0.718683242798,2.22636032104,58.2189445496,89.3541259766,42.3974952698
3140,0.0108073828742,1398389760.0,0.311946868896,1.20195960999,87.4330673218,47.1483268738,7.88472318649
3142,0.0107944775373,1053140928.0,0.227342605591,0.895389556885,76.4875488281,78.4051437378,44.3890113831
3167,0.0134860686958,1164254720.0,0.548473358154,1.77602481842,55.4444770813,80.2746276855,27.7377529144
3207,0.0119760511443,1031483264.0,0.609369277954,2.03215503693,58.6730155945,90.1518783569,36.4416770935
3211,0.0215222034603,10946823168.0,0.773794174194,2.40551757812,99.1214065552,71.4884262085,48.7773017883
3305,0.0196537841111,8536425472.0,0.572891235352,1.75050163269,89.8770141602,58.1562538147,11.7930793762
3306,0.018049094826,11397918720.0,0.739696502686,2.31533622742,88.1853713989,49.7720603943,4.54354524612
3315,0.0200681053102,9034626048.0,0.438823699951,1.34017753601,98.4333724976,71.7665634155,49.9676513672
3317,0.0229065865278,16349400064.0,0.771984100342,2.41185379028,78.6381072998,77.675743103,42.6215820312
3319,0.0167862586677,8727232512.0,0.717433929443,2.26358032227,78.0448303223,77.8105926514,43.1518707275
3364,0.0211890637875,18550167552.0,0.769569396973,2.4047203064,88.0172958374,50.9807128906,4.59218215942
3375,0.0180337205529,7742597632.0,0.737985610962,2.30933380127,87.9599685669,49.6644363403,4.88455629349
3398,0.0141514362767,1213059200.0,0.361282348633,1.23293113708,58.8595848083,84.0650405884,24.4976902008
3449,0.014147461392,2496851712.0,0.431806564331,1.44720649719,70.114440918,72.6725616455,29.6187057495
3454,0.0147278262302,1730230272.0,0.425514221191,1.30526542664,77.8515319824,78.9521636963,43.9872207642
3455,0.0120177865028,1074469888.0,0.353317260742,1.21976470947,81.0365982056,78.0853500366,44.3478050232
3461,0.0154215022922,16111440896.0,0.739351272583,2.31702804565,87.5610809326,51.1507606506,4.29718923569
3466,0.0134692853317,1564051072.0,0.402931213379,1.42238616943,58.0232543945,85.0906143188,24.6163902283
3472,0.0152137409896,2535496448.0,0.371965408325,1.28783607483,88.9243164062,46.7419929504,7.57368564606
3490,0.0153362248093,1970017792.0,0.575050354004,1.66633605957,98.6257095337,44.6526145935,0.390220791101
3556,0.0159930847585,5644352512.0,0.366344451904,1.26859474182,77.4304962158,80.6903915405,43.3539466858
3561,0.0181418955326,4223179776.0,0.596675872803,1.79232597351,76.8044052124,78.5865249634,44.1889801025
3565,0.0168401524425,3066397696.0,0.631469726562,1.96586608887,74.8854675293,77.278503418,39.798576355
3574,0.0145594775677,3906648832.0,0.710035324097,2.22680664062,79.2237167358,77.9849700928,42.8000984192
3575,0.0251494776458,27445446656.0,0.556871414185,1.68562316895,89.6364517212,57.8512420654,11.8587026596
3581,0.0143599137664,2827436288.0,0.376838684082,1.31290435791,95.6472320557,69.3048553467,48.9476318359
3594,0.0161968749017,2620123392.0,0.507019042969,1.60381698608,47.2740211487,87.5468215942,31.5778179169
3603,0.0208983179182,11087711232.0,0.599695205688,1.82907867432,77.9184417725,76.8285827637,41.9059791565
3619,0.024703271687,31950399488.0,0.749771118164,2.3353099823,92.2671508789,66.5744400024,47.8234329224
3645,0.0122253745794,1016110336.0,0.596097946167,1.78620433807,75.2547225952,82.0124740601,41.5840034485
3651,0.0150887481868,4066469120.0,0.267723083496,1.030210495,96.3393325806,77.2566375732,62.3682899475
3656,0.0156139805913,3453490944.0,0.354333877563,1.15579414368,69.6990127563,81.9291610718,51.5363693237
3659,0.013082223013,1482040704.0,0.362413406372,1.22067070007,68.5886611938,65.6840438843,8.77115345001
3689,0.0131312608719,1112470272.0,0.304433822632,1.15395736694,78.2155380249,80.2321090698,43.1336898804
3707,0.0180654861033,7129109504.0,0.573259353638,1.87162780762,78.1602325439,76.2530593872,41.6188468933
3713,0.0158089902252,1934967936.0,0.522422790527,1.57718658447,89.277015686,46.7618103027,7.28448152542
3728,0.0138999000192,1191373824.0,0.382764816284,1.28683853149,92.337059021,73.5755844116,48.265663147
3732,0.0146118737757,2848936192.0,0.316915512085,1.18109321594,59.4667549133,83.3809356689,24.3143634796
3751,0.0263108611107,24569782272.0,0.787794113159,2.46807861328,78.151725769,77.7523803711,43.2093925476
3755,0.0233455579728,21107458048.0,0.773921966553,2.42295074463,88.1128311157,50.3261413574,4.56312990189
3757,0.0173212271184,2737453824.0,0.65856552124,2.02562332153,98.0948028564,45.0301856995,0.592199146748
3790,0.0142602836713,3030386176.0,0.634880065918,2.07875061035,77.5889663696,77.5797119141,42.5475387573
3809,0.00895942561328,1150631552.0,0.299392700195,1.07695770264,68.4992675781,65.9144821167,10.3229074478
3810,0.0157398916781,2389355520.0,0.412034988403,1.33276557922,50.7985877991,78.6874847412,9.93336677551
3818,0.0131774507463,1739718656.0,0.544532775879,1.7301940918,96.4537811279,44.6375961304,1.39934706688
3852,0.0172395482659,2261618432.0,0.528343200684,1.61849021912,35.3130836487,87.8192062378,0.801251232624
3876,0.013528062962,1147189120.0,0.395902633667,1.3365688324,47.7085533142,81.8875427246,7.474360466
3884,0.0103138778359,1198227968.0,0.385126113892,1.29979705811,85.0643768311,48.5822296143,6.16003799438
3896,0.0128459967673,1039961408.0,0.538284301758,1.66049957275,75.4828414917,79.3886260986,41.3250312805
3958,0.0225345063955,28434305024.0,0.786231994629,2.45470809937,88.012046814,50.7109107971,4.44883680344
4008,0.0147249763831,3932872960.0,0.397060394287,1.37369918823,77.3647003174,77.9165115356,44.4601287842
4024,0.01022718288,1263473152.0,0.290639877319,1.07506370544,79.6547393799,77.5358352661,38.9853134155
4029,0.0114261200652,1147097856.0,0.260583877563,1.05607414246,48.792388916,89.6921920776,29.2349243164
4032,0.0150505080819,3681167360.0,0.510761260986,1.61392211914,95.8724975586,65.361618042,34.8563232422
4087,0.01417775359,1771622656.0,0.400291442871,1.34359931946,95.6942214966,69.1327667236,50.5481338501
4098,0.0157841239125,7020494848.0,0.735286712646,2.29700279236,98.2643508911,44.9412117004,0.32729408145
4099,0.0160000622272,4132399616.0,0.533655166626,1.59058189392,66.3129806519,68.217124939,14.2831535339
4105,0.011839568615,1055235264.0,0.368688583374,1.21506118774,73.556098938,78.9560928345,48.4999771118
4123,0.0118662565947,1321830784.0,0.356901168823,1.30672454834,81.6565551758,84.7217941284,55.8801689148
4136,0.00993497669697,2596557824.0,0.658533096313,2.08850479126,87.0201568604,50.3034057617,4.80577135086
4163,0.0130105465651,2015503104.0,0.682950973511,2.16576099396,87.8471450806,51.3568229675,5.68846416473
4166,0.0143453916535,1815200256.0,0.385818481445,1.27537345886,68.7088241577,83.2774658203,48.8286056519
4178,0.0163183938712,2946417152.0,0.544946670532,1.63442230225,52.0692634583,90.5024185181,36.3515129089
4182,0.0132230268791,2564457472.0,0.252836227417,1.04959869385,88.2555236816,51.7074737549,5.29008388519
4191,0.0185224227607,5735925248.0,0.74097442627,2.32213592529,87.7174301147,50.4572906494,5.36260557175
4217,0.0141179161146,1353661056.0,0.473955154419,1.43196678162,79.9732818604,79.1952362061,43.8863220215
4231,0.0158156845719,4215887872.0,0.357307434082,1.26015090942,46.9884757996,80.5260620117,10.4816074371
4242,0.0167769324034,4237022208.0,0.741781234741,2.31031227112,79.9322357178,77.1859893799,42.3214378357
4265,0.0134253548458,1100132480.0,0.289951324463,1.10812187195,55.0998420715,90.4201889038,38.1198348999
4273,0.0143654122949,1798667520.0,0.605474472046,1.90328598022,50.854839325,90.9682922363,33.5225639343
4275,0.0147487930954,3330842624.0,0.319444656372,1.12877082825,53.9746894836,92.6181564331,34.0867271423
4280,0.0119485948235,1732688128.0,0.339401245117,1.21431732178,56.9017753601,81.9892807007,26.8696289062
4290,0.0126759288833,1231229056.0,0.316850662231,1.18413162231,47.5967826843,74.6381225586,7.61585617065
4304,0.0132218394428,2302708480.0,0.528919219971,1.62911605835,74.7164306641,77.8411331177,49.4770812988
4307,0.0164116304368,1214885760.0,0.51647567749,1.53003501892,62.3291244507,88.9901657104,43.0836105347
4325,0.0141128944233,1017278656.0,0.526401519775,1.681848526,88.4645614624,50.9745445251,4.74515342712
4332,0.0143586872146,2344770816.0,0.362922668457,1.24849128723,55.4800186157,79.8158798218,28.1659317017
4347,0.0172228738666,5557345280.0,0.311941146851,1.149477005,83.1351776123,84.6438827515,54.1144752502
4348,0.0135981813073,1854122368.0,0.449546813965,1.3491230011,89.6136779785,52.174949646,2.35536050797
4349,0.0170523151755,6904885248.0,0.661521911621,2.0865650177,86.5419006348,47.7201194763,7.83223867416
4379,0.0142000457272,1601904512.0,0.503931045532,1.61149024963,80.3562011719,84.5907363892,58.0673332214
4398,0.014911561273,1800957312.0,0.681873321533,2.16840076447,87.2610778809,49.0891532898,4.34381532669
4406,0.0149938743562,1033859712.0,0.493919372559,1.58372116089,71.4717254639,76.1558685303,37.3845863342
4408,0.0152962161228,1553323008.0,0.628135681152,1.83813285828,90.5898742676,48.5421600342,3.44041633606
4413,0.0187149066478,16900830208.0,0.767700195312,2.39327049255,87.6727371216,49.9683189392,4.73802757263
4422,0.0140828993171,1628083328.0,0.316091537476,1.1082611084,36.4994316101,82.9091033936,0.140094026923
4427,0.014604090713,3700797952.0,0.388460159302,1.2776927948,69.0225906372,64.6874923706,0.387380450964
4483,0.0163453835994,1513121536.0,0.502571105957,1.63250732422,49.0047073364,90.1975860596,29.2584400177
4501,0.0245863460004,25141954560.0,0.790420532227,2.47097015381,88.24193573,50.7360191345,4.43940639496
4506,0.0127593753859,1697937152.0,0.353857040405,1.22149467468,66.1849746704,89.2806549072,41.7858467102
4530,0.0151440193877,9546895360.0,0.306800842285,1.13502120972,53.9844856262,92.8179779053,34.4001655579
4560,0.010832506232,1065678272.0,0.348459243774,1.19717979431,67.2639312744,65.8362731934,12.6077880859
4593,0.015112680383,1330711680.0,0.457960128784,1.50525856018,74.3572692871,83.4705276489,43.2368469238
4603,0.0117071848363,1203616768.0,0.33865737915,1.13195037842,71.5535125732,73.6168289185,34.8778762817
4616,0.0124331023544,1048767616.0,0.322145462036,1.15886497498,49.3297920227,90.2019119263,29.1138153076
4628,0.0168400630355,5856106496.0,0.412229537964,1.38562583923,78.4184799194,77.9381866455,42.6296310425
4640,0.0137297315523,2517010688.0,0.392112731934,1.31927490234,89.0775909424,54.5838356018,7.78362989426
4650,0.0143088391051,2197791232.0,0.411975860596,1.34559440613,92.589225769,66.2759933472,47.243057251
4707,0.0113305067644,1245460608.0,0.327716827393,1.08291435242,57.2220077515,90.6519851685,41.2180290222
4715,0.0226716566831,12550348800.0,0.713401794434,2.21801948547,75.0291976929,77.1080093384,48.8185195923
4725,0.0133503014222,1158178560.0,0.645551681519,2.06627655029,93.8870239258,72.4716873169,49.3945426941
4737,0.014661109075,1209136768.0,0.487455368042,1.45310974121,77.9457931519,63.6125335693,25.221736908
4744,0.0142872901633,2644143104.0,0.470207214355,1.45137023926,89.5839920044,57.4117126465,11.1651268005
4748,0.0166724454612,2595415808.0,0.61393737793,1.81321716309,80.4707260132,76.4979858398,42.7879829407
4779,0.0125345466658,1421452416.0,0.364664077759,1.19253921509,80.3340072632,53.3701896667,8.30689811707
4781,0.0183021109551,4135614976.0,0.618995666504,1.90572547913,93.6359634399,47.7374610901,2.40601825714
4787,0.0140258772299,2283902976.0,0.243913650513,0.956951141357,93.9603347778,63.8224258423,29.4960174561
4814,0.0161901395768,6560986112.0,0.610439300537,1.87175941467,87.9130020142,49.2623405457,3.79831933975
4815,0.0143113909289,1238686976.0,0.422012329102,1.34029006958,74.8007049561,68.1668014526,28.3464679718
4816,0.0166993830353,3510893568.0,0.63564491272,2.11030006409,87.6254043579,49.3866157532,4.60394716263
4820,0.0187498033047,33852092416.0,0.771175384521,2.41151046753,78.008934021,76.9305038452,42.2084007263
4822,0.0122461644933,1625269504.0,0.356588363647,1.25790977478,59.8540802002,73.1500244141,1.3739105463
4849,0.0130852125585,1166538752.0,0.304550170898,1.11702728271,78.473739624,94.0499572754,73.3636169434
4870,0.00915528088808,1057741312.0,0.388799667358,1.30728340149,50.4262123108,90.867805481,25.897233963
4908,0.0179632790387,3900754176.0,0.476392745972,1.42437934875,98.1984405518,45.1360969543,0.524207651615
4911,0.0147261153907,2056254336.0,0.278638839722,1.03383636475,83.3583831787,53.6634635925,6.94349002838
4938,0.0151092037559,2630993920.0,0.485067367554,1.5094871521,81.4125595093,74.919380188,44.2252731323
4943,0.0190029162914,6709194240.0,0.487018585205,1.52081871033,77.57862854,79.131980896,44.1229248047
4956,0.016316909343,2670778368.0,0.57631111145,1.68627166748,64.8272781372,70.7556610107,19.5087795258
4989,0.0156852416694,1497272064.0,0.471426010132,1.62479019165,38.4815254211,84.9546737671,6.97175931931
4995,0.0157906394452,1606549888.0,0.406211853027,1.3360042572,53.7939720154,97.1830596924,54.0167121887
4997,0.018021967262,8256506368.0,0.507350921631,1.55940818787,53.2344322205,91.3062133789,36.1435508728
5006,0.0151703776792,1316973824.0,0.576887130737,1.75084590912,96.4591903687,77.6864929199,62.2582015991
5028,0.0115214204416,1159144960.0,0.270635604858,1.00399398804,54.5719528198,72.0579147339,2.90472602844
5039,0.0160639304668,3244779776.0,0.663053512573,2.12775230408,85.877571106,48.9026908875,7.52441263199
5042,0.0187201183289,17950836736.0,0.674600601196,1.94725799561,89.5793533325,57.828327179,11.8185338974
5056,0.0135861486197,1170056576.0,0.499305725098,1.53365516663,87.8535919189,73.0822753906,54.6024475098
5058,0.0146116958931,1305874688.0,0.652677536011,1.9752368927,77.7305679321,89.9088592529,63.4609107971
5065,0.0154358912259,1339990656.0,0.463350296021,1.56822013855,59.7815513611,89.6482925415,36.1293792725
5084,0.0140173435211,1070762624.0,0.421613693237,1.30125236511,61.7501029968,99.6928710938,64.2980422974
5098,0.0159137975425,1022299968.0,0.513339996338,1.60580635071,99.3589782715,44.171005249,3.72173237801
5105,0.0118129570037,1093770240.0,0.312919616699,1.20670127869,97.4142608643,46.0269851685,2.24184179306
5123,0.0186085738242,1533586176.0,0.451456069946,1.38297653198,86.9176177979,79.3405761719,57.1419029236
5124,0.0180410258472,4231172864.0,0.692504882812,2.20544433594,92.0254592896,67.2478561401,48.560256958
5156,0.0138131603599,1438499712.0,0.306232452393,1.11332130432,90.3764724731,56.0825614929,7.68789672852
5160,0.0162507258356,2249372672.0,0.322536468506,1.03239059448,93.1893234253,62.4490242004,27.7066001892
5176,0.0122929699719,1026087424.0,0.529424667358,1.70922088623,37.042804718,98.7143783569,31.7849807739
5178,0.0129458000883,1156430208.0,0.688457489014,2.17476844788,97.5674514771,45.749370575,4.70955848694
5202,0.0153850959614,1674941056.0,0.431749343872,1.37747383118,91.3826828003,63.134513855,36.4578018188
5215,0.0165867414325,2200988928.0,0.529178619385,1.60580444336,78.842590332,57.4024734497,9.22719573975
5220,0.0129026705399,1844183680.0,0.424610137939,1.35426521301,64.6655044556,75.471031189,22.5713691711
5229,0.0124490475282,1212458752.0,0.286725997925,1.01776695251,72.9313583374,97.3327484131,83.6588745117
5235,0.0229590367526,15329345536.0,0.395990371704,1.28594970703,76.5312194824,79.8881759644,44.5420722961
5289,0.0127900987864,1177104896.0,0.485397338867,1.53259086609,68.6896591187,84.2112426758,42.2488975525
5294,0.0162643902004,1773777152.0,0.334302902222,1.13572502136,77.6128845215,90.4267730713,73.7537231445
5297,0.0155300162733,1857230208.0,0.59467124939,1.74318695068,81.0926361084,53.2847251892,7.8799200058
5309,0.0121685406193,1080289152.0,0.543687820435,1.67951488495,70.9644012451,83.7011871338,39.0275802612
5316,0.0138892885298,2002519936.0,0.248638153076,0.998178482056,86.3554458618,76.2678909302,46.0258636475
5329,0.0150090167299,2303708160.0,0.355262756348,1.1970615387,46.5790557861,96.8538970947,39.3046607971
5330,0.0149228023365,1607715584.0,0.621761322021,1.81416893005,97.2257766724,45.0294265747,5.21092515555e-05
5337,0.013491448015,1208121728.0,0.591819763184,1.8654718399,97.7633972168,45.7605514526,1.76324021816
5338,0.0137579077855,2368673792.0,0.341073989868,1.15719985962,87.8175811768,48.6391372681,5.9646730423
5342,0.0143982274458,1834073088.0,0.420782089233,1.31399726868,89.0665588379,47.0139503479,6.67230558395
5377,0.0236383527517,34111117312.0,0.606555938721,1.86935043335,79.9477233887,75.6621627808,43.3149452209
5386,0.0157225299627,1057898304.0,0.400556564331,1.34603881836,79.6909179688,78.0980758667,38.7079696655
5439,0.0130195142701,1005484160.0,0.564958572388,1.6645116806,35.5668334961,98.0178604126,38.0085716248
5469,0.0142826000229,1387093632.0,0.532564163208,1.60257911682,90.6817703247,65.3119049072,42.8917808533
5485,0.0152910687029,13727265792.0,0.743579864502,2.30843925476,88.0891189575,50.4662857056,3.56944155693
5497,0.0148813547567,1936791296.0,0.336349487305,1.1378364563,73.3910827637,99.5701904297,87.4954681396
5502,0.0156241580844,2292349696.0,0.490673065186,1.47032356262,99.6424865723,44.5388793945,0.171981349587
5503,0.0189309343696,6762323456.0,0.51943397522,1.53051185608,77.3982086182,76.5216751099,41.9652519226
5504,0.0205921009183,32369684480.0,0.767303466797,2.39883995056,78.8408889771,77.5497512817,42.3710250854
5510,0.0129843158647,2832354560.0,0.357303619385,1.21566009521,89.6204299927,57.3046226501,10.4267492294
5518,0.0155535740778,1949345280.0,0.469680786133,1.62533760071,88.3002319336,47.6225013733,1.74696016312
5561,0.0166992172599,12651155456.0,0.765419006348,2.37544822693,88.5318984985,50.0425186157,4.45608568192
5621,0.013584472239,2039585920.0,0.247049331665,1.01759529114,95.1558761597,65.9404449463,35.0969238281
5640,0.0159857012331,1323826560.0,0.586896896362,1.80427932739,66.4453353882,57.9198532104,1.1869713068
5641,0.015771696344,4372662784.0,0.427640914917,1.38838195801,74.3656005859,78.241394043,39.6764259338
5642,0.0226688664407,25722939392.0,0.765775680542,2.40517044067,78.6046905518,77.4791717529,42.4110145569
5661,0.0141291255131,1428739584.0,0.62361907959,2.02081012726,67.0772247314,72.2476730347,21.8829898834
5694,0.0137021476403,1229336832.0,0.4836769104,1.44769287109,88.0234146118,78.1653060913,48.1005325317
5710,0.0134771103039,1184453888.0,0.448459625244,1.38458824158,81.8367919922,53.2011375427,7.40061712265
5819,0.017023012042,6296624128.0,0.36985206604,1.20295333862,95.621711731,65.985496521,34.7391204834
5820,0.0173528939486,1655162240.0,0.571708679199,1.84673881531,56.1819076538,85.5583572388,28.2537212372
5826,0.0143490694463,1332886656.0,0.320360183716,1.13679122925,94.8161773682,75.4388885498,50.6686859131
5862,0.0125667201355,7155377152.0,0.24880027771,0.941902160645,87.8812103271,51.7311401367,5.14208459854
5887,0.0130976503715,2430052352.0,0.312070846558,1.10696029663,85.9766235352,48.4182739258,7.79225540161
5908,0.0226332079619,20046503936.0,0.537399291992,1.58895683289,94.3500366211,47.1364898682,2.45165228844
5913,0.0154370842502,1413223936.0,0.462718963623,1.52612304688,92.5303268433,66.1375198364,40.1306800842
5923,0.0145618561655,1184709376.0,0.396242141724,1.26817512512,76.6982727051,77.4594345093,47.3450050354
5992,0.0137595757842,1547767936.0,0.450086593628,1.5452709198,86.3572769165,51.8627243042,5.26397514343
5998,0.0155399469659,2077857536.0,0.453382492065,1.43074798584,50.5737991333,90.9584655762,42.9160652161
6005,0.0127088772133,1740563840.0,0.638666152954,2.07025051117,36.5120658875,83.1070709229,7.08709764481
6017,0.0120726898313,1299638912.0,0.376365661621,1.25838661194,68.1282119751,66.986038208,7.11712408066
6027,0.0163980331272,2182575360.0,0.410316467285,1.35195159912,77.6405715942,83.2417526245,64.6050643921
6034,0.0148704815656,1732213888.0,0.423915863037,1.31859779358,53.9087562561,93.2982711792,33.2411346436
6039,0.0118986489251,2194624000.0,0.279523849487,1.08160209656,93.4502258301,62.8790092468,28.3217639923
6044,0.0146086905152,1803032960.0,0.428546905518,1.3593711853,96.0501403809,72.6772079468,49.7732467651
6056,0.0142385093495,1170854656.0,0.508333206177,1.57155418396,51.4370269775,91.2621688843,43.4062423706
6062,0.0113160898909,2533110784.0,0.227584838867,0.905084609985,89.5900726318,57.7538299561,21.3796024323
6068,0.0167826954275,3340311552.0,0.386848449707,1.264087677,84.1739120483,72.0831985474,44.7781257629
6089,0.0182569306344,1915442560.0,0.584899902344,1.70687866211,43.074508667,81.2811431885,5.74364948273
6101,0.0130117628723,2403360768.0,0.331695556641,1.15005302429,43.7909431458,80.5963516235,14.4972286224
6139,0.0192117635161,9198581760.0,0.51088142395,1.58523178101,89.5700454712,58.4169464111,12.2067632675
6155,0.0134746786207,1112950016.0,0.391714096069,1.27592658997,71.0296783447,84.7975997925,55.7925491333
6168,0.0123592605814,1010876416.0,0.331281661987,1.05066680908,78.135345459,94.551399231,66.5676956177
6193,0.021604815498,21236779008.0,0.616395950317,1.8914604187,78.2614517212,77.1415023804,42.1887969971
6200,0.014073590748,1080975104.0,0.443099975586,1.37638664246,95.7368469238,61.0664024353,24.2797260284
6204,0.0119661586359,1936753792.0,0.289222717285,1.08218383789,70.6562957764,72.9635543823,30.5414333344
6244,0.0142498863861,1731915648.0,0.481298446655,1.49743080139,50.824005127,91.3650894165,40.5481376648
6271,0.0139657622203,2389039872.0,0.28816986084,1.12018966675,84.0394744873,48.9170417786,2.64489769936
6276,0.0116669265553,1225541504.0,0.38466835022,1.29295539856,76.6797790527,60.452255249,12.7737016678
6299,0.0155078852549,3815439872.0,0.366226196289,1.22527313232,48.3172225952,87.6317825317,29.7692604065
6321,0.0158105175942,5041139200.0,0.459093093872,1.58263587952,78.4088287354,78.830039978,42.612323761
6322,0.0120790777728,2063411712.0,0.345518112183,1.15202713013,86.9857177734,77.681930542,46.3468818665
6336,0.0178786553442,2102172800.0,0.475122451782,1.43313407898,81.6434783936,57.7716674805,5.94118452072
6337,0.02557563968,21915942912.0,0.616788864136,1.83528327942,78.1416778564,77.555519104,42.7994842529
6389,0.0167509224266,1522676224.0,0.390844345093,1.20588111877,46.932182312,96.1311416626,46.5275611877
6400,0.0196864996105,14078296064.0,0.582332611084,1.74340248108,88.0643157959,50.4652366638,4.7653169632
6420,0.0168522130698,4211838464.0,0.557493209839,1.71412658691,93.9812011719,47.8767547607,3.10048818588
6439,0.0158412437886,2273414144.0,0.45304107666,1.4981212616,92.0620880127,45.5457801819,6.98232603073
6442,0.0221913959831,11168960512.0,0.650217056274,1.97978591919,78.6674499512,77.4156417847,42.7062988281
6457,0.0171157736331,3262036480.0,0.635454177856,1.95040893555,48.6364021301,88.9535140991,30.4538784027
6473,0.0151530997828,1728792960.0,0.462617874146,1.38857269287,50.9360809326,94.638458252,47.6030578613
6483,0.0131144663319,3169010176.0,0.399032592773,1.35284042358,75.5407333374,82.6831512451,42.0980987549
6592,0.0121622504666,2310527488.0,0.251216888428,1.02252388,85.2209320068,48.5640869141,5.46195316315
6601,0.0170377008617,2083679744.0,0.582412719727,1.72321128845,75.8450241089,68.9559783936,29.0433692932
6605,0.0153694227338,1780976896.0,0.472909927368,1.50486373901,74.1331710815,99.6065368652,78.3843994141
6640,0.0169403590262,4543261184.0,0.409456253052,1.42273139954,89.3396606445,50.585067749,4.02597856522
6655,0.0148172583431,1112057984.0,0.490274429321,1.5140914917,85.6836242676,51.0366401672,2.73043298721
6666,0.0124188475311,1589018240.0,0.280843734741,1.10632705688,89.2037658691,77.4939956665,48.3192634583
6673,0.0158308036625,2668976384.0,0.504642486572,1.64951515198,88.4908447266,57.8962554932,28.7337398529
6688,0.0132676148787,1601543168.0,0.426725387573,1.3589515686,96.2821807861,72.4486465454,47.754032135
6695,0.0127325067297,1178652544.0,0.336698532104,1.11303710938,75.2152709961,84.3358535767,47.1786346436
6702,0.0160534530878,3877577216.0,0.348642349243,1.20637321472,95.2351913452,66.9386444092,46.5125427246
6715,0.0142733249813,2312058624.0,0.427635192871,1.33889770508,49.869758606,90.6465301514,39.5390739441
6720,0.0136404242367,1084352640.0,0.330247879028,1.16159057617,81.4361877441,51.649471283,7.42713022232
6750,0.0150288706645,1564453504.0,0.414848327637,1.39049339294,43.9777526855,83.0485839844,2.98833870888
6768,0.0130913592875,1056324096.0,0.447834014893,1.36529159546,83.2597961426,78.2063674927,47.7182388306
6776,0.013641230762,1788910080.0,0.371589660645,1.29490089417,79.0517654419,92.0637893677,76.3624801636
6812,0.0129631254822,1445034624.0,0.5227394104,1.5429058075,44.9028930664,97.5275726318,46.918006897
6818,0.0236760471016,39691272192.0,0.666282653809,2.00911140442,77.9514770508,76.9860534668,42.2738227844
6819,0.0234736837447,30437591040.0,0.792806625366,2.46124076843,88.0515213013,50.122089386,4.42053890228
6840,0.0150025784969,1059995968.0,0.36209487915,1.26650238037,62.6979179382,97.9481048584,64.7033843994
6841,0.0170015152544,2639602432.0,0.635124206543,1.97515678406,49.6522789001,84.4274215698,11.1145420074
6872,0.0183402001858,3265596928.0,0.527812957764,1.51672363281,57.0945587158,83.6342010498,26.0840702057
6909,0.0178831331432,1900195840.0,0.586048126221,1.77416992188,78.9878082275,95.2107086182,73.038444519
6912,0.0155185256153,1300510976.0,0.524532318115,1.63015174866,35.0514450073,98.5715103149,36.9249038696
6932,0.0196537077427,7007985152.0,0.57155418396,1.7373790741,85.7207946777,48.8283920288,8.38051795959
6934,0.0197141505778,11126843392.0,0.630168914795,1.84302139282,87.7874450684,50.4749946594,2.58044934273
6938,0.0163298211992,3014951168.0,0.552755355835,1.71481895447,99.4457626343,56.9352989197,24.3832702637
6944,0.0107811624184,3987726592.0,0.266799926758,1.0617980957,97.0697174072,72.1286849976,48.9864654541
6956,0.0162769928575,5191783424.0,0.508714675903,1.66701316833,78.5062255859,76.2790145874,41.6484222412
6980,0.0148151731119,1890235136.0,0.517457962036,1.61018562317,52.6842575073,82.3406524658,18.3345661163
6986,0.0147652924061,1504048128.0,0.605707168579,1.86573123932,39.1968307495,98.2889251709,40.061542511
7004,0.0165480673313,2525466112.0,0.503681182861,1.55113983154,55.7355079651,70.4819107056,2.23824238777
7013,0.0233063735068,18215049216.0,0.780302047729,2.43911743164,87.0270614624,51.6569252014,5.12610149384
7030,0.0139833018184,1481511680.0,0.464883804321,1.43625068665,53.9619140625,96.6465454102,52.6947059631
7038,0.0129114771262,1107391232.0,0.349443435669,1.17836380005,51.3990402222,73.7978820801,9.22962284088
7065,0.0172908958048,4984027648.0,0.395641326904,1.31458854675,59.9711608887,89.4483032227,42.3294067383
7069,0.0197962578386,12600235008.0,0.464378356934,1.4152431488,68.2685089111,65.7419128418,7.18645048141
7072,0.0151692433283,1955080448.0,0.335193634033,1.2140750885,35.2705726624,98.5434188843,34.5858840942
7081,0.0160548184067,4455135744.0,0.366249084473,1.22225379944,82.3561325073,57.1909790039,5.94759988785
7091,0.0176698137075,3724803840.0,0.383451461792,1.19783782959,70.5094070435,81.9879379272,51.4897956848
7107,0.0135049680248,1335374208.0,0.556768417358,1.78385257721,59.3740997314,81.0691986084,15.9888772964
7109,0.012536094524,1084026752.0,0.521446228027,1.59320449829,67.0272293091,84.9027709961,43.3016891479
7112,0.0152858849615,1737297792.0,0.38205909729,1.25890350342,49.8968200684,88.9017486572,27.6101360321
7122,0.0167594142258,6388196352.0,0.6774559021,2.16928863525,88.708442688,51.1998252869,3.62732577324
7132,0.0148851973936,1604674048.0,0.515844345093,1.59325790405,59.4690208435,97.8012084961,53.4814071655
7143,0.0134397046641,1135128832.0,0.489715576172,1.48985862732,60.3631668091,70.1656265259,5.1080327034
7148,0.0226024705917,26884902912.0,0.635263442993,1.9249458313,78.1407928467,76.9554443359,43.1595153809
7216,0.0146543188021,1701313792.0,0.358966827393,1.19081115723,70.364654541,82.1631698608,47.3164634705
7300,0.0118588777259,1712272512.0,0.271703720093,1.02706718445,62.0075073242,99.4621658325,65.0717086792
7302,0.0152477193624,3241473024.0,0.373010635376,1.23918914795,46.9796905518,95.0199050903,44.2143821716
7306,0.0133472736925,1388050816.0,0.17945098877,0.800285339355,47.7123069763,81.9817276001,6.76698875427
7310,0.0157716646791,3763767296.0,0.417503356934,1.32669067383,98.4340820312,70.4604644775,48.7091941833
7324,0.0172038003802,9261724672.0,0.446210861206,1.46684265137,80.2980499268,81.1410064697,43.070602417
7326,0.0169487968087,2457380096.0,0.53649520874,1.6266784668,56.3358917236,70.1778793335,1.62029647827
7330,0.0194306857884,15482588160.0,0.450223922729,1.47091674805,65.9422225952,68.3929748535,14.6672067642
7341,0.0144876949489,1052220096.0,0.449731826782,1.4031791687,73.7352218628,84.4935302734,52.4069786072
7355,0.0113605391234,1187423360.0,0.455987930298,1.47553825378,81.6661148071,65.0054702759,28.1639137268
7357,0.0142396995798,1067214016.0,0.389574050903,1.27885437012,41.2259979248,87.2028656006,8.6900510788
7362,0.0161443948746,3243586304.0,0.411445617676,1.35634803772,40.1933860779,99.9125442505,29.4020214081
7365,0.0151644311845,1703103744.0,0.422914505005,1.31558036804,78.6356964111,93.6927261353,73.0037078857
7368,0.0165505558252,2530598144.0,0.326234817505,1.11756896973,91.4435882568,45.6966400146,7.95190477371
7378,0.0141689153388,1431532928.0,0.561769485474,1.79903697968,73.6345291138,98.3675384521,69.7301177979
7389,0.0118612851948,1022143872.0,0.326902389526,1.09639549255,45.715549469,96.0439453125,46.4607620239
7415,0.0179008468986,3453297664.0,0.504161834717,1.49666023254,99.9387054443,52.834941864,25.8753643036
7434,0.0142163392156,1620634752.0,0.519319534302,1.62148094177,76.9299697876,78.7478408813,45.6378211975
7454,0.0129712065682,1030637248.0,0.318920135498,1.08717346191,76.776473999,72.3093338013,30.8418369293
7469,0.0130213228986,1593689088.0,0.378953933716,1.33358955383,56.3539237976,91.1366882324,36.3885345459
7470,0.0131447380409,1187516288.0,0.384023666382,1.27942466736,56.5011940002,66.5704574585,0.337643295527
7480,0.0208700373769,10815613952.0,0.586214065552,1.71748733521,78.1026306152,76.7975692749,42.6484451294
7487,0.010118608363,1489388800.0,0.218282699585,0.960865020752,78.0571975708,95.1921005249,74.9559936523
7497,0.0161374192685,2045410688.0,0.504503250122,1.56621742249,76.0870437622,78.6139144897,45.9296531677
7515,0.0156740304083,3900059136.0,0.416328430176,1.31509208679,48.0439682007,88.2865447998,30.1889648438
7544,0.0181086044759,10215833600.0,0.508241653442,1.71069717407,78.2175827026,76.1729812622,41.7038764954
7546,0.0135144861415,2180098304.0,0.375288009644,1.27360343933,97.0019302368,71.026473999,49.2973175049
7554,0.018941367045,36079038464.0,0.726516723633,2.31280326843,77.7625350952,77.0242996216,42.3794517517
7555,0.0170832425356,2425967872.0,0.438289642334,1.39992713928,48.8300628662,90.2044219971,28.9194393158
7564,0.0147168878466,4482105856.0,0.29220199585,1.04286003113,68.0914916992,86.7170181274,41.1564064026
7566,0.0186225026846,8252115968.0,0.392810821533,1.25618362427,77.0019302368,78.6504898071,43.9420852661
7569,0.0192824415863,15865162752.0,0.627243041992,1.93648338318,87.8957290649,48.8981552124,4.96774101257
7574,0.0143607798964,1522493184.0,0.432146072388,1.44450569153,54.9501457214,72.7757110596,4.74404430389
7586,0.0162018164992,6568619520.0,0.466835021973,1.4844455719,75.6033401489,76.9985733032,41.4382171631
7620,0.0145628694445,1403110016.0,0.556070327759,1.72522926331,93.7161712646,65.7886123657,51.1974220276
7638,0.0163409560919,2863719936.0,0.4088306427,1.31205940247,92.5496826172,65.1625823975,47.2861442566
7670,0.0258275140077,31504838656.0,0.778562545776,2.44051742554,78.4058914185,78.2984313965,43.319644928
7671,0.0155502120033,2483196672.0,0.364866256714,1.22227859497,77.240486145,55.5757751465,10.2648544312
7673,0.021798890084,10641887232.0,0.519607543945,1.59946632385,95.0715408325,66.3490447998,34.8926239014
7683,0.0219348464161,17944893440.0,0.577611923218,1.76901054382,77.4411239624,77.3715286255,42.8825340271
7686,0.0131192402914,1122903936.0,0.495527267456,1.5355758667,80.8706741333,61.1992683411,21.6557388306
7688,0.0175710339099,13312151552.0,0.353687286377,1.19725227356,47.5496292114,73.483505249,7.02060985565
7701,0.0130084967241,1260737792.0,0.325157165527,1.15669059753,90.5015487671,56.6726913452,14.835439682
7706,0.0162659678608,4009552896.0,0.385547637939,1.2274646759,56.8517150879,89.8857040405,40.9149055481
7713,0.021619990468,31200397312.0,0.693479537964,2.09848213196,87.7169265747,49.7382507324,4.68850469589
7765,0.0177150070667,5948626944.0,0.412294387817,1.32905387878,53.6193466187,91.0813522339,35.1456108093
7775,0.013467585668,1132741632.0,0.398208618164,1.31378173828,51.3595848083,78.424697876,3.70813989639
7804,0.0137586928904,2615518976.0,0.326360702515,1.16053199768,50.1868972778,71.9046401978,4.79841327667
7814,0.0129367113113,1442777600.0,0.285146713257,1.07511329651,85.4286727905,51.2672157288,5.01064443588
7831,0.0144687676802,2176904960.0,0.324413299561,1.19692420959,70.3163452148,62.5283699036,8.08857727051
7832,0.0135921947658,1865206528.0,0.691303253174,2.1143913269,44.6447143555,97.6984710693,37.69789505
7851,0.0163283459842,2072426624.0,0.502830505371,1.53898429871,84.095123291,79.0505828857,48.3455123901
7860,0.0148908393458,1988481536.0,0.437700271606,1.4271068573,92.6812973022,61.0582885742,25.92420578
7879,0.0209962837398,10879791104.0,0.546092987061,1.67764472961,77.0337753296,76.8204727173,43.0384864807
7880,0.0180353410542,10250141696.0,0.24730682373,0.932744979858,79.0113449097,77.0637588501,42.7515563965
7894,0.0141171589494,3341991680.0,0.292911529541,1.09104156494,88.3614578247,51.9150848389,4.41667556763
7897,0.0233961902559,22580326400.0,0.646842956543,1.95135879517,77.5672454834,77.5910568237,42.8094825745
7904,0.0170976482332,8274811904.0,0.319700241089,1.15321922302,86.2141952515,51.202129364,5.46766042709
7936,0.0190039817244,33794973696.0,0.75216293335,2.35015106201,75.3175964355,76.7353515625,48.9120674133
7945,0.0150203267112,1495046912.0,0.352390289307,1.12741470337,93.755241394,46.1167793274,9.11406230927
7968,0.0135721284896,2596299776.0,0.256879806519,1.00874710083,76.0645675659,75.0598220825,41.7174072266
7997,0.0163011066616,3032523776.0,0.421789169312,1.33676338196,86.7614212036,80.9707183838,52.4134712219
8047,0.0130977174267,2001175168.0,0.291845321655,1.02450752258,62.3648681641,88.3086853027,37.9170646667
8050,0.0233732257038,14596731904.0,0.39107131958,1.29926109314,78.2143096924,77.7981185913,42.3717918396
8057,0.0170838497579,2855233024.0,0.607351303101,1.88479614258,59.3226966858,84.5055160522,36.4366226196
8092,0.0136474082246,3991294720.0,0.347652435303,1.23624420166,70.3018951416,95.7358169556,74.6019821167
8108,0.0163515266031,3105328384.0,0.473173141479,1.48767852783,38.7542037964,98.0527877808,42.1197776794
8179,0.0170351006091,3694277376.0,0.410375595093,1.37752723694,66.5486679077,98.4972839355,67.760269165
8191,0.0169091243297,2897798144.0,0.514406204224,1.52711296082,96.3740005493,66.0747070312,52.1569213867
8203,0.0150142181665,6434129920.0,0.331026077271,1.12056922913,92.8479385376,76.6498565674,50.5639533997
8206,0.0129210501909,4171914752.0,0.413461685181,1.33627700806,95.972366333,72.2803268433,52.5121154785
8216,0.0179494265467,3159479296.0,0.637630462646,1.98298454285,67.6222457886,72.6660842896,22.3425445557
8247,0.0183444954455,2971518464.0,0.566387176514,1.66108894348,84.5831069946,83.2485809326,52.4334831238
8260,0.0143617643043,2241560064.0,0.506795883179,1.54557609558,67.6167907715,85.4124984741,45.7325210571
8269,0.0165599863976,5560258560.0,0.369661331177,1.23628044128,89.6521835327,58.1270179749,13.9473142624
8287,0.0242719575763,61400772608.0,0.77751159668,2.44123268127,77.9334716797,76.9492950439,42.3546485901
8317,0.0137152038515,2181920512.0,0.399688720703,1.30727005005,37.5739898682,95.162361145,34.1220741272
8331,0.0144808292389,2501601024.0,0.442586898804,1.38572502136,89.288848877,54.0275421143,4.20761060715
8334,0.0129065606743,3724218112.0,0.261108398438,1.00525856018,97.5769577026,46.1349182129,6.66786527634
8337,0.0186902210116,4706566656.0,0.617963790894,1.89992141724,80.8057327271,74.2600021362,42.8389701843
8345,0.0166047811508,3427802368.0,0.405303955078,1.29089927673,78.0655441284,90.970123291,64.1024780273
8409,0.017171824351,3431767808.0,0.577238082886,1.75385856628,96.4960250854,46.7663192749,12.7177190781
8420,0.014133808203,2140601088.0,0.344091415405,1.17321968079,48.3818054199,73.6495819092,4.82124710083
8434,0.0114211188629,1846636416.0,0.316007614136,1.14611053467,73.8942337036,83.4897460938,43.3388786316
8515,0.016716748476,3409222912.0,0.546993255615,1.65783309937,62.7573776245,65.1032867432,9.57287788391
8519,0.017312945798,3917782784.0,0.492847442627,1.50159454346,93.7460784912,63.2406196594,27.9295463562
8529,0.0147774647921,1998024320.0,0.385833740234,1.28923988342,69.8316116333,83.0359268188,46.5026931763
8579,0.017690513283,5932854784.0,0.459775924683,1.41591453552,76.0022659302,76.8952407837,46.986328125
8604,0.0162062607706,3782586112.0,0.414651870728,1.38087654114,94.7098693848,75.6645050049,65.0719528198
8614,0.0139620928094,2664471552.0,0.351499557495,1.2294921875,93.3828353882,65.8475723267,45.8254127502
8636,0.0170577317476,5433673216.0,0.424352645874,1.35391426086,90.5205001831,59.1732826233,25.0307617188
8667,0.0176778677851,3915341312.0,0.511651992798,1.61248397827,78.5016098022,57.725982666,9.50605487823
8679,0.0145232165232,2069778688.0,0.36840057373,1.23435592651,77.9385147095,61.3467597961,15.2937469482
8696,0.0162731427699,4679665664.0,0.498823165894,1.49485588074,70.5924224854,57.843208313,4.8385014534
8705,0.0130628943443,2311062784.0,0.381732940674,1.27234268188,87.5485687256,71.9947433472,55.0112304688
8712,0.0204098820686,6732225536.0,0.575687408447,1.71475028992,74.8770599365,77.4919662476,49.1956596375
8734,0.0123574770987,1966102656.0,0.364513397217,1.21714782715,94.7229232788,66.633140564,50.9932136536
8736,0.0153109291568,6698831360.0,0.282411575317,1.01976203918,77.1044845581,78.631401062,43.7826728821
8750,0.0115291988477,2638070272.0,0.218555450439,0.97216796875,94.381980896,64.2569198608,30.9264259338
8774,0.0163043923676,2009559680.0,0.328311920166,1.12679290771,78.2865066528,63.1986122131,24.8545036316
8781,0.0153091847897,2476878592.0,0.371099472046,1.28343963623,91.9798278809,45.9385414124,6.13851118088
8790,0.0112623460591,1020442496.0,0.336503982544,1.31169319153,68.3839797974,86.9536590576,41.2169570923
8793,0.0203922409564,14261177344.0,0.429496765137,1.37384033203,53.8542137146,91.1652374268,36.477935791
8796,0.0152038754895,4215732480.0,0.346357345581,1.20203971863,59.6421203613,93.7705230713,61.3694534302
8811,0.0137269943953,2751302144.0,0.340698242188,1.18714523315,97.6967010498,46.314907074,6.0490489006
8824,0.0162974540144,3221557248.0,0.563758850098,1.71973991394,79.3147277832,85.7203292847,62.2665634155
8844,0.0144247543067,6843760128.0,0.362133026123,1.2364730835,69.7396087646,72.6996002197,28.6214523315
8847,0.018438776955,4458755584.0,0.491899490356,1.45143318176,40.1991996765,96.848815918,40.8927536011
8882,0.0170649904758,3750755840.0,0.619344711304,1.93041610718,46.7530479431,95.3426208496,43.4067306519
8885,0.0156700722873,2526511872.0,0.499351501465,1.53846359253,78.6005554199,92.584197998,76.2725753784
8888,0.0187437981367,6081532416.0,0.515943527222,1.69804954529,93.7553405762,65.5844573975,38.2620391846
8911,0.0163606368005,7105550336.0,0.399858474731,1.31275558472,66.3775405884,67.4603881836,12.2772779465
8913,0.0149271991104,3437395456.0,0.278129577637,1.01887512207,90.1426086426,57.4731140137,22.3092403412
8919,0.0187521576881,4267769088.0,0.482494354248,1.4962387085,81.9364242554,62.7417869568,22.9356021881
8930,0.0153314983472,2196639744.0,0.354383468628,1.22476959229,75.244140625,82.7826538086,58.9942741394
8934,0.0253677964211,44913471488.0,0.707807540894,2.14583206177,95.5005493164,65.7303848267,34.6154136658
8972,0.0164760295302,4604434432.0,0.460046768188,1.41203308105,71.2388305664,83.3466567993,47.4692268372
8984,0.0192358903587,10528583680.0,0.402381896973,1.32906150818,91.2852554321,74.8814163208,47.9094848633
8992,0.0158086679876,2859352576.0,0.371683120728,1.24836349487,98.9984588623,79.4439163208,73.406791687
9003,0.0255463905632,90988199936.0,0.788946151733,2.48592948914,78.5040130615,77.7279281616,43.1306724548
9014,0.0144339315593,2244945920.0,0.312456130981,1.12787437439,63.515914917,90.8774414062,46.304309845
9020,0.0238436982036,36878565376.0,0.554832458496,1.65601158142,75.0601119995,77.2157211304,39.9989852905
9040,0.0120107652619,2790596864.0,0.206659317017,0.892875671387,89.5597839355,54.7593612671,7.88280344009
9042,0.0182140637189,4546787328.0,0.511602401733,1.56538581848,62.7655105591,93.9964141846,49.8406944275
9057,0.0139166330919,1879627904.0,0.381078720093,1.29618835449,44.1124954224,74.7553100586,0.340855389833
9079,0.0142144421116,2689149440.0,0.349853515625,1.18009376526,78.7757415771,52.9193878174,7.34355306625
9097,0.017529565841,4956643328.0,0.500423431396,1.56456375122,90.9091873169,62.9625854492,36.6503868103
9109,0.0174088682979,3989138688.0,0.328882217407,1.06119346619,94.8156433105,66.1771087646,37.3753890991
9116,0.0132556948811,2784119296.0,0.346300125122,1.22861862183,80.4968032837,60.8877906799,5.9772644043
9185,0.012557240203,2976159744.0,0.383817672729,1.2968044281,40.4745101929,99.3645477295,30.0666675568
9186,0.0174677297473,4170643456.0,0.361251831055,1.20488548279,94.4675750732,66.2666320801,37.781578064
9192,0.0140868164599,2960313088.0,0.349277496338,1.2372379303,67.2282562256,85.5478210449,44.3561592102
9196,0.0181054398417,4647451648.0,0.549844741821,1.63878250122,52.554775238,90.1190109253,36.2691268921
9198,0.021868724376,13188486144.0,0.467485427856,1.43459320068,54.1509933472,91.5843887329,36.4732475281
9231,0.0192497037351,6920255488.0,0.529947280884,1.62182235718,64.7602233887,70.0940322876,13.4817714691
9232,0.0162300541997,5172348416.0,0.428123474121,1.37970542908,44.2922477722,98.1141586304,39.5246620178
9236,0.0175375044346,5281899520.0,0.526012420654,1.63428497314,75.3545913696,81.121673584,45.6593856812
9283,0.0119301499799,1187124480.0,0.279884338379,0.995603561401,53.7947654724,98.1447753906,53.165561676
9289,0.0187734235078,25191059456.0,0.766851425171,2.39848518372,78.1887969971,77.4184265137,42.3355026245
9304,0.0138066001236,1244204672.0,0.246511459351,1.0304813385,63.7547683716,87.8714904785,41.7111778259
9311,0.014537232928,4763674624.0,0.263034820557,0.986686706543,50.1593055725,83.5933074951,10.7983407974
9357,0.0184874664992,6057899520.0,0.485774993896,1.51702880859,93.2871322632,65.8781967163,39.0009651184
9369,0.0201092287898,6774430208.0,0.647647857666,1.93496131897,65.2555389404,73.5403366089,23.042514801
9371,0.013300142251,2911643392.0,0.284412384033,1.08289337158,71.7917480469,68.6339950562,13.303399086
9383,0.0173542499542,3159699712.0,0.454233169556,1.43437957764,40.7660293579,87.5036697388,7.21532297134
9425,0.0154772019014,2413103616.0,0.332860946655,1.0870552063,59.2812843323,80.3237991333,27.4175949097
9428,0.0161892380565,3609857280.0,0.48240852356,1.44763374329,92.198059082,42.7532196045,5.13514041901
9432,0.0177100393921,4871558656.0,0.355512619019,1.17724990845,90.3029251099,56.3598747253,8.64748191833
9458,0.0153256515041,4216901376.0,0.425626754761,1.39895629883,82.9268341064,78.4025650024,44.7658653259
9464,0.0197016298771,11808988160.0,0.450986862183,1.42379570007,53.8496704102,92.1469039917,34.8588981628
9471,0.0150182638317,4719300096.0,0.345691680908,1.20287513733,66.2331390381,67.0690460205,13.8935518265
9473,0.0165487788618,6493127168.0,0.250703811646,1.00421714783,58.0731010437,83.6977539062,25.5865573883
9500,0.0192344915122,8873486336.0,0.371606826782,1.22846031189,76.1107711792,79.908454895,45.2184295654
9522,0.0160838346928,2973896448.0,0.360347747803,1.22735595703,90.9113235474,53.61901474,5.17119884491
9538,0.0164743680507,4133733888.0,0.463188171387,1.44511032104,75.4119720459,60.5311775208,11.8320922852
9571,0.0170516185462,4648587264.0,0.516721725464,1.58299827576,44.2590522766,99.0477676392,37.9334220886
9585,0.0174612924457,5169953280.0,0.397638320923,1.31212615967,84.01953125,48.8968734741,4.36359834671
9611,0.0208442490548,32002476032.0,0.689348220825,2.08691215515,88.4506378174,50.5309143066,3.64860606194
9614,0.0156252551824,3466081536.0,0.246482849121,0.958042144775,62.2381439209,99.4233322144,55.8666419983
9630,0.0167160984129,9100169216.0,0.38250541687,1.2665271759,93.6471710205,58.9943656921,18.154335022
9648,0.0142993126065,3963260672.0,0.447456359863,1.4082698822,99.940032959,81.3628845215,71.5927429199
9657,0.0194812901318,14637752320.0,0.459175109863,1.40414810181,97.7741165161,45.3113594055,0.907109200954
9706,0.0210865996778,13779923968.0,0.615650177002,1.8443069458,53.5066223145,91.2366333008,35.5596122742
9720,0.0178950037807,6992532992.0,0.429100036621,1.33882331848,76.2841796875,60.5564537048,11.9680194855
9766,0.018878210336,12338658304.0,0.387714385986,1.2588558197,78.9211883545,76.9877319336,39.8531532288
9782,0.014648925513,3924103424.0,0.413822174072,1.33702278137,34.3109855652,84.2979354858,7.69419002533
9787,0.0158480536193,6962415104.0,0.507659912109,1.57747650146,85.4764022827,49.6506729126,9.99126338959
9794,0.017487347126,4791617024.0,0.408823013306,1.28430366516,94.2258987427,92.5410690308,84.3741073608
9814,0.0167666934431,7146992128.0,0.360908508301,1.222240448,92.6491928101,76.3654022217,50.4238853455
9823,0.0147664193064,18164031488.0,0.742418289185,2.30899620056,69.1819763184,64.5388565063,1.130402565
9829,0.0143746295944,4540059648.0,0.324594497681,1.13622665405,96.5436859131,71.5899353027,48.5516777039
9850,0.0160146038979,5672751104.0,0.47966003418,1.46887207031,76.0152053833,86.3588256836,51.0549697876
9873,0.0154609037563,4905976320.0,0.406332015991,1.27053451538,70.8391723633,69.1245193481,14.3371620178
9878,0.0195037610829,4827570688.0,0.566619873047,1.70634078979,45.5845489502,84.9344024658,6.59368515015
9879,0.0162453725934,4576803328.0,0.312351226807,1.13523483276,73.5483474731,68.1381835938,27.8514137268
9894,0.0208578389138,21735317504.0,0.774557113647,2.4231300354,53.8005752563,91.6841125488,36.0281066895
9911,0.0134122325107,3604159232.0,0.256977081299,0.997287750244,47.8544235229,84.58203125,26.849395752
9912,0.0152528332546,4041364480.0,0.556547164917,1.67188262939,78.0397949219,90.7648696899,72.8978652954
9947,0.0247949957848,29477588992.0,0.57986831665,1.68142700195,79.8671951294,75.5392913818,43.4623146057
9948,0.0201719924808,8324767744.0,0.522109985352,1.60451889038,73.691192627,70.6380081177,31.2425346375
9988,0.0162441972643,6649780736.0,0.354236602783,1.20969581604,99.6806411743,81.0826644897,72.2385787964
10050,0.0206243600696,12508834816.0,0.391500473022,1.30708312988,89.2735137939,60.6051254272,32.2625694275
10073,0.0148673728108,4972492800.0,0.294849395752,1.09537315369,75.3176116943,85.6042785645,50.1732826233
10089,0.0160463806242,7271437824.0,0.489135742188,1.52940559387,54.6285552979,78.0297470093,9.61914730072
10120,0.0198139380664,16910486528.0,0.337749481201,1.17476654053,69.977935791,81.9146728516,51.4995727539
10124,0.0189456995577,10682350592.0,0.407154083252,1.33629798889,70.777961731,62.6735229492,10.8092794418
10130,0.0126835480332,3777892352.0,0.432579040527,1.39867973328,81.5150375366,61.3383178711,22.0983047485
10166,0.023733234033,32534315008.0,0.532554626465,1.58368110657,94.2833251953,47.0909576416,2.54081463814
10197,0.0152061060071,4743728128.0,0.321271896362,1.16013145447,47.1403961182,73.042388916,5.08540916443
10198,0.0140699697658,5592136192.0,0.338087081909,1.1971206665,69.9126281738,60.5448799133,4.21095848083
10206,0.0132675571367,4660930048.0,0.607097625732,1.90204620361,77.9403381348,68.1384887695,16.1022186279
10211,0.0153868552297,6770524160.0,0.319875717163,1.10052680969,97.7076873779,69.1850128174,55.7719612122
10258,0.0186904575676,15975983104.0,0.40419960022,1.31165504456,47.7803535461,78.8753051758,10.0014429092
10265,0.0194631405175,8988817408.0,0.456548690796,1.43260192871,74.1590805054,83.9694366455,56.8456192017
10271,0.020836558193,8723909632.0,0.55034828186,1.65929603577,99.3986129761,68.9139404297,49.5861358643
10276,0.0133578153327,3268907264.0,0.47918510437,1.61366653442,96.2208862305,87.6027069092,77.8549041748
10278,0.0170595645905,5866289152.0,0.360277175903,1.23401260376,65.8184051514,67.9580612183,10.3961744308
10303,0.0172105617821,5000317440.0,0.685121536255,2.11960792542,66.1705856323,68.947479248,7.11879396439
10306,0.0176208708435,6923645952.0,0.427419662476,1.37780952454,47.9307975769,81.7625732422,7.74794578552
10325,0.0181090347469,4581887488.0,0.514675140381,1.54595756531,62.3994750977,89.5841445923,43.1175422668
10326,0.0180028956383,8823230464.0,0.326791763306,1.16578292847,87.5506286621,80.7516784668,52.5565605164
10334,0.0203512869775,10895559680.0,0.453645706177,1.40893363953,91.1932449341,58.1934776306,15.653758049
10365,0.0199267659336,11472786432.0,0.454423904419,1.41510009766,80.4647216797,78.108001709,38.2555084229
10381,0.0202683005482,11567614976.0,0.608011245728,1.86904335022,84.3038024902,72.3530197144,45.0384178162
10384,0.0162886772305,12598977536.0,0.463409423828,1.5007686615,72.885887146,82.3737640381,39.8422012329
10401,0.0182682964951,9160987648.0,0.398887634277,1.31369018555,76.6104812622,76.4723129272,40.5689888
10406,0.0145064396784,5893967360.0,0.29688835144,1.09097862244,74.8961334229,97.7359771729,80.2645492554
10413,0.0199298933148,28039911424.0,0.411645889282,1.327709198,96.1608886719,77.1514663696,62.472568512
10417,0.017658887431,6172275712.0,0.348260879517,1.21110725403,79.4463424683,84.6320343018,59.7657318115
10439,0.0161396469921,5826144768.0,0.620094299316,1.89196968079,56.5822982788,83.164642334,27.160528183
10441,0.015538867563,6403854336.0,0.475843429565,1.50495529175,78.7120361328,84.1313552856,61.514541626
10448,0.0192610006779,13932005376.0,0.485610961914,1.49070739746,36.4191131592,98.3645324707,39.1123275757
10467,0.0157101657242,4899693056.0,0.336589813232,1.17825508118,66.7430496216,67.9314117432,12.2773113251
10484,0.0227832812816,39856111616.0,0.685470581055,2.02882957458,87.8243103027,49.8750648499,5.02750349045
10489,0.0220874808729,11779508224.0,0.432828903198,1.35886192322,77.9322433472,53.9488143921,8.5131521225
10493,0.0134102767333,5143985152.0,0.279243469238,0.985633850098,70.1346740723,94.7427902222,74.6488418579
10508,0.0178057104349,7501349376.0,0.349605560303,1.15982437134,78.4589691162,74.8280792236,37.7169342041
10517,0.0221971217543,16314403840.0,0.556522369385,1.6827545166,89.1953201294,50.4829978943,3.63780927658
10518,0.0189053025097,13616542720.0,0.519859313965,1.5897769928,90.0870895386,61.0342025757,32.1129074097
10561,0.0174467638135,10555706368.0,0.363981246948,1.23109436035,47.6070709229,74.8679580688,8.12830448151
10568,0.0199287459254,9153442816.0,0.521287918091,1.56440544128,82.5910873413,49.3238868713,5.644759655
10627,0.0202820878476,24831485952.0,0.667078018188,1.9999294281,89.5080490112,57.4118003845,12.1283683777
10628,0.0195911619812,11294363648.0,0.573986053467,1.76798439026,95.7909545898,69.6240081787,48.2353858948
10676,0.0141518870369,4756993536.0,0.356653213501,1.31033706665,67.3359451294,69.9333496094,6.83347940445
10677,0.0127377165481,5224406016.0,0.24542427063,0.97292137146,45.5953521729,95.6142425537,42.1676139832
10678,0.0207694545388,11127305216.0,0.407686233521,1.31261634827,84.0989532471,49.2444915771,3.47017192841
10682,0.0188529472798,12007911424.0,0.429330825806,1.34523773193,62.5423469543,89.7470245361,42.2738876343
10683,0.0203555487096,13222218752.0,0.470766067505,1.45273017883,72.6081848145,82.4949874878,49.1089859009
10685,0.0160505939275,50254536704.0,0.757900238037,2.35258293152,78.8322296143,77.3407897949,42.5396232605
10695,0.0219864305109,14191946752.0,0.51651763916,1.56317138672,92.8458557129,69.7510757446,55.8946342468
10708,0.0168307926506,10559217664.0,0.376735687256,1.2280960083,55.3907470703,78.8179168701,10.2499504089
10752,0.0185457617044,10032264192.0,0.728200912476,2.27223777771,77.3148880005,75.2494354248,30.2630443573
10799,0.0187010932714,13368098816.0,0.65690612793,2.00520324707,87.8418655396,53.9375572205,16.1766052246
10806,0.019763045013,13044998144.0,0.478229522705,1.44281196594,51.1841926575,91.5145263672,31.7523937225
10839,0.0245512761176,17368246272.0,0.696018218994,2.26190567017,95.6291503906,67.4344177246,46.6236534119
10855,0.0206376053393,13649148928.0,0.552206039429,1.67944335938,61.495803833,90.1473617554,36.6107788086
10861,0.0177302863449,11083043840.0,0.426298141479,1.3547000885,97.8304595947,71.4445495605,57.474521637
10880,0.015212812461,4768009728.0,0.449739456177,1.43664169312,72.9393539429,59.0691757202,9.89855194092
10890,0.0139583377168,10449201152.0,0.728332519531,2.27770805359,51.8386116028,91.3895187378,39.0608482361
10902,0.0139225116,5765008896.0,0.327651977539,1.16513061523,65.1549530029,70.8149337769,12.7890195847
10910,0.0215205159038,29114591232.0,0.666683197021,1.96090888977,77.5435409546,78.6761627197,44.1163635254
10912,0.0153084481135,8996517888.0,0.301303863525,1.07605361938,81.9150695801,70.4601974487,42.9910011292
10927,0.0126435151324,7927796736.0,0.688097000122,2.16820335388,67.7657165527,66.4010162354,12.3183317184
10930,0.0139535125345,5933135360.0,0.18646812439,0.822145462036,36.3158416748,83.3610839844,6.81262683868
10931,0.0222495887429,33169467392.0,0.509508132935,1.54776000977,77.6446914673,78.8695144653,43.7042770386
10936,0.0171124022454,10944538624.0,0.244947433472,0.996759414673,69.2762908936,72.8178634644,27.8594875336
10957,0.0179537460208,6794286592.0,0.352283477783,1.22104454041,48.4000320435,87.7925491333,29.8223724365
10973,0.0153907118365,8189743104.0,0.502151489258,1.58558654785,73.9287948608,98.2180938721,75.5537033081
10980,0.0235257595778,36113014784.0,0.586015701294,1.73935127258,77.7925872803,78.1402130127,43.7571601868
11016,0.0260976608843,45366661120.0,0.724794387817,2.18839836121,85.1315460205,48.9055290222,7.81315803528
11031,0.0199554469436,10149683200.0,0.317287445068,1.09038925171,78.8346786499,77.2531051636,39.5971565247
11035,0.0186044462025,13271293952.0,0.46826171875,1.51178741455,35.5021133423,97.7749328613,33.6934318542
11051,0.0142512815073,19352479744.0,0.650960922241,1.96652603149,75.5913925171,77.4606628418,49.2762184143
11055,0.0172617789358,8426835968.0,0.460927963257,1.4395942688,81.4518508911,58.348690033,19.0555896759
11069,0.0252269748598,50173272064.0,0.557783126831,1.68114280701,65.7307891846,68.3056488037,14.6048851013
11085,0.0178865808994,12513743872.0,0.746059417725,2.30752563477,84.4730911255,50.2238082886,1.82431089878
11091,0.0147208077833,11168397312.0,0.740547180176,2.30181312561,92.876663208,66.2207107544,41.5869369507
11102,0.0254010632634,47157854208.0,0.425539016724,1.33022499084,46.9668464661,79.3422470093,10.479262352
11116,0.0172361973673,8723851264.0,0.368419647217,1.19823455811,70.0750427246,72.6540222168,29.7171649933
11135,0.0147475739941,10277512192.0,0.296558380127,1.07210350037,91.302772522,60.2319946289,27.0365524292
11144,0.0155116571113,7053016576.0,0.623365402222,1.92189979553,50.8485183716,78.6642074585,9.79217720032
11150,0.01828703098,11408022528.0,0.486270904541,1.53071212769,98.2335662842,58.4732704163,42.0693817139
11154,0.0175360944122,11652418560.0,0.328214645386,1.12975883484,88.3995132446,51.6665077209,5.2648396492
11168,0.0176416467875,12561111040.0,0.375682830811,1.25351142883,64.8170852661,75.1581573486,22.5797328949
11202,0.0167572125793,14397445120.0,0.563034057617,1.80960083008,57.9595756531,85.0005569458,24.7053012848
11207,0.0210327636451,15575198720.0,0.452085494995,1.41220092773,91.3836212158,74.7025375366,47.7233657837
11221,0.0255507156253,72483119104.0,0.594049453735,1.8129234314,87.7589797974,51.59765625,4.89741659164
11239,0.0200865287334,13679221760.0,0.399026870728,1.306016922,35.6024436951,99.2472610474,35.5366744995
11294,0.0201082471758,9991225344.0,0.433069229126,1.3722858429,76.6942062378,99.8569717407,87.0073852539
11295,0.0185465030372,13390024704.0,0.470245361328,1.45440673828,50.899810791,92.1457138062,39.6973304749
11319,0.0195173919201,17191673856.0,0.528215408325,1.60161399841,70.6362915039,81.6927490234,51.1293258667
11320,0.0170651655644,10707512320.0,0.443698883057,1.40780830383,98.4802627563,80.8938522339,73.6916351318
11340,0.0210591629148,17896837120.0,0.403472900391,1.26649665833,47.3930740356,79.6586914062,9.73024463654
11353,0.0219616834074,15606817792.0,0.63657951355,1.89834594727,73.5831375122,70.9526977539,32.3569717407
11376,0.0159803256392,5154548224.0,0.429588317871,1.35403442383,81.9065322876,65.5633239746,26.4790534973
11382,0.0178680289537,15368866816.0,0.416711807251,1.34232521057,53.448677063,97.10105896,56.8538970947
11401,0.0180416349322,15564078080.0,0.398380279541,1.30311965942,68.9985656738,65.2530975342,11.1821870804
11410,0.0242382884026,45027106816.0,0.556509017944,1.71399497986,65.7995834351,67.6837005615,15.2318239212
11440,0.0231970287859,16691249152.0,0.567386627197,1.69144439697,68.4607772827,83.0021972656,49.2847328186
11472,0.022114880383,21200345088.0,0.513263702393,1.53560447693,75.2434082031,86.2957229614,51.8895874023
11484,0.0176230948418,32442304512.0,0.716564178467,2.25002479553,77.9581298828,78.8222579956,43.8743171692
11515,0.023126160726,18901493760.0,0.554107666016,1.64079666138,56.8229675293,98.5105056763,61.2294960022
11519,0.0192463193089,18807672832.0,0.547142028809,1.64301490784,52.3063964844,96.3102874756,52.8799057007
11558,0.0181340519339,14286227456.0,0.443922042847,1.3920135498,61.7387161255,79.4800491333,21.2950267792
11567,0.0235692989081,19297110016.0,0.564992904663,1.66470146179,79.3003997803,87.13331604,53.46301651
11585,0.0217264238745,11734008832.0,0.442850112915,1.39889717102,92.511390686,76.2784805298,49.3636436462
11605,0.0210985504091,39051182080.0,0.392072677612,1.24687767029,53.213596344,91.1878585815,36.4611549377
11617,0.0188135281205,16745884672.0,0.433115005493,1.37012290955,82.2977523804,84.5742034912,55.0809745789
11622,0.0201526880264,17903949824.0,0.37445640564,1.15163803101,48.8778991699,85.8381729126,19.0351314545
11647,0.0188786182553,17076758528.0,0.360740661621,1.24508285522,82.1092529297,78.3956680298,44.9558753967
11666,0.0193323381245,18918514688.0,0.397621154785,1.28775596619,39.0256195068,95.8410415649,32.7927474976
11667,0.0229980871081,24352911360.0,0.516595840454,1.52719497681,93.9350585938,64.6759185791,42.6091918945
11668,0.0185705069453,19473016832.0,0.743556976318,2.29065895081,89.7356262207,56.5304603577,15.0867671967
11677,0.0186273697764,20523483136.0,0.363485336304,1.22911834717,89.4680099487,57.2434806824,20.3439331055
11691,0.0150910392404,11160827904.0,0.730939865112,2.28558158875,47.8423805237,74.5988845825,8.51041984558
11708,0.0250995997339,31505774592.0,0.475601196289,1.42269897461,93.2116775513,62.9125671387,30.231628418
11715,0.016901852563,21532241920.0,0.453397750854,1.4209728241,83.5993347168,71.6315765381,44.9884300232
11721,0.0192751176655,26348703744.0,0.421989440918,1.33334732056,47.4850769043,78.7063217163,9.47706699371
11752,0.0251827351749,47814590464.0,0.43048286438,1.32348823547,65.5190429688,74.0524597168,23.7235202789
11803,0.0161108989269,21104013312.0,0.665004730225,2.0040473938,94.4541320801,67.5551986694,48.72423172
11816,0.0216326210648,70156394496.0,0.602922439575,1.82266044617,78.7574234009,78.6428909302,42.3955612183
11822,0.0113014532253,18430078976.0,0.728481292725,2.25062179565,77.4609527588,76.7495346069,43.4448051453
11836,0.0216098483652,20577490944.0,0.473743438721,1.47298431396,85.7973022461,82.6207275391,53.0159072876
11843,0.0188244879246,18960867328.0,0.574283599854,1.73084068298,67.5787887573,69.4489059448,16.0379581451
11860,0.0199786555022,27171905536.0,0.404764175415,1.30366134644,88.7228927612,54.0039215088,6.87162590027
11862,0.0259242672473,34146912256.0,0.519973754883,1.55691146851,55.9620857239,90.0553588867,41.9584197998
11913,0.0216183830053,22915129344.0,0.419361114502,1.32062721252,76.0811080933,78.1809921265,46.7797889709
11950,0.021416598931,31916371968.0,0.498947143555,1.49159049988,25.8109798431,91.5154342651,12.3429393768
11952,0.021633291617,31218956288.0,0.517082214355,1.57607460022,88.4702148438,46.8724517822,7.55136680603
11962,0.0205894075334,19207749632.0,0.766513824463,2.40380477905,47.1920852661,94.1906738281,45.487575531
11989,0.0231107920408,34280306688.0,0.457860946655,1.39872741699,27.8484611511,92.9195327759,10.5239992142
11992,0.0206018295139,39470841856.0,0.768016815186,2.40090179443,57.8863258362,86.1245651245,24.2476005554
12004,0.0183872897178,23108898816.0,0.393630981445,1.25539016724,85.9173583984,71.0068054199,45.6593780518
12012,0.0172423832119,22965721088.0,0.638109207153,2.00385284424,97.442565918,71.9561767578,49.0630683899
12038,0.0176052320749,16508152832.0,0.3994140625,1.3048324585,80.1766281128,81.2555160522,42.9658622742
12050,0.0152891771868,12384579584.0,0.502590179443,1.63260269165,66.4086151123,90.8311004639,43.6213302612
12066,0.027029896155,33643161600.0,0.521480560303,1.59050178528,48.0638961792,78.9532012939,9.76895713806
12076,0.0220255386084,48511942656.0,0.792575836182,2.46578598022,86.25390625,48.3051147461,8.146443367
12103,0.0151819325984,16043880448.0,0.379434585571,1.23124313354,76.5837631226,79.520362854,44.8785629272
12127,0.0182902868837,22597480448.0,0.681081771851,2.10245895386,64.9450531006,69.5294342041,17.7904014587
12131,0.0232255384326,42349809664.0,0.488227844238,1.46084594727,80.9351196289,74.8438186646,43.6224212646
12141,0.0181351155043,19778267136.0,0.56085395813,1.66966056824,61.3392410278,70.9167785645,3.09761857986
12142,0.0197457224131,23192780800.0,0.762659072876,2.38789176941,86.4077606201,51.4916381836,5.47515439987
12177,0.0134912757203,12654633984.0,0.723358154297,2.26126098633,95.3154602051,70.2761535645,62.2229423523
12181,0.0220485888422,28048609280.0,0.783483505249,2.43823623657,74.1958084106,73.1914215088,39.9632377625
12182,0.0220625046641,30074904576.0,0.779491424561,2.43768119812,73.0867233276,83.4398269653,56.7672920227
12188,0.0200985595584,25093795840.0,0.357566833496,1.15413093567,65.3874130249,69.729019165,13.3761644363
12196,0.0192562770098,26850371584.0,0.39898109436,1.29627990723,67.5878295898,72.8135452271,23.9539394379
12265,0.0217269230634,33861675008.0,0.491949081421,1.51620864868,68.3851928711,65.8971786499,9.59484958649
12306,0.0212773736566,26702909440.0,0.380662918091,1.25587272644,98.3984375,71.7828903198,49.954460144
12314,0.0146348234266,28006432768.0,0.531999588013,1.73427009583,80.1756820679,76.2460708618,43.0792045593
12343,0.0252384804189,36730998784.0,0.539106369019,1.60506439209,91.4018478394,65.7035446167,43.0688400269
12360,0.0208926200867,34228322304.0,0.499973297119,1.52041816711,49.5030059814,88.3054885864,26.7511405945
12389,0.0224704667926,43624828928.0,0.489252090454,1.49002456665,96.0787582397,70.5727233887,61.1280555725
12393,0.022938510403,28514969600.0,0.29956817627,1.04752349854,76.607460022,79.9173812866,44.5520629883
12401,0.0208044294268,31725660160.0,0.480949401855,1.49642562866,35.1693725586,99.2828979492,32.5135536194
12426,0.0203762110323,27493861376.0,0.771083831787,2.40898704529,59.5645599365,83.3225631714,24.6089019775
12439,0.0174260046333,27407951872.0,0.5025806427,1.53453063965,64.8687973022,69.0957183838,6.31699562073
12454,0.0180840287358,24754872320.0,0.716693878174,2.24946403503,35.1776695251,87.8471679688,1.07973062992
12477,0.0237561017275,41098842112.0,0.452035903931,1.38808059692,77.341255188,80.7246017456,43.2222709656
12480,0.014485064894,18483748864.0,0.56422996521,1.67990493774,67.8657455444,72.1881713867,19.980014801
12523,0.0197621900588,39994908672.0,0.766393661499,2.38758277893,91.9408340454,52.6082077026,3.39679384232
12554,0.0216254852712,47328215040.0,0.485280990601,1.46780014038,89.2192611694,46.6660041809,7.41715097427
12570,0.0210931785405,36826972160.0,0.480545043945,1.48496437073,61.3367004395,89.1470413208,43.2710456848
12571,0.0201144851744,31644315648.0,0.374082565308,1.23425102234,78.4142150879,53.9832115173,8.63321399689
12579,0.0164384897798,46700826624.0,0.491394042969,1.50859069824,80.4344329834,75.3382644653,43.292755127
12587,0.0192337464541,37122535424.0,0.495288848877,1.49118041992,73.2507095337,61.3020515442,11.127571106
12597,0.0203606113791,32104364032.0,0.647804260254,1.88135147095,83.1709136963,84.4248733521,54.0618858337
12600,0.0192943178117,34577448960.0,0.706140518188,2.12945747375,44.2296485901,99.490196228,38.762714386
12617,0.0168436076492,30905067520.0,0.746458053589,2.33423423767,68.7890548706,74.6678695679,16.5328998566
12620,0.0230848547071,52141625344.0,0.523723602295,1.58632659912,74.656539917,82.3697433472,43.2659416199
12621,0.0327727012336,50423926784.0,0.456951141357,1.39177322388,52.2876319885,91.2465667725,38.6625175476
12628,0.0228779166937,49448169472.0,0.438251495361,1.37508773804,67.3382492065,99.0851211548,68.8470230103
12684,0.0201603099704,45222105088.0,0.609498977661,1.95658493042,47.0665512085,87.3224258423,31.957365036
12700,0.020747512579,42768642048.0,0.681449890137,2.06473350525,55.1269264221,67.0054321289,0.936650156975
12706,0.0150858145207,45738106880.0,0.735223770142,2.26949691772,87.2906646729,51.3559608459,4.98782873154
12707,0.0187640208751,18541191168.0,0.358287811279,1.21201705933,96.2566452026,77.2762145996,62.4100112915
12717,0.0181080698967,44665180160.0,0.527639389038,1.61385917664,60.1545944214,72.7253646851,0.785012066364
12719,0.0175877232105,37461348352.0,0.497106552124,1.52868652344,94.1867980957,47.2811927795,2.34485983849
12726,0.0213812086731,32725186560.0,0.430807113647,1.3308467865,77.5699615479,97.2134246826,75.3756713867
12748,0.0174135621637,50758332416.0,0.38419342041,1.22925376892,47.126121521,79.572303772,10.5369491577
12764,0.0169900264591,32634009600.0,0.610277175903,1.8293800354,46.8125267029,95.5453796387,42.1729927063
12770,0.0153934750706,34085472256.0,0.571067810059,1.73442649841,95.5305252075,69.0545959473,49.0013999939
12775,0.0168242007494,41670950912.0,0.751657485962,2.31403160095,61.0765533447,79.9260864258,17.753610611
12788,0.0189870018512,50246701056.0,0.561405181885,1.67584228516,86.6443328857,76.5767364502,46.1164474487
12800,0.0190617088228,37234577408.0,0.598720550537,1.80002975464,73.1819152832,71.5202102661,33.4671821594
12834,0.0215877667069,54528196608.0,0.692728042603,2.1278591156,89.8064193726,80.032951355,53.8422203064
12840,0.021266894415,50024919040.0,0.66309928894,2.0881023407,94.833442688,67.4535217285,46.4298744202
12872,0.0220585055649,84076486656.0,0.592687606812,1.75029182434,68.6482620239,65.8218841553,5.42727136612
12874,0.0220082495362,64120799232.0,0.349271774292,1.11417388916,94.5986480713,72.7808837891,48.9804458618
12907,0.018785033375,40840826880.0,0.521751403809,1.51236724854,96.3574676514,46.7852745056,11.3680200577
12910,0.0162484180182,45159288832.0,0.347105026245,1.16756439209,48.8206481934,88.5713119507,36.4988479614
12918,0.0233953483403,44516667392.0,0.490446090698,1.4864692688,79.96459198,75.6785507202,43.2950553894
12931,0.0230211708695,82332221440.0,0.666374206543,1.98595046997,53.5398902893,97.0247650146,55.7134399414
12944,0.0181467272341,43940429824.0,0.732583999634,2.31711769104,65.4409942627,74.1455459595,23.4985466003
12971,0.0169876236469,54908391424.0,0.575897216797,1.72372627258,74.40234375,76.4603500366,39.7127532959
13008,0.0211993865669,77732667392.0,0.504762649536,1.52572631836,71.3976516724,56.562713623,5.02629327774
13013,0.0178563408554,41117982720.0,0.716558456421,2.24425888062,64.3248977661,97.6349029541,64.0436096191
13040,0.0250003114343,73664208896.0,0.797161102295,2.47374725342,49.1862335205,92.6647567749,28.6145210266
13052,0.0128777688369,1.01473910784e+11,0.708534240723,2.23021697998,78.7194671631,76.861076355,42.3051948547
13053,0.0125801200047,43448467456.0,0.594667434692,1.77987861633,69.1484222412,64.7269439697,1.08865761757
13059,0.0272871796042,84344578048.0,0.788007736206,2.46813011169,98.0114822388,72.3502731323,58.0713386536
13063,0.0222330261022,83097944064.0,0.722429275513,2.25202178955,54.1190757751,92.5737457275,34.3512649536
13071,0.0130360219628,49346875392.0,0.450506210327,1.44032096863,56.0232467651,80.8191299438,27.4990577698
13085,0.0198388602585,83555835904.0,0.720447540283,2.20427894592,83.1159133911,53.9063644409,6.9669713974
13089,0.0162254143506,50528927744.0,0.378023147583,1.21787071228,68.3351593018,65.929145813,6.88374900818
13103,0.0142015200108,60872642560.0,0.488430023193,1.47732543945,90.0277557373,51.2381019592,1.15249323845
13211,0.0200537517667,98052145152.0,0.567659378052,1.72113418579,47.6941337585,80.2752227783,10.499206543
13216,0.0158323161304,85596864512.0,0.723529815674,2.21544456482,74.9322128296,77.2671661377,40.1577415466
13218,0.0212056394666,1.0546642944e+11,0.674404144287,2.01587486267,77.5706176758,78.4612579346,44.0734710693
13233,0.0197541825473,1.03944699904e+11,0.65340423584,2.04545211792,98.1928863525,44.8062438965,0.269892752171
13239,0.0147884348407,41073274880.0,0.622970581055,1.85490036011,89.6113128662,57.869468689,11.8179645538
13257,0.0218989029527,1.41610418176e+11,0.675020217896,2.0392036438,92.3062896729,66.4959106445,47.835773468
13263,0.0123374732211,54096551936.0,0.692729949951,2.14548110962,53.6659164429,91.3884277344,36.2422790527
13294,0.0206824913621,1.7089150976e+11,0.538265228271,1.6386051178,58.6687660217,89.9523468018,42.5529327393
13296,0.0177637152374,2.04509691904e+11,0.540599822998,1.60674858093,78.5527496338,77.6309738159,42.8408851624
13298,0.0151738198474,1.11023693824e+11,0.696653366089,2.14912986755,95.4711456299,66.1661529541,34.636051178
13301,0.020016528666,1.12457949184e+11,0.507991790771,1.54792785645,75.239654541,76.8035736084,49.0404548645
13310,0.0130540886894,60122894336.0,0.584383010864,1.77326583862,65.7510147095,67.9894866943,14.851225853
13383,0.0176404863596,3.02554218496e+11,0.51989364624,1.58662414551,87.9361495972,50.5269088745,4.52287960052
13387,0.0163419991732,2.039545856e+11,0.742547988892,2.3033618927,78.1997909546,77.2569732666,42.5729789734
