#plate,mjd,fiberID,RA,Dec,d_per(Mpc),d_long(Mpc),length_fil(Mpc)
-9.175716,-25.326908,0.017009,2.928356,8.987881
-11.189820,-30.587327,0.008783,8.383268,14.096310
-11.281569,-26.536414,0.008000,3.987668,1.140131
-9.339396,-25.508708,0.001530,2.884552,8.987881
-11.086384,-21.815762,0.021863,1.368847,1.140131
-10.971472,-30.451120,0.018255,8.376570,14.096310
-10.791628,-19.913958,0.008899,5.760597,7.064437
-7.547668,-26.302335,0.000100,4.880576,1.085296
-12.505621,-21.096751,0.038884,2.331960,1.085296
-10.432458,-27.520569,0.040979,4.838331,14.096310
-10.190508,-26.853974,0.040975,4.133936,14.096310
-7.731977,-28.414780,0.045126,7.207090,8.987881
-11.668755,-31.259691,0.005270,7.714307,2.880805
-7.673327,-24.948507,0.169212,4.411771,14.096310
-11.759664,-20.034255,0.015141,4.945530,7.064437
-9.542792,-23.241119,0.015614,0.458076,14.096310
-11.059212,-23.936892,0.004849,1.724529,8.987881
-10.711877,-26.947989,0.141670,5.086830,14.096310
-12.276362,-27.486005,0.138346,6.574066,14.096310
-7.669159,-29.874881,0.028916,8.939952,14.096310
-6.546617,-24.722364,0.171942,7.397709,8.987881
-12.451226,-20.210577,0.096418,4.618101,7.064437
-11.690730,-27.724770,0.056972,5.927729,14.096310
-12.260372,-29.377337,0.038972,9.348070,14.096310
-11.508059,-26.657159,0.065152,5.844989,14.096310
-11.730940,-23.994252,0.028529,2.775608,8.987881
-9.098003,-22.474706,0.038024,1.315067,8.987881
-10.586745,-19.930655,0.041313,5.960334,7.064437
-7.958411,-29.011275,0.073511,8.449757,14.096310
-8.504736,-24.040015,0.207217,1.019806,14.096310
-12.899566,-22.199976,0.127939,3.730342,8.987881
-10.997916,-30.871315,0.111873,8.604694,14.096310
-7.960954,-28.013177,0.026449,6.688879,8.987881
-8.774645,-21.311178,0.089938,8.275374,7.064437
-11.680258,-19.887299,0.001064,5.067364,7.064437
-8.591874,-28.710735,0.029975,7.720165,8.987881
-9.988101,-28.779690,0.097652,6.792719,14.096310
-7.707067,-29.237054,0.026461,7.864141,8.987881
-12.775286,-26.515582,0.240546,5.162354,1.085296
-7.597273,-27.584364,0.015193,6.171903,8.987881
-10.104228,-21.898765,0.100432,1.797811,14.096310
-5.954137,-23.696020,0.033661,7.857118,8.987881
-9.087071,-27.423662,0.035674,5.204429,8.987881
-13.057663,-28.718205,0.234200,10.634991,14.096310
-3.286358,-29.431431,0.083992,5.405186,8.774174
-8.557456,-25.832959,0.084354,11.942085,7.064437
-6.774828,-32.146284,0.021887,1.520567,36.465115
-7.729375,-27.335314,0.049829,6.171845,8.987881
-10.329862,-19.720611,0.102183,6.259527,7.064437
-7.192639,-27.016775,0.126104,5.965156,8.987881
-9.398593,-30.216637,0.089228,4.346774,30.730878
-11.780866,-22.658644,0.095916,2.516514,8.987881
-10.757394,-20.013190,0.050659,5.833037,7.064437
-7.272761,-29.645137,0.047689,8.439309,8.987881
-11.395850,-24.187271,0.015186,9.657213,7.064437
-9.132340,-25.288817,0.014684,3.158817,8.987881
-12.357635,-20.567843,0.029757,4.713930,7.064437
-4.906876,-33.460643,0.009984,1.712981,30.730878
-8.824555,-25.832257,0.002177,3.576280,8.987881
-3.910518,-24.753401,0.022611,9.229299,8.987881
-7.302715,-27.327255,0.078365,4.943252,30.730878
-11.215818,-26.484110,0.009465,5.641055,14.096310
-10.481965,-29.785775,0.018277,7.285084,14.096310
-7.088255,-23.125296,0.015380,2.659548,14.096310
-7.567616,-26.444972,0.041992,5.602066,8.987881
-6.270353,-24.246808,0.138134,3.374300,14.096310
-10.666318,-27.836276,0.026864,5.981246,14.096310
-10.050055,-29.482409,0.020095,7.260590,14.096310
-11.097714,-30.705191,0.018217,8.376488,14.096310
-8.959928,-25.454882,0.008327,3.047886,8.987881
-5.063547,-35.245640,0.159925,3.474130,2.880805
-5.391274,-35.995811,0.012705,5.462200,30.730878
-4.669909,-34.681735,0.025250,3.333194,30.730878
-4.047415,-35.598631,0.005838,4.456032,30.730878
-3.812551,-35.995475,0.093719,5.417855,30.730878
-5.827189,-35.618520,0.061442,4.624560,30.730878
-5.187031,-36.697491,0.062030,4.985416,8.774174
-1.928029,-30.752678,0.023477,3.482019,1.841304
-4.075966,-35.809755,0.039222,5.424078,5.906888
-0.409421,-25.961385,0.007119,2.611685,5.841098
4.040515,-30.282106,0.300429,4.798258,9.938389
2.025854,-29.156333,0.248943,11.837372,8.774174
-0.147696,-35.077829,0.493506,9.881579,8.774174
-0.049820,-25.962971,0.010606,2.597895,5.841098
-1.514719,-26.157711,0.180550,3.701310,5.841098
-0.398868,-26.002797,0.007118,2.611667,5.841098
-0.048327,-32.276106,0.061739,6.701275,8.774174
-1.100409,-24.924415,0.062257,4.568550,5.841098
-0.593579,-27.088878,0.071300,8.367486,5.906888
-0.310587,-25.025649,0.007121,4.220005,5.841098
1.918287,-34.044133,0.053581,9.032625,8.774174
4.156601,-30.629385,0.156711,12.507124,8.774174
4.876092,-30.422426,0.269825,13.016300,8.774174
-0.571304,-24.381878,0.096855,4.209492,5.841098
2.179413,-25.527409,0.466182,7.722597,5.841098
5.107629,-28.653025,0.113614,6.660130,2.935414
-2.554899,-24.723817,0.406274,4.663404,0.319985
-17.688317,-9.982532,0.005324,6.650614,5.644353
-17.162127,-7.003668,0.087838,2.259323,8.416112
-14.356149,-16.533961,0.049828,3.015877,3.985240
-18.962969,-13.392823,0.002580,4.160323,3.116638
-15.554080,-9.859627,0.000212,7.294699,3.888792
-17.070264,-15.994227,0.035133,4.844811,2.743796
-15.877212,-13.468077,0.034452,1.182859,1.955530
-17.026988,-15.780857,0.005916,4.721981,1.955530
-16.927057,-12.573186,0.073953,4.272604,3.888792
-18.526945,-15.265771,0.030971,4.406647,7.064437
-15.911937,-13.457912,0.000934,1.196119,1.955530
-19.736734,-13.905704,0.028174,4.698207,1.675308
-17.587672,-13.140171,0.007547,4.573677,3.116638
-19.342086,-10.873007,0.001884,6.661026,3.116638
-16.354619,-6.299410,0.007304,2.613452,5.644353
-15.935567,-16.645442,0.021902,4.327612,3.985240
-15.668324,-15.958543,0.022538,2.824377,7.064437
-14.113025,-16.792750,0.004764,2.202502,7.064437
-13.267224,-15.332533,0.057977,3.845404,7.064437
-14.353329,-13.687020,0.042683,3.324751,1.675308
-14.696316,-14.792246,0.022957,2.394346,1.210132
-19.038977,-13.575737,0.015172,2.769812,3.888792
-19.503501,-12.470112,0.001972,0.802217,3.888792
-20.207983,-13.116270,0.017531,4.419149,1.675308
-15.559879,-12.067974,0.005681,1.782371,1.675308
-19.824383,-13.597882,0.033324,8.638894,3.985240
-16.196689,-13.789162,0.016135,1.811895,1.955530
-20.219353,-13.324258,0.006999,5.127754,3.116638
-17.111971,-16.607616,0.095711,5.211479,3.985240
-16.954585,-6.818413,0.092084,2.100822,8.416112
-19.511019,-12.952556,0.015861,1.383401,3.888792
-16.169675,-12.440426,0.007779,0.843296,0.742130
-19.405458,-8.286745,0.013362,5.262431,5.644353
-13.126736,-16.446344,0.000834,4.246705,3.985240
-14.164339,-16.462552,0.056169,3.207393,3.985240
-18.148690,-13.980752,0.038810,2.556841,7.409231
-14.023911,-13.564529,0.005669,1.677506,1.955530
-14.582869,-16.427204,0.001341,2.360564,1.013398
-15.053953,-16.006679,0.010426,3.110265,3.985240
-13.764319,-14.897061,0.054705,3.228005,1.955530
-17.168983,-8.272918,0.027396,5.151647,5.644353
-18.751079,-14.913606,0.005400,4.721934,4.047833
-13.247713,-15.568899,0.023713,3.713655,7.064437
-14.990636,-13.234723,0.013660,0.801553,1.210132
-13.427233,-15.862045,0.063946,4.054129,3.985240
-14.589248,-14.591297,0.029883,6.617405,3.888792
-17.089247,-12.996154,0.000604,2.220797,1.955530
-15.741278,-15.896562,0.016776,2.911166,7.064437
-13.390076,-16.257116,0.081391,4.264413,1.210132
-19.112415,-10.415375,0.040909,7.919901,5.644353
-17.890288,-13.640779,0.037135,3.754304,3.888792
-18.769898,-14.631000,0.011482,2.702581,3.116638
-15.631761,-14.189681,0.069387,5.320424,3.985240
-16.255179,-14.524327,0.018896,5.187990,3.985240
-14.196505,-13.509511,0.012970,1.514716,1.955530
-13.543273,-15.463979,0.021876,3.529007,1.210132
-15.588200,-12.816215,0.024169,0.431969,0.742130
-14.846612,-16.315611,0.003016,2.619348,3.985240
-17.506324,-12.289277,0.017195,2.385443,0.742130
-16.808257,-6.326173,0.002035,1.679802,8.416112
-16.932715,-6.530868,0.068235,1.840723,8.416112
-16.600492,-14.571526,0.033674,5.433396,3.888792
-18.657322,-10.457028,0.023610,7.607030,5.644353
-20.736575,-12.094516,0.023439,6.299690,3.116638
-17.783273,-14.144141,0.008809,6.582365,3.985240
-20.838759,-11.580258,0.001150,1.169345,3.888792
-19.102483,-14.571856,0.107293,7.392525,3.985240
-18.987729,-10.681642,0.006216,1.512872,3.888792
-12.951649,-15.561515,0.023745,5.632995,1.675308
-16.405813,-14.979769,0.064911,1.283801,1.377496
-11.969337,-9.195644,0.320596,4.761134,1.955530
-15.021337,-12.400010,0.001239,1.963516,1.675308
-19.442840,-13.740253,0.027135,8.237260,3.985240
-18.332019,-10.761401,0.031341,4.657186,1.955530
-16.962208,-13.335951,0.022776,3.100068,7.409231
-17.714838,-10.580720,0.014100,7.222279,5.644353
-18.253938,-13.578129,0.011821,3.664058,4.047833
-17.453328,-8.206952,0.010134,4.922222,5.644353
-17.887690,-11.331566,0.024675,7.980796,5.644353
-15.289235,-15.987516,0.013647,3.526179,3.985240
-14.099011,-16.444798,0.043065,8.255681,3.888792
-15.104324,-13.020462,0.005186,0.539083,1.210132
-16.810930,-6.637609,0.020865,1.975950,8.416112
-18.660945,-15.364196,0.011436,2.420278,3.116638
-15.788825,-16.150836,0.005361,3.812276,3.985240
-18.002007,-6.875627,0.016202,3.680655,5.644353
-16.242788,-10.075980,0.029031,1.291214,2.743796
-14.302739,-13.071808,0.055593,2.794098,1.675308
-15.823626,-16.195356,0.013644,3.865408,3.985240
-15.285790,-10.796251,0.015754,1.945604,0.742130
-17.007382,-15.755879,0.011501,4.693388,1.955530
-18.339916,-9.930011,0.102333,2.960995,7.409231
-14.967819,-13.505432,0.013605,1.071522,1.210132
-15.608188,-6.840119,0.174267,2.807301,10.984074
-17.454365,-8.419881,0.004463,4.955275,5.644353
-17.910458,-10.450158,0.033510,7.010261,3.116638
-18.760871,-12.812573,0.015288,1.997014,3.888792
-19.430808,-14.180330,0.005458,8.056271,3.985240
-19.510111,-11.489935,0.013037,0.568308,3.888792
-14.155506,-15.874098,0.038149,3.588301,1.210132
-13.985721,-13.219919,0.002245,6.735199,3.888792
-17.136718,-6.423913,0.033888,1.992321,5.644353
-15.396553,-10.466673,0.013305,7.954146,5.644353
-16.662595,-15.377866,0.000102,1.661118,1.377496
-14.695031,-15.454042,0.006437,3.771425,3.985240
-16.973580,-6.311688,0.049484,1.618556,8.416112
-14.687272,-16.882085,0.097010,2.279234,1.377496
-19.213484,-14.943079,0.062692,2.983039,3.116638
-16.909912,-8.747049,0.046621,6.070943,5.644353
-16.691406,-12.187178,0.053506,1.071483,2.743796
-12.753762,-15.754910,0.057170,4.013820,7.064437
-14.175648,-13.783108,0.004821,1.323026,1.013398
-16.507635,-9.290312,0.000167,2.533907,2.743796
-18.069057,-7.428024,0.016138,3.898581,5.644353
-18.393046,-12.961585,0.015892,2.357291,3.888792
-15.600135,-15.471248,0.007568,4.044983,3.985240
-17.434074,-13.363656,0.012890,9.932695,5.644353
-18.535431,-7.681343,0.018016,4.192828,5.644353
-16.084407,-12.566159,0.004416,9.317964,5.644353
-16.560657,-13.042614,0.000116,4.154152,3.888792
-15.064936,-8.909271,0.071587,3.242803,2.743796
-17.955327,-11.497445,0.000577,2.609315,3.888792
-15.066244,-6.835237,0.105005,4.536766,1.675308
-14.289789,-13.683881,0.018624,6.252653,3.985240
-15.978683,-10.327408,0.028982,0.942063,2.743796
-20.765643,-11.809258,0.008613,10.099574,5.644353
-17.474436,-8.393302,0.003661,4.954579,5.644353
-17.026634,-9.738529,0.005326,6.337480,5.644353
-15.404733,-14.193977,0.035052,5.724091,3.888792
-16.084459,-14.607111,0.106099,0.909834,1.377496
-14.810989,-14.030718,0.001724,1.633685,1.210132
-17.592366,-11.780471,0.006095,3.989539,3.888792
-18.491328,-15.174065,0.057882,2.353611,3.116638
-18.658593,-8.226295,0.049849,3.723325,8.416112
-17.122838,-12.239206,0.001508,5.577807,3.116638
-16.642331,-9.454629,0.018302,6.356913,5.644353
-18.075163,-12.982503,0.002827,1.950945,7.409231
-16.563502,-7.445569,0.045060,2.820601,8.416112
-18.233082,-7.605350,0.047776,3.929202,5.644353
-19.690170,-10.743710,0.017307,6.882890,3.116638
-15.630138,-9.893705,0.014483,7.226841,3.888792
-14.747244,-7.059683,0.000880,4.062027,8.416112
-16.459787,-14.747435,0.017219,1.299600,1.377496
-17.142286,-15.926815,0.026457,2.347603,1.377496
-15.278143,-15.951602,0.049102,3.515320,3.985240
-20.262101,-13.257124,0.018582,5.191523,3.116638
-18.944684,-13.393762,0.018059,2.562254,3.888792
-12.890779,-16.212910,0.029321,3.579953,7.064437
-16.190595,-17.015525,0.060676,1.586030,7.064437
-16.341562,-17.305526,0.032778,4.970615,0.742130
-14.971157,-17.435290,0.002560,1.455597,3.985240
-15.159682,-17.357966,0.006640,1.522081,3.985240
-13.355911,-16.988179,0.017553,3.228320,1.377496
-12.928745,-16.843904,0.028980,4.186258,7.064437
-16.684896,-17.216507,0.035440,1.715131,7.064437
-13.735912,-16.990570,0.048828,3.779288,3.985240
-18.946401,-16.017917,0.011865,1.284022,3.116638
-17.043922,-17.226376,0.038832,2.503836,3.985240
-12.896372,-16.578193,0.020815,4.812478,1.210132
-16.737677,-16.900545,0.012752,4.980614,3.985240
-17.425959,-16.787664,0.019737,7.099908,3.888792
-13.646628,-16.662075,0.052706,8.734608,3.888792
-16.788047,-17.107789,0.083703,1.853835,7.064437
-12.722730,-16.381155,0.017035,4.682896,7.064437
-12.867214,-16.751226,0.000948,4.276506,7.064437
-16.266277,-17.027592,0.036380,1.578646,7.064437
-15.690459,-19.912959,0.002534,1.582327,3.985240
-13.980526,-19.700124,0.000527,4.362820,1.085296
-15.083318,-18.593659,0.012351,0.382611,3.985240
-14.143960,-19.858282,0.155567,2.557193,7.064437
-16.065392,-18.772629,0.091242,0.815192,3.985240
-14.616572,-17.871496,0.002171,1.625659,3.985240
-13.929090,-19.932093,0.110795,3.400919,7.064437
-14.641568,-18.184162,0.003241,0.807562,7.064437
-19.078200,-16.233500,0.012764,1.273661,3.116638
-13.967858,-19.766584,0.034485,3.348804,7.064437
-14.204222,-19.805544,0.114180,2.546393,7.064437
-13.154773,-17.700634,0.010600,3.280377,7.064437
-14.969032,-18.138839,0.003354,0.556505,7.064437
-14.358500,-18.780399,0.004680,1.436367,7.064437
-18.443454,-16.579529,0.036156,6.324706,4.047833
-13.364909,-19.050104,0.030751,2.433205,7.064437
-16.161022,-18.216876,0.098204,0.786887,7.064437
-13.742228,-19.950098,0.024699,4.018309,1.085296
-13.837801,-19.780017,0.024966,3.291527,7.064437
-11.614947,-17.824293,0.215151,4.887736,3.985240
-13.908149,-18.651687,0.030643,1.826989,7.064437
-19.403150,-16.692477,0.013642,4.700633,1.377496
-14.282798,-18.209483,0.027223,1.215859,7.064437
-14.528237,-19.622510,0.009369,2.565861,7.064437
-11.467272,-17.876365,0.206141,5.035993,3.985240
-14.334370,-19.021211,0.021265,5.371205,1.140131
-11.543404,-18.052054,0.085746,4.904429,3.985240
-11.515606,-18.100231,0.057087,4.950058,3.985240
-20.397200,-14.839057,0.086473,3.024597,3.888792
-13.160860,-18.256596,0.011912,2.796340,7.064437
-17.012335,-20.519639,0.020181,3.691342,3.116638
-11.480849,-18.047468,0.120085,4.954673,3.985240
-14.581774,-18.485755,0.029616,1.066747,7.064437
-16.739595,-17.770379,0.003676,1.467904,7.064437
-14.052906,-17.752431,0.061491,2.136100,3.985240
-17.207837,-21.286458,0.057429,4.341165,3.116638
-20.549190,-15.214544,0.029681,3.424493,3.888792
-14.891166,-18.156317,0.003310,0.556501,7.064437
-16.782223,-20.307198,0.001799,2.393042,3.985240
-14.511662,-20.068406,0.006337,2.966135,7.064437
-18.789084,-16.333426,0.015000,1.113577,3.116638
-14.050591,-18.462465,0.037737,1.799074,7.064437
-18.174595,-18.231753,0.001301,1.137678,3.116638
-15.244113,-18.322828,0.000098,0.154462,7.064437
-12.168372,-19.059303,0.042559,3.747733,7.064437
-13.899283,-19.983550,0.093960,3.605598,7.064437
-13.820684,-17.586931,0.007002,2.607875,3.985240
-13.710633,-19.005489,0.020315,4.958233,1.013398
-16.489263,-21.624748,0.005649,4.913718,3.116638
-12.377512,-17.119752,0.000182,5.554618,1.210132
-15.704335,-20.663199,0.036943,2.328089,3.985240
-18.665343,-19.938708,0.018401,3.641104,7.064437
-11.658789,-17.456192,0.006991,5.874260,3.985240
-15.378180,-17.581339,0.001361,0.809113,3.985240
-19.673435,-19.890492,0.041138,4.560014,7.064437
-13.361351,-18.976528,0.017299,2.433817,7.064437
-11.488730,-18.078211,0.089376,4.962348,3.985240
-12.988336,-17.847544,0.060086,3.280479,7.064437
-14.114131,-19.862141,0.154150,3.417982,7.064437
-11.992985,-17.779478,0.106181,4.405751,3.985240
-19.083885,-16.207783,0.007827,5.864623,1.955530
15.304973,11.501917,0.003323,0.021603,2.230737
15.665972,12.588074,0.171652,1.152091,2.230737
16.857576,11.228400,0.041150,3.384241,10.539102
13.537438,12.634794,0.005017,2.141092,7.733077
19.255807,12.568104,0.079362,1.999037,10.539102
18.472405,14.422033,0.016884,4.240270,10.539102
19.110992,12.480825,0.005961,1.765296,10.539102
19.479296,14.436114,0.028094,3.868980,10.539102
16.269389,13.715292,0.034958,2.525836,7.733077
17.362024,10.447203,0.085259,4.054797,4.435673
19.302343,13.587819,0.029694,3.005306,10.539102
24.445199,13.022557,0.075842,4.773431,4.435673
16.446373,11.016192,0.044548,5.287359,4.435673
16.933122,11.667090,0.006683,3.324203,10.539102
17.544104,12.554472,0.000846,3.459079,10.539102
19.039409,14.126892,0.013496,3.789967,10.539102
19.340859,13.995888,0.000578,3.321386,10.539102
15.742470,13.678259,0.124306,4.515906,5.243332
13.127402,12.822736,0.005033,2.549583,7.733077
20.311642,14.677488,0.036461,4.703684,10.539102
15.046874,10.951404,0.014961,1.085178,2.230737
21.712698,10.428499,0.036137,4.545670,5.243332
18.822033,14.172295,0.013494,3.789923,10.539102
23.528574,13.147400,0.178658,3.930635,10.539102
18.877090,14.324782,0.035051,3.869659,10.539102
23.395712,14.076177,0.144079,4.244142,4.435673
19.945139,13.187385,0.028615,3.735712,10.539102
17.604547,10.881002,0.105213,2.375033,7.733077
21.841479,9.619677,0.048615,3.985098,5.243332
17.749950,12.574649,0.067472,3.224917,10.539102
20.384536,13.439453,0.091862,1.807429,4.435673
20.789757,13.155658,0.018203,1.663807,10.539102
20.107303,13.802683,0.007393,3.981135,10.539102
24.449883,13.411986,0.127045,4.908969,4.435673
21.925794,9.955142,0.087431,4.288463,5.243332
15.286056,11.438900,0.000055,0.047811,2.230737
23.531093,13.859597,0.111016,4.256843,4.435673
22.911614,13.779338,0.120720,3.676784,4.435673
21.171778,10.848317,0.000745,2.248772,5.243332
17.835646,12.348189,0.064557,2.715525,10.539102
15.132651,11.172484,0.008329,0.353316,2.230737
15.707948,10.559285,0.080928,1.307368,2.230737
19.575248,13.402034,0.008943,3.328744,10.539102
15.030751,11.723964,0.000008,0.352742,7.733077
15.866122,12.884226,0.065171,7.222751,10.539102
18.218758,10.874313,0.035294,2.387109,10.539102
18.068914,10.488539,0.002565,3.103942,4.435673
14.397531,8.804605,0.075328,7.088572,4.435673
23.408174,14.298529,0.332182,4.363356,4.435673
17.353811,6.538573,0.127677,5.960947,2.230737
18.608597,12.846302,0.037786,2.438389,10.539102
16.166454,13.831953,0.122333,2.499169,7.733077
15.781280,10.233727,0.029807,1.415071,2.230737
21.611804,12.844111,0.040079,8.086822,3.191271
23.880351,12.449247,0.016469,4.127398,10.539102
21.476975,13.971724,0.120242,2.800301,5.243332
22.073063,13.684995,0.014908,3.066048,5.243332
17.755572,6.886604,0.017336,6.532793,4.435673
17.656896,8.056859,0.012177,5.377359,4.435673
16.258625,10.252736,0.004765,1.850136,2.230737
21.020058,9.279417,0.008406,2.778683,10.539102
15.966754,9.429886,0.025123,5.036371,10.539102
24.505229,12.982527,0.135588,4.813551,4.435673
17.188370,12.092389,0.003027,3.327068,10.539102
13.675566,13.138374,0.080607,9.118724,10.539102
14.070657,9.531142,0.192855,7.124461,4.435673
15.028154,9.456642,0.032868,2.485126,2.230737
15.291483,11.486365,0.000013,0.000037,2.230737
19.476150,14.953725,0.038488,3.306990,5.243332
16.259807,13.704846,0.022456,2.524286,7.733077
22.951164,12.974231,0.159925,3.328336,10.539102
16.379224,13.823586,0.093120,2.576521,2.230737
15.576511,12.634069,0.153827,1.172481,2.230737
17.727680,7.715488,0.074205,5.429758,10.539102
21.176904,8.828493,0.038010,3.254863,10.539102
22.516364,12.642096,0.021377,2.815282,10.539102
15.128144,10.025375,0.002375,1.900603,2.230737
19.997340,8.425777,0.157209,4.239325,7.074356
16.878007,11.172920,0.003140,5.405314,4.435673
19.252323,13.689051,0.002054,3.015156,10.539102
13.494466,12.643494,0.004977,2.141216,7.733077
19.858679,5.869475,0.084769,7.994456,4.435673
19.032136,12.449092,0.002667,1.185633,5.243332
11.848184,14.321780,0.178756,15.655822,13.554299
11.635927,7.884915,0.874458,10.560436,13.554299
11.607899,8.523734,0.791962,10.008575,13.554299
13.020402,15.940549,0.030278,5.000562,2.230737
11.545271,11.906608,0.692538,14.715858,13.554299
12.480657,14.264313,0.103126,5.383037,7.733077
37.498263,13.857148,0.071985,2.447507,4.020343
41.855320,17.967421,0.077441,1.710027,1.963513
43.496518,18.437604,0.595527,3.269395,1.963513
42.914059,14.444742,0.407936,4.621319,1.963513
40.870194,22.697426,0.370738,4.483876,1.963513
42.057126,22.252859,1.276756,4.146255,1.963513
36.371436,19.585256,1.533842,4.398893,1.963513
41.349377,15.643500,0.054416,3.602579,1.725948
35.921007,19.639884,1.575244,4.838211,1.963513
43.524302,17.548231,0.292649,3.385257,1.963513
40.963883,17.584233,0.284515,0.928128,1.963513
37.347276,13.854705,0.017282,2.517357,4.020343
33.589738,16.468864,1.123569,4.292948,0.766737
57.979062,-46.230546,0.016632,4.243447,9.551851
56.184389,-38.153799,0.004511,7.559222,13.433344
57.833627,-45.881099,0.012074,4.234025,12.406070
58.039306,-46.317678,0.033896,4.334488,12.406070
57.871104,-45.955139,0.003106,4.175003,12.406070
60.334474,-46.650284,0.012505,4.914076,3.537662
62.752855,-44.934924,0.007291,9.902595,12.406070
57.178265,-44.930109,0.015738,4.793864,5.771032
57.524359,-45.600106,0.066154,4.270052,5.771032
55.749978,-35.202529,0.191443,7.814149,3.537662
58.842639,-44.220142,0.021596,6.980341,12.406070
58.261269,-46.001785,0.003178,4.482131,12.406070
60.201543,-37.516966,0.055341,4.617307,3.152020
57.145821,-44.860788,0.016085,4.461005,12.406070
53.138034,-40.053969,0.208515,10.562223,13.433344
57.351286,-36.106437,0.016321,5.218349,13.433344
60.918504,-40.649835,0.083748,2.421835,3.152020
57.474544,-39.469680,0.031969,3.821370,3.224183
56.909088,-44.832768,0.030476,4.806072,5.771032
56.182378,-38.115033,0.017296,7.522032,13.433344
60.851243,-37.146521,0.478427,1.231624,3.224183
57.348184,-45.563178,0.047858,3.840687,5.771032
59.033863,-40.162668,0.217210,1.898706,3.152020
62.597153,-42.135228,0.048569,12.979680,12.406070
62.362881,-44.478601,0.146738,10.350916,12.406070
62.735368,-44.986244,0.007292,9.902556,12.406070
57.834677,-46.191751,0.006121,4.165873,9.551851
62.143832,-35.594404,0.117559,2.838857,3.224183
62.975390,-34.666364,0.441899,3.988374,3.224183
63.211174,-37.850668,0.157126,2.679175,13.433344
62.614777,-35.073653,0.297193,3.482905,3.224183
60.875103,-46.683379,0.044766,7.311353,12.406070
55.328767,-46.848376,0.029135,1.414614,12.406070
60.933852,-46.766814,0.018868,7.294819,12.406070
56.080621,-47.518501,0.038060,2.433799,12.406070
55.377887,-46.947431,0.001136,1.287735,12.406070
52.879982,-50.364296,0.073618,3.049249,12.406070
52.030294,-42.286387,0.006391,14.480693,13.433344
56.358707,-46.997083,0.083009,6.324931,3.152020
60.951559,-46.842312,0.011256,7.364423,9.551851
57.016009,-49.962899,0.063172,4.161634,12.406070
55.134314,-46.957761,0.034662,1.529954,9.551851
49.905091,-45.992192,0.082335,4.832182,12.406070
51.233318,-49.343480,0.056914,3.601964,12.406070
52.212177,-45.208610,0.024908,3.561053,12.406070
54.233347,-48.427627,0.030535,0.778210,4.690580
55.394275,-46.934946,0.001913,1.287610,12.406070
60.926691,-46.808482,0.010376,5.904078,3.657419
20.364623,1.232607,0.267448,1.390948,17.062368
26.144880,-7.103390,0.048300,7.194898,2.419357
26.799126,2.243195,0.096073,8.938917,13.433841
17.625574,0.799502,0.230731,1.955531,13.433841
22.254373,-3.497567,0.597958,8.005075,17.062368
30.494115,-7.080865,0.129165,19.093209,17.062368
21.851647,-3.910063,0.035286,9.479384,17.062368
25.907864,1.662245,0.036591,4.237577,3.191271
23.986244,1.137569,0.028506,7.393332,13.433841
23.665838,-4.725731,0.015234,8.164278,17.062368
29.594795,-9.863083,0.308317,3.717813,2.419357
19.696559,5.386439,0.004920,9.038290,5.243332
15.202167,2.023051,0.001192,4.656960,13.433841
31.538858,-9.756294,0.024844,1.183879,2.419357
26.792724,2.347333,0.016131,9.005961,13.433841
23.619436,-3.697048,0.015159,7.134999,17.062368
28.038538,0.539796,0.282888,6.855699,2.799544
33.175564,-11.924185,0.535299,1.909915,2.496432
26.748947,-3.042707,0.379731,8.081597,13.433841
31.192783,-6.114353,0.162240,20.160870,17.062368
26.389529,-4.558151,0.071834,8.851184,13.433841
20.493802,1.152093,0.211656,1.982543,17.062368
31.834543,-7.665131,0.449303,18.739455,17.062368
20.823187,0.826016,0.141347,1.834702,17.062368
22.925505,-4.425661,0.049793,7.832485,13.433841
26.064531,-6.906116,0.092638,7.354614,2.419357
20.189567,0.606544,0.154992,1.341785,13.433841
16.122495,0.491068,0.454177,3.521669,13.433841
35.933504,-10.599474,0.005887,5.556913,6.353839
37.559272,-10.257305,0.056825,3.175877,4.808211
45.757779,-37.825360,0.014328,7.268910,11.203632
50.279218,-41.073901,0.015757,11.967392,11.203632
45.734426,-37.919228,0.079638,7.246083,11.203632
51.815647,-35.330731,0.529296,9.989906,13.433344
47.014472,-38.606502,0.023839,7.740696,11.203632
51.666998,-35.316602,0.569787,10.128738,13.433344
50.106680,-37.887751,0.076735,11.726858,11.203632
48.581835,-37.327575,0.313138,10.528281,11.203632
48.389203,-38.777399,0.015811,9.066614,11.203632
50.530893,-40.894197,0.047443,12.551587,13.433344
50.001144,-44.391888,0.437725,11.186339,7.890480
46.714656,-38.238689,0.077039,7.710829,11.203632
45.666950,-40.847177,0.013338,10.195524,11.203632
47.256966,-43.789863,0.253878,16.722367,13.433344
47.659430,-38.734673,0.023827,8.347804,11.203632
49.284165,-39.914576,0.010169,10.443623,11.203632
45.727045,-37.888778,0.056108,7.266656,11.203632
51.712686,-35.410161,0.640540,10.054909,13.433344
50.438240,-41.085057,0.047445,12.671384,13.433344
43.897103,-31.240655,0.025043,1.244629,7.159331
46.416829,-36.240744,0.104884,6.408394,11.203632
43.545367,-29.652112,0.008201,2.591437,7.159331
43.656758,-30.362269,0.020201,1.972601,7.159331
42.432146,-28.007675,0.201331,6.233019,7.159331
43.364443,-30.447409,0.048976,1.946524,7.159331
44.054954,-30.593900,0.069874,1.785678,7.159331
49.360145,-32.312730,2.959678,3.569433,11.203632
47.451407,-31.149508,0.104336,3.163060,7.159331
48.411048,-31.630170,0.162821,4.129800,7.159331
46.217705,-36.119129,0.028420,6.518489,11.203632
43.930532,-30.818080,0.071921,1.246168,7.159331
6.502457,2.976634,0.622367,3.977372,2.764122
1.989735,0.527859,0.130377,7.684162,9.327837
6.590619,2.950910,0.670761,4.055207,2.764122
6.414003,9.112459,0.216204,7.544879,2.785959
0.826683,4.883678,0.002442,6.751497,7.062257
1.149572,4.525699,0.007732,5.841868,7.062257
1.241623,4.113412,0.001085,6.031559,9.327837
2.272697,4.616043,0.007689,6.743708,7.062257
1.249669,4.319953,0.001300,5.732129,7.062257
0.782704,5.498371,0.031134,6.936702,7.062257
2.268970,7.060388,0.074301,3.400213,2.764122
5.547840,7.393275,0.019245,3.103898,13.554299
3.967071,9.347864,0.247678,5.642194,2.764122
3.683983,9.074022,0.416392,11.170110,7.062257
5.248324,9.099211,0.115394,3.756164,2.537100
3.946300,3.747142,0.085172,2.403635,13.554299
3.705493,4.880775,0.067716,0.881716,13.554299
5.868837,7.250609,0.007047,3.053612,13.554299
0.727541,2.508065,0.003851,4.310614,13.554299
1.532902,0.483392,0.013113,7.673982,9.327837
-1.162782,4.810813,0.096924,3.779103,9.327837
6.619401,9.655828,0.272883,12.692658,7.733077
6.579806,9.367606,0.254430,11.384744,13.554299
1.034344,3.793910,0.015015,5.638251,9.327837
2.085888,5.593650,0.068325,1.763933,2.764122
1.697904,6.816892,0.046339,3.497572,2.764122
0.656575,5.142326,0.020991,3.467249,2.651709
0.192375,5.908624,0.071399,3.423635,13.554299
0.641821,2.309472,0.013406,4.512167,13.554299
-1.833791,7.798508,0.036685,1.675831,1.453580
2.430533,2.049695,0.032696,3.858745,13.554299
1.190545,3.314606,0.067270,5.482093,7.062257
0.097742,10.208919,0.180582,2.788450,2.651709
1.056732,4.799051,0.010586,6.129302,7.062257
3.483355,9.014554,0.253248,11.039149,7.062257
6.279382,9.434891,0.535277,4.617850,2.537100
5.223717,9.311012,0.257289,3.914081,2.537100
6.556517,2.971587,0.659210,4.017141,2.764122
0.165548,3.409102,0.013421,4.172590,7.062257
3.186083,8.694523,0.041810,4.571589,13.554299
2.201919,8.741180,0.435193,3.599703,13.554299
6.342444,9.239885,0.354477,7.497808,2.785959
0.544124,2.224618,0.012442,5.972722,2.537100
0.044285,6.126547,0.131756,4.872700,2.952500
1.940968,0.436333,0.154250,7.592764,9.327837
1.211747,4.433233,0.007727,5.841874,7.062257
-4.218052,2.272590,0.089131,9.204511,8.192019
-4.097087,1.994263,0.005930,2.421377,2.055490
-7.150606,5.352565,0.111821,10.432956,8.192019
-4.504406,-0.448436,0.077063,0.186885,2.055490
-6.512359,1.490955,0.269851,6.939429,8.192019
-7.688826,1.306293,0.001814,5.596444,8.192019
-6.115793,1.939531,0.001822,7.286967,8.192019
-5.160360,5.223331,0.067912,11.355441,8.192019
-4.283849,2.079469,0.045115,2.717892,3.635423
-7.481257,1.607305,0.001106,6.222684,8.192019
-5.208135,7.244056,0.231118,3.512451,9.327837
-4.719388,-0.225050,0.070253,0.085910,2.055490
-3.869477,3.417103,0.034782,0.834113,9.327837
-5.894258,2.800961,0.031158,9.213820,8.192019
0.417436,-1.321777,0.009151,3.968935,3.565239
-3.179914,2.677716,0.045170,1.482526,2.952500
-7.608316,6.850145,1.016578,4.756868,9.327837
-5.169806,5.186837,0.046381,11.334748,8.192019
0.042071,-0.745852,0.062024,3.427199,16.902710
-7.745950,3.819930,0.063301,9.185777,8.192019
-5.016407,-0.134961,0.065620,0.396256,2.055490
-4.585894,-0.341482,0.000001,0.076699,2.055490
-6.722933,2.652350,0.048461,3.269699,9.327837
-7.809725,5.547154,0.205605,4.396216,9.327837
0.531003,-0.515814,0.062265,3.965445,3.565239
-6.936198,1.613180,0.001810,6.404042,8.192019
-4.258601,1.280442,0.005939,2.421373,2.055490
-3.031806,7.620092,0.099491,5.512448,2.624752
-7.437997,6.887253,0.864404,4.671845,9.327837
-7.157955,5.352014,0.118839,10.430869,8.192019
-4.896285,-0.202842,0.037541,0.261169,2.055490
-4.658949,-0.318126,0.000001,0.000001,2.055490
-4.035196,2.171658,0.008449,2.586664,2.952500
28.974485,1.518093,0.044345,5.522973,2.799544
29.887697,-1.438440,0.086736,13.801154,13.433841
28.979502,1.622228,0.036817,5.457535,2.799544
27.591663,9.248187,0.000028,0.125972,3.443006
27.718989,9.149585,0.000103,0.044367,7.647273
25.494383,7.830065,0.015112,2.616219,7.647273
23.680993,7.221597,0.044372,4.504398,7.647273
27.704116,9.191384,0.000011,0.000013,3.443006
28.061533,-81.038588,0.001377,4.080335,1.789264
30.113413,-83.869312,0.000639,1.931576,4.615271
28.096963,-81.015258,0.014512,4.118949,1.789264
30.166953,-83.828302,0.000629,1.999005,4.615271
19.015648,-80.396758,0.596599,3.136898,1.369090
22.184596,-84.474863,0.023116,4.353150,8.239118
24.958587,-84.836831,0.029376,6.616725,8.239118
24.618892,-85.950369,0.036641,4.704311,4.615271
26.311442,-79.444803,0.472904,8.918132,5.135905
28.021764,-80.277010,0.654656,4.938276,2.850335
24.640702,-85.148634,0.242969,4.787982,2.850335
23.437967,-87.079031,0.155230,7.756679,8.239118
20.205993,-85.818989,1.007051,6.267639,8.239118
22.679595,-84.800918,0.030764,4.360918,8.239118
20.209388,-77.885145,0.199814,3.894306,1.369090
23.832549,-89.094521,0.373321,9.741065,8.239118
21.366538,-78.595765,0.554747,2.776538,1.369090
20.395739,-82.643401,0.063698,4.466708,1.789264
21.596004,-89.047044,0.552871,8.533406,8.239118
29.182849,-82.034321,0.379855,3.904661,4.615271
28.464586,-83.829041,0.054556,12.999571,9.130694
25.552532,-82.661889,0.052326,3.984792,1.369090
21.020115,-82.655856,0.198980,3.857037,1.789264
24.661557,-79.152288,0.030152,2.026846,1.789264
21.724614,-89.381595,0.777663,8.812572,8.239118
21.407399,-83.656043,0.863693,4.692279,8.239118
26.686697,-87.463713,0.676726,3.582442,4.615271
20.030828,-88.176579,0.076204,8.360549,8.239118
24.963941,-84.630597,0.175416,6.617330,8.239118
20.417087,-85.833196,0.819676,6.170191,8.239118
30.789814,-83.295578,0.001806,3.230357,4.615271
21.488135,-85.377343,0.144987,5.236435,8.239118
24.866547,-79.150515,0.161275,2.100194,1.789264
24.369802,-88.827755,0.158588,10.615705,8.239118
24.901295,-84.774226,0.029325,6.616639,8.239118
28.708413,-86.880420,0.135209,1.991087,4.615271
19.409793,-80.393144,0.699447,2.760121,1.369090
28.096896,-81.046208,0.015818,4.112895,1.789264
20.773258,-85.042139,0.301897,5.737141,8.239118
18.983722,-80.324447,0.658528,3.185604,1.369090
30.081656,-83.896375,0.000750,1.931576,4.615271
32.716378,-82.082969,0.223313,5.719375,4.615271
33.799214,-83.384314,0.141606,6.084950,4.615271
31.440217,-80.558665,0.012094,8.579706,9.130694
30.575468,-80.566027,0.077440,5.833031,5.135905
30.689744,-81.369080,0.013349,9.682790,9.130694
-18.884242,-45.311207,0.064766,16.780617,22.207794
-17.724770,-38.995927,0.551855,9.329516,7.890542
-22.306850,-42.603024,0.174001,9.934268,7.890542
-8.916651,-52.148370,0.073174,1.617382,22.207794
-19.044426,-45.290926,0.038066,16.847764,22.207794
-15.370623,-50.581764,0.015294,11.526969,22.207794
-12.133728,-53.373965,0.006114,1.934022,1.101896
-17.575652,-49.483084,0.086863,13.108971,22.207794
-12.452647,-57.032822,0.091716,4.794235,22.207794
-22.670917,-36.985233,0.038235,26.087547,22.207794
-22.484051,-37.916359,0.101724,3.726987,15.414521
-15.881971,-49.474010,0.065027,11.382814,22.207794
-6.674113,-51.501265,0.001038,4.523226,8.827196
-17.510989,-51.772413,0.058765,14.898223,22.207794
-8.175695,-45.629726,0.937530,8.471197,22.207794
-22.869634,-36.099815,0.019470,26.993154,22.207794
-18.869116,-44.450220,0.153475,18.352313,22.207794
-15.662650,-49.422507,0.064699,11.377825,22.207794
-23.137516,-37.831563,0.034639,25.486915,22.207794
-17.072271,-48.851089,0.027724,12.724565,22.207794
-18.843001,-45.298353,0.107001,16.789681,22.207794
-12.959218,-55.422443,0.024579,3.793623,22.207794
-22.577081,-37.680542,0.021789,3.599683,7.890542
-22.080516,-42.064374,0.046982,21.377447,22.207794
-23.302173,-29.538728,0.009403,5.025452,15.414521
-21.137567,-30.252255,0.116271,4.693689,1.934354
-22.761016,-34.164517,0.000020,0.048631,15.414521
-18.328301,-34.549892,0.777632,4.876569,15.414521
-16.748523,-37.297018,0.061099,18.600200,14.096310
-20.367372,-32.140050,0.010143,3.158911,15.414521
-24.007909,-32.798851,0.003401,1.894375,7.890542
-22.318048,-30.879853,0.089102,4.726369,15.414521
-22.280404,-33.403283,0.096659,1.031862,15.414521
-22.709908,-34.363327,0.000112,0.156734,7.890542
-23.524455,-29.917331,0.001032,5.015090,15.414521
-23.266382,-29.464789,0.034783,5.555981,10.437299
-22.746393,-34.210898,0.000007,0.000001,7.890542
-21.114366,-30.058402,0.038291,8.056770,10.437299
-18.166133,-36.016686,1.460763,4.391081,15.414521
-13.847206,-57.614166,0.190087,4.139529,3.123242
7.978681,-61.160158,0.004173,2.109883,11.625158
7.341608,-59.605086,0.004539,0.008310,11.625158
8.244051,-61.055729,0.009745,2.459016,11.625158
8.241172,-61.293880,0.008366,2.373221,11.625158
12.523327,-65.605022,0.025493,9.515641,11.625158
6.396039,-63.452348,0.004697,11.469437,7.997563
8.982469,-68.447194,0.082196,6.454678,7.997563
9.131442,-63.106954,0.017132,5.230295,7.808972
7.034626,-60.158091,0.079239,41.289748,36.465115
5.923741,-56.987575,0.051309,2.975399,11.625158
6.155015,-66.272750,0.020048,8.799477,11.625158
3.395922,-57.749152,0.002639,39.364977,36.465115
10.411125,-59.356435,0.150646,3.335819,11.625158
8.339173,-60.100086,0.052789,1.125070,11.625158
8.233424,-63.276832,0.024650,4.308104,11.625158
4.185768,-62.722768,0.043385,39.459062,36.465115
8.178718,-64.351728,0.014912,5.398030,11.625158
9.957799,-56.847962,0.545601,3.666397,11.625158
7.744277,-68.468111,0.011944,6.837734,8.291859
12.764782,-64.675096,0.271351,5.360836,2.415563
4.013332,-63.504077,0.323755,12.778281,7.997563
8.741396,-68.051909,0.042753,6.379100,7.997563
7.160775,-64.300527,0.254448,7.520928,7.808972
9.941155,-69.013394,0.027212,5.028660,2.873527
7.564421,-65.690129,0.042838,8.945448,7.997563
11.033830,-56.570735,0.116953,5.361791,11.625158
3.713388,-63.218656,0.195810,9.174847,11.625158
11.509675,-68.203997,0.043362,3.565225,2.873527
6.319412,-54.937161,1.043469,4.722599,7.808972
7.219397,-71.355038,0.003235,3.721324,8.291859
7.546857,-70.372857,0.039262,3.719479,8.291859
8.387623,-68.620332,0.067854,6.164728,8.291859
13.031805,-62.068438,0.374159,7.164434,7.808972
12.180660,-58.650038,0.153900,5.113467,7.808972
8.964304,-66.490073,0.049941,8.875000,7.808972
12.145241,-63.703343,0.221674,8.448052,11.625158
6.897816,-70.655349,0.229663,9.605065,6.066807
11.447303,-63.032845,0.014436,12.959008,7.997563
9.765042,-60.321776,0.311572,2.871654,11.625158
3.889590,-55.991825,0.010636,41.173287,36.465115
8.333365,-67.424998,0.042800,7.049740,7.997563
7.997292,-61.188575,0.004128,2.109832,11.625158
10.090649,-68.177459,0.039324,10.513073,7.808972
7.348414,-59.598458,0.000040,0.000015,11.625158
11.356865,-75.540065,0.956518,5.701986,7.997563
7.173486,-78.391394,0.447193,4.438277,8.291859
10.833136,-74.355303,0.584729,8.736933,6.066807
4.883763,-74.668522,0.010241,2.817437,4.728110
10.671731,-71.376718,0.094005,7.528929,6.066807
9.773586,-71.298068,0.053758,4.110840,4.728110
6.864535,-78.021072,0.669049,4.010062,8.291859
10.796899,-71.044414,0.122715,4.845853,2.873527
4.113637,-75.479609,0.128713,4.001081,2.313350
9.321679,-74.021993,0.295249,10.035482,6.066807
10.349480,-73.591899,0.642500,7.885601,6.066807
6.342339,-76.376914,0.016049,2.429676,8.291859
10.424908,-72.720662,0.033000,8.733834,6.066807
7.991510,-76.177713,0.016157,2.583146,7.997563
8.118058,-74.624001,0.025934,1.591586,7.997563
-21.440664,-12.421753,0.085593,2.859302,7.409231
-21.390756,-12.316943,0.024234,1.719948,3.888792
-21.036324,-13.233583,0.027341,5.318505,3.116638
-21.222991,-10.271234,0.044103,2.576560,7.409231
-22.059381,-10.979933,0.006083,2.823175,7.409231
-22.870148,-19.423044,0.929274,4.541324,3.116638
-22.341827,-11.344069,0.013104,5.975279,3.613233
-21.368996,-12.448808,0.038773,2.613439,7.409231
-23.788251,-9.251080,0.012070,5.906723,7.409231
-23.712648,-9.295728,0.015838,5.878834,7.409231
-24.227118,-10.667774,0.128077,5.591085,3.613233
-23.787777,-9.834797,0.022608,4.584967,3.888792
-23.250012,-12.008632,0.010708,3.555014,3.888792
-18.131293,-4.232945,0.065469,2.188802,8.416112
-18.504263,-4.269617,0.018926,2.539551,8.416112
-15.364840,-0.975966,0.004092,4.256453,5.644353
-17.927179,-4.156014,0.015750,1.976626,8.416112
-17.180939,-1.341779,0.013436,3.400360,5.644353
-16.702220,-2.970114,0.007980,1.884308,5.644353
-16.914709,-2.619812,0.023436,3.492856,8.416112
-15.953041,-0.760962,0.001110,6.352906,8.416112
-18.345495,-4.410004,0.037624,2.465172,8.416112
-16.494481,-3.937212,0.010650,1.179142,5.644353
-16.001637,-5.734736,0.021684,2.169798,8.416112
-18.035630,-3.588939,0.052955,1.309906,5.644353
-18.223170,-4.396140,0.018955,2.355880,8.416112
-16.381525,-4.323062,0.000349,1.446462,8.416112
-16.264771,-3.800418,0.026732,2.925851,8.416112
-15.810217,-0.755265,0.004312,6.440238,8.416112
-15.640973,-4.614517,0.003981,2.030841,8.416112
-16.992250,-3.507220,0.008015,2.172242,8.416112
-15.946285,-3.699694,0.009259,1.747648,5.644353
-18.156548,-4.433720,0.038364,0.983841,8.416112
-16.978197,-3.822574,0.002276,2.163096,8.416112
-18.559979,-5.518938,0.002041,1.434897,8.416112
-13.726512,-3.791358,0.219027,3.807534,8.192019
-15.633638,-1.152731,0.005188,6.340003,10.984074
-17.364976,-5.586138,0.007242,0.847816,8.416112
-15.400736,-6.195492,0.008532,2.980664,8.416112
-16.088895,-4.360118,0.005139,1.737085,8.416112
-19.011470,-3.568476,0.060205,2.063751,5.644353
-18.002856,-4.691911,0.024758,0.641337,8.416112
-14.119310,-1.676960,0.033730,2.686811,8.192019
-19.944181,-3.154134,0.232928,4.041783,8.416112
-17.658691,-1.163011,0.004044,5.169462,8.416112
-18.895150,-0.264210,0.042007,6.961304,8.416112
-12.709558,-5.498935,0.001851,5.332141,5.644353
-17.332556,-2.380134,0.003261,3.883665,8.416112
-16.534179,-2.032775,0.018789,4.075373,8.416112
-18.050923,-4.359576,0.027986,2.194534,8.416112
-19.084557,-1.566789,0.072941,3.607180,5.644353
-15.973905,-3.027130,0.012658,2.196691,5.644353
-15.993126,-0.597859,0.010890,6.232886,10.984074
-18.829880,-5.075946,0.019295,1.546179,8.416112
-21.042314,-4.990924,0.055661,5.337366,5.644353
-19.123417,-2.370527,0.087831,2.952008,5.644353
-19.100963,-0.369971,0.178345,7.139702,8.416112
-19.181190,-1.489222,0.129303,3.717361,5.644353
-16.344605,-3.596350,0.027485,2.760525,10.984074
-18.170861,-4.947493,0.007474,0.854990,8.416112
-16.599765,-3.427961,0.001462,2.911062,8.416112
-21.119672,-2.329430,0.037402,7.783358,8.416112
-15.636987,-5.148382,0.028229,2.131401,8.416112
-18.686454,-2.777348,0.039105,4.579401,8.416112
-21.622971,-4.955377,0.055997,5.908009,5.644353
-18.894082,-3.993288,0.037410,1.758537,5.644353
-17.932777,-4.753946,0.030782,0.586102,8.416112
-15.720168,-4.657037,0.009569,1.958750,8.416112
-19.872676,-3.371847,0.040059,3.890252,10.984074
-17.222593,-2.602366,0.001648,2.139700,5.644353
-16.232160,-1.707966,0.019625,5.683586,8.416112
-16.970078,-4.433074,0.001208,0.701737,8.416112
-16.394835,-5.417556,0.053463,1.668389,8.416112
-17.457073,-5.661341,0.001279,1.205797,5.644353
-17.174796,-5.484230,0.002041,0.870371,5.644353
-17.979274,-5.182380,0.021228,2.724581,5.644353
-16.459583,-0.219008,0.007835,6.123921,8.416112
-18.897897,-4.493908,0.036747,3.016002,8.416112
-16.325013,-2.191851,0.011774,4.214534,10.984074
-21.960686,-2.948821,0.071185,6.014721,8.416112
-18.430183,-1.331714,0.008231,6.802562,2.176485
-14.672680,-5.357489,0.044304,3.086384,10.984074
-17.533921,-2.764989,0.007178,3.466320,8.416112
-18.357446,-5.357849,0.014886,1.169923,8.416112
-17.519329,-0.040912,0.032834,6.699205,10.984074
-17.637074,-6.217533,0.032857,1.757550,5.644353
-14.839257,-2.255693,0.022396,3.531282,5.644353
-19.484365,-1.238145,0.099383,6.503674,8.416112
-17.327550,-2.892853,0.030859,1.845345,5.644353
-17.737191,-1.890339,0.006891,4.366805,8.416112
-17.306416,-2.054075,0.028827,3.891486,8.416112
-15.885384,-3.279857,0.005863,3.552488,10.984074
-15.678204,-5.223079,0.017144,2.137635,8.416112
-14.093266,-5.212688,0.124374,3.607148,8.416112
-18.042507,-6.027696,0.017623,1.467113,8.416112
-16.281796,-0.946539,0.020006,6.309237,8.416112
-14.906144,-2.259031,0.014169,5.592355,10.984074
-18.754332,-3.876468,0.050055,1.698436,5.644353
-16.111732,-1.089020,0.002731,3.855016,5.644353
-16.154267,-6.126382,0.044638,1.854981,8.416112
-20.779730,-1.201411,0.020765,7.767350,8.416112
-20.859366,-3.014228,0.043411,5.000128,8.416112
-18.412148,-5.594843,0.011165,2.691510,5.644353
-18.169630,-0.566961,0.009785,6.381649,10.984074
-21.253849,-3.149919,0.022517,5.308439,8.416112
-17.870101,-6.328925,0.006740,2.585626,5.644353
-18.823077,-4.135467,0.009745,2.832014,8.416112
-17.233211,-2.666778,0.007441,2.075102,5.644353
-20.287598,-2.429217,0.118517,6.984114,8.416112
-19.593090,-3.879302,0.036714,3.611521,8.416112
-20.358434,-0.804494,0.095084,11.590656,10.984074
-18.208691,-6.271289,0.031773,2.655973,5.644353
-16.319676,-5.268921,0.000003,1.678912,8.416112
-18.160279,-3.282307,0.017595,2.408943,8.416112
-17.232738,-2.582224,0.008971,2.159583,5.644353
-16.106752,-4.964904,0.025067,1.650657,8.416112
-16.075885,-5.048823,0.013690,1.587612,5.644353
-16.575603,-4.352308,0.010617,1.133980,8.416112
-15.898484,-0.767419,0.004315,6.351556,8.416112
-18.467762,-3.932807,0.125436,2.346223,8.416112
-17.868512,-5.796443,0.006935,2.158783,5.644353
-15.858910,-3.628409,0.010506,3.270646,8.416112
-18.831990,-3.480124,0.001932,2.895636,8.416112
-17.810189,-4.792287,0.003808,0.473813,8.416112
-16.034416,0.011949,0.026619,6.653614,8.416112
-18.549743,-3.025354,0.020999,2.088452,5.644353
-16.589907,-0.642473,0.007212,5.761025,8.416112
-17.543217,-3.114054,0.006283,1.634685,5.644353
-16.515440,-4.157202,0.016964,1.318009,8.416112
-16.163368,-2.374272,0.024976,4.318954,10.984074
-15.336928,-0.915873,0.002812,4.322531,5.644353
-17.775233,-1.635648,0.025766,3.130752,5.644353
-19.276992,-1.664609,0.180054,3.622849,5.644353
-21.137489,-4.944481,0.009266,5.263595,10.984074
-18.069411,-4.325772,0.046094,2.189070,8.416112
-17.328880,0.540747,0.075082,8.014013,10.984074
-19.504580,0.276264,0.066583,9.696003,10.984074
-22.291393,-2.621795,0.138625,0.406354,2.624205
-18.167460,0.303873,0.034933,7.341630,10.984074
-18.666832,1.196071,0.016360,5.293617,2.624205
-22.063258,-1.166261,0.029349,1.171362,2.624205
-17.732869,1.491051,0.030598,8.322560,10.984074
-13.633069,-0.701454,0.006382,2.402230,2.176485
-22.261470,-2.237854,0.127230,0.127738,2.624205
-12.297357,-0.554540,0.007016,0.590289,8.192019
-19.633032,0.480678,0.036570,4.091568,2.624205
-22.569696,-2.061363,0.000076,0.203843,2.624205
-18.766863,0.139834,0.043987,7.246454,8.416112
-17.049098,1.260982,0.005754,7.673826,8.416112
-16.461775,0.888136,0.007074,7.524539,8.416112
-13.874404,-0.463085,0.002483,8.612780,8.416112
-12.587078,0.773032,0.061259,1.778020,8.192019
-19.516569,0.303964,0.060902,9.600346,10.984074
-16.704080,1.301987,0.132638,7.673249,8.416112
-17.949231,0.828361,0.002694,7.710753,10.984074
-22.440767,-2.219282,0.000024,0.000022,2.624205
-18.492707,0.864569,0.023792,8.185622,10.984074
-18.454505,1.000315,0.002718,8.192468,10.984074
-22.035542,-1.236482,0.013948,12.472313,10.984074
-22.442418,-2.274339,0.036053,0.041644,2.624205
-22.036821,-2.482465,0.146714,0.459283,2.624205
-23.184014,-1.554916,0.006983,13.610400,10.984074
-14.073199,-0.620730,0.007596,2.402550,2.176485
-12.926190,-0.350129,0.044438,9.383798,8.416112
-18.074907,0.876851,0.002715,7.710694,10.984074
-19.001202,0.232101,0.023718,9.455778,10.984074
-22.384021,-2.398139,0.069046,0.174491,2.624205
-24.930424,-6.008045,0.007143,9.233158,7.409231
-25.447221,-4.155321,0.427532,3.701823,2.624205
-26.509059,-4.052445,0.273587,4.499538,2.624205
-25.243415,-4.855911,0.980440,3.678364,2.624205
-3.454054,9.121567,0.377059,3.051232,2.785959
-3.142850,9.040335,0.097476,6.935284,2.624752
-2.283604,10.151621,0.094376,2.464073,2.785959
-2.430777,9.971357,0.135738,2.498039,2.785959
-0.360161,10.960860,0.000005,2.651749,2.651709
4.049386,11.642120,0.849160,7.606200,2.764122
1.015313,11.157993,0.193603,3.884780,2.651709
4.379659,11.088902,0.369739,7.206135,2.764122
3.011928,12.492903,0.711285,6.029084,2.651709
36.903600,11.500990,0.000008,0.000006,4.020343
32.001579,13.985810,0.863318,6.647326,2.274103
27.700634,9.595848,0.057601,0.461135,7.647273
36.872481,11.523524,0.000014,0.038415,4.020343
27.606142,9.675299,0.039246,0.454488,7.647273
25.381792,11.159823,0.183414,2.939785,7.647273
25.340972,12.586912,0.374963,6.154782,5.243332
31.731223,5.374878,0.770245,6.600793,7.647273
37.985946,11.991696,0.168482,1.174221,2.274103
30.674701,15.014663,4.036899,6.583022,7.647273
31.954881,15.392997,3.553098,7.820023,7.647273
29.310837,7.851237,0.150770,2.089868,7.647273
27.201451,10.647794,0.018813,1.540598,7.647273
26.635320,12.828671,0.222571,3.784526,7.647273
32.161574,14.010633,0.749358,6.542323,2.274103
27.139947,13.975674,0.418984,5.201057,3.443006
26.207526,10.310002,0.054507,2.057085,3.443006
37.007084,11.392120,0.026620,9.989248,7.647273
27.472446,9.855516,0.006281,0.703349,7.647273
32.771246,8.430827,1.386306,3.400246,4.147664
27.079531,10.710169,0.074874,1.640488,7.647273
47.481373,-52.959051,0.005102,0.873467,5.002193
47.360691,-52.725038,0.009268,1.096223,5.002193
44.487412,-55.472538,0.191948,3.118227,5.002193
50.919411,-54.700408,0.010461,6.218919,5.002193
47.323959,-57.712725,0.007871,3.804922,7.365560
47.333151,-57.623394,0.007980,3.804976,7.365560
47.142481,-58.287170,0.007806,3.716663,7.365560
48.015595,-50.963100,0.432553,8.837000,4.690580
47.476027,-51.416602,0.651950,9.506823,4.690580
46.829501,-55.399334,0.348242,8.533758,11.021429
47.684406,-56.657589,0.010096,4.832027,7.365560
53.752921,-53.484524,0.024704,11.560420,7.365560
51.168788,-54.695091,0.134675,6.269739,5.002193
50.109181,-51.133392,0.129608,4.269011,7.890480
49.433844,-56.653810,0.364881,6.270078,7.365560
49.427360,-55.800181,0.052837,8.096001,7.365560
48.825287,-46.068310,0.383793,6.154572,4.690580
47.447713,-57.842267,0.036073,3.936307,7.365560
44.198216,-51.051984,0.009731,4.122118,5.002193
46.229264,-53.211940,0.154528,8.492680,7.365560
46.144924,-48.776701,0.045108,9.258077,4.690580
44.818135,-55.459798,0.350181,5.895835,11.021429
50.141237,-51.676496,0.088610,8.662441,4.690580
44.379993,-55.278285,0.027684,3.086119,5.002193
47.412699,-52.998616,0.005005,0.873450,5.002193
47.224702,-57.667611,0.027958,4.077451,7.890480
36.284458,-43.176419,0.016446,2.208667,8.560032
36.962264,-49.108841,0.079825,3.832695,8.560032
36.594443,-46.547753,0.034358,1.254568,8.560032
36.511126,-47.884648,0.246709,2.572211,8.560032
36.173183,-41.691023,0.016543,3.697847,8.560032
32.024142,-45.874139,1.292010,4.492258,8.560032
36.498417,-45.503587,0.028847,0.316684,8.560032
39.733371,-44.461938,0.086111,3.115042,8.560032
35.990982,-40.841758,0.080935,6.747079,8.560032
29.938218,-41.860150,0.465743,7.392655,4.441518
33.405424,-39.708059,0.011709,4.236112,8.127776
30.139982,-41.732487,0.276981,7.496348,4.441518
31.748694,-40.673339,0.329235,7.749857,4.441518
39.708287,-42.600244,1.584871,4.671780,8.560032
32.572749,-46.354700,0.765948,3.493382,8.560032
37.139909,-49.519468,0.149679,4.250540,8.560032
36.454448,-41.349129,0.312768,7.288198,2.807392
35.877803,-35.456733,0.326096,12.231322,8.560032
36.685787,-46.609407,0.048316,1.324038,8.560032
32.342103,-40.345504,0.040801,8.272139,4.441518
32.956629,-40.038761,0.223923,4.429458,8.127776
28.889563,-41.587221,0.180260,7.334259,4.543875
30.540263,-37.740898,0.137228,6.366512,4.441518
36.853204,-48.809031,0.000510,3.523949,8.560032
33.219517,-44.444694,0.072846,4.192644,8.560032
31.325191,-42.726254,0.807540,8.665712,4.441518
34.039322,-39.691332,0.203754,4.481855,2.807392
36.843600,-46.743735,0.020246,1.465756,8.560032
37.025472,-49.259601,0.128036,3.988779,8.560032
36.334721,-43.352359,0.016427,2.208643,8.560032
31.926164,-70.406502,0.298217,4.949946,8.602899
30.462606,-67.954267,0.029871,2.584390,8.602899
35.088262,-71.698972,0.143963,8.230466,8.056753
34.652028,-73.852879,0.215228,6.283797,8.056753
35.028746,-68.675378,0.208729,4.314530,8.602899
33.506702,-74.072227,0.107253,4.009801,1.495322
29.608855,-71.130547,0.007435,5.704111,8.602899
31.985658,-64.980799,0.083995,5.514618,2.378476
29.211067,-66.748483,0.208221,4.317839,3.485939
30.552170,-67.978176,0.027919,2.611535,8.602899
34.809867,-68.949656,0.045536,4.110396,8.602899
29.610209,-73.458287,0.061085,8.981008,8.602899
27.869472,-68.388830,0.115460,10.773290,7.310995
33.560815,-73.866174,0.003856,3.895233,1.495322
31.760933,-66.345052,0.013459,0.460622,5.330322
27.244009,-69.286386,0.098885,6.221602,8.602899
32.158251,-71.960381,0.020633,8.762233,8.056753
35.139065,-73.271588,0.019502,4.783342,9.994077
32.961443,-73.121177,0.020532,7.351251,8.056753
28.497558,-69.794263,0.042173,5.119356,8.602899
32.674653,-67.302234,0.011449,1.238932,5.330322
26.242991,-69.899396,0.061712,7.299661,8.602899
32.098796,-64.936694,0.042325,5.401240,2.378476
30.316577,-67.386497,0.044157,1.509263,5.330322
31.720258,-71.884471,0.090240,6.105005,8.602899
27.284697,-69.309260,0.061626,6.205225,8.602899
35.031413,-71.668063,0.099697,8.266778,8.056753
34.930814,-73.512597,0.035911,4.665528,9.994077
29.507666,-63.447711,0.542859,5.162943,5.330322
35.573881,-67.219278,0.283173,7.238737,5.360005
32.736495,-62.252202,0.072558,4.542238,8.602899
34.815565,-66.795942,0.652863,2.940328,8.602899
34.505483,-64.124338,0.148770,6.338851,5.330322
35.434626,-67.760511,0.134772,7.777534,5.360005
26.048459,-66.779622,1.481581,9.860839,7.310995
29.450677,-63.508483,0.491179,5.223550,5.330322
25.395179,-72.647605,0.005854,7.989902,7.310995
23.462393,-71.046812,0.001046,10.307043,8.602899
20.822352,-68.804184,0.200457,2.436058,1.625652
24.547476,-75.330517,0.041431,13.567341,8.602899
24.077387,-66.683390,1.501502,11.297763,8.602899
23.688725,-71.550154,0.135396,5.828060,7.310995
20.838681,-68.199294,0.118122,7.036671,2.873527
24.779955,-65.858016,2.515841,9.856398,8.602899
25.350267,-74.541104,0.130964,12.699521,8.602899
20.786566,-69.410001,0.094849,12.963538,8.602899
23.514095,-71.796276,0.176272,6.258979,7.310995
23.326936,-65.886361,0.601509,8.214308,5.485423
23.805445,-70.830525,0.061770,9.906073,8.602899
24.361657,-68.731824,0.013443,9.086746,7.310995
25.469611,-72.563115,0.092060,10.925821,8.602899
19.088487,-66.062993,0.071883,4.041821,5.485423
21.644884,-66.055611,0.235804,6.565014,5.485423
16.919890,-71.700813,0.039452,3.461520,6.066807
15.436463,-71.302711,0.011593,2.753423,6.066807
17.950782,-65.506004,0.008191,3.404059,1.705579
19.873789,-70.499037,0.082931,5.935161,2.873527
21.073855,-75.491907,2.161936,9.964855,7.310995
15.357447,-67.623609,0.277286,2.242362,6.066807
17.872971,-73.731727,0.477648,4.342186,1.625652
17.553807,-73.512152,0.111765,4.215257,1.625652
20.641797,-65.951221,0.221616,5.558284,5.485423
17.601747,-65.765684,0.048686,3.948456,5.485423
17.163845,-72.794543,0.454155,4.984063,1.625652
21.603428,-66.060466,0.226111,6.524462,5.485423
14.430078,-67.427624,0.003760,2.008863,2.415563
19.075638,-66.038032,0.048605,4.026597,5.485423
19.350823,-65.572697,0.219248,4.327208,5.485423
29.858751,-77.390670,0.006730,8.905430,5.135905
31.254347,-78.685924,0.002636,7.422238,5.135905
32.448627,-76.003399,0.426053,5.370750,9.994077
31.802509,-80.057868,0.006517,8.116052,9.130694
32.334235,-75.852361,0.307759,5.518752,9.994077
33.058841,-78.566258,0.012897,6.196885,9.130694
35.415494,-76.687302,0.045303,2.376887,9.994077
31.688681,-80.168323,0.013081,8.243039,9.130694
31.885103,-76.200561,0.062085,9.963321,5.135905
29.600016,-77.584992,0.052034,10.309314,9.130694
31.646898,-80.284137,0.006646,6.030690,5.135905
32.408812,-75.996858,0.429497,5.410952,9.994077
31.812936,-80.254524,0.091574,8.258883,9.130694
32.828399,-76.130091,0.300989,5.429511,8.056753
41.127071,-77.830352,0.064252,7.988184,9.994077
31.699091,-76.116413,0.263921,9.993916,5.135905
35.498750,-74.842144,0.036755,3.199043,17.187910
34.866331,-76.541713,0.069766,3.172754,8.056753
37.942405,-73.412562,0.161619,4.519560,9.130694
30.833734,-79.862413,0.084216,6.225027,5.135905
33.530401,-78.761056,0.367710,5.956913,9.130694
35.577417,-73.533831,0.032143,4.357626,9.994077
38.785087,-72.697573,0.185923,6.252399,9.994077
31.430796,-76.080358,0.352863,10.336092,8.056753
33.781618,-76.911813,0.004194,4.313169,9.130694
33.783823,-75.557750,0.127153,4.187485,9.994077
34.365658,-75.675833,0.102074,4.756577,9.130694
34.811273,-79.384299,0.065700,2.672600,8.056753
33.593493,-76.606825,0.093118,4.198295,9.994077
33.529768,-78.199707,0.012920,6.003120,9.130694
30.857540,-77.135749,0.013378,8.967531,5.135905
39.832816,-80.189533,0.036552,7.147296,9.994077
41.183715,-78.187090,0.010854,8.033447,9.994077
29.589949,-77.540854,0.097280,10.310427,9.130694
29.870573,-78.101194,0.031554,8.227308,5.135905
35.748468,-82.618261,0.244443,8.176804,4.615271
33.286267,-79.346391,0.001395,3.997015,9.994077
40.615594,-76.090123,0.135165,9.340095,9.994077
35.367084,-76.606093,0.035911,3.152702,8.056753
35.422477,-73.594538,0.033098,4.881998,9.130694
32.603037,-78.392384,0.195372,6.334453,9.130694
32.007800,-76.194157,0.054311,10.002501,5.135905
30.959954,-79.839876,0.031210,6.276397,5.135905
31.145482,-78.635302,0.115861,7.441189,5.135905
29.875225,-77.348136,0.011914,8.945541,5.135905
31.809337,-80.061445,0.012729,6.305649,5.135905
32.885870,-78.657520,0.012966,6.196945,9.130694
32.496419,-75.993268,0.404488,5.326913,9.994077
48.657139,-61.346002,0.009178,2.507264,4.426478
54.984803,-62.073445,0.002310,12.690903,13.543493
50.290073,-64.619414,0.028197,10.199038,12.031198
42.843724,-59.166486,0.065720,7.748207,11.021429
50.594851,-65.423000,0.017858,9.405552,12.031198
48.714057,-61.331186,0.026017,2.582650,13.543493
53.471715,-60.322091,0.083962,9.443839,13.543493
50.873765,-64.365743,0.085431,11.438410,12.031198
50.277241,-65.606365,0.075764,9.264997,12.031198
41.811112,-60.522170,0.022146,8.006789,11.021429
43.128809,-58.979037,0.166326,3.786213,7.365560
49.729602,-61.871348,0.273294,13.112636,12.031198
50.531639,-63.322979,0.027754,5.318424,4.426478
51.014454,-61.016676,0.046739,6.843257,13.543493
58.306865,-58.687529,0.404179,3.551821,1.915969
49.997038,-61.253363,0.016249,6.847579,13.543493
52.541199,-60.449527,0.083984,8.519774,13.543493
51.331253,-65.006246,0.074601,10.157711,12.031198
44.998581,-59.347097,0.066563,7.743279,6.681352
50.964717,-64.714670,0.037043,10.430144,12.031198
52.238122,-59.848055,0.459035,8.448613,13.543493
50.541169,-65.372205,0.017841,9.405542,12.031198
48.797427,-64.619765,0.038134,4.581891,7.365560
54.159941,-61.779268,0.090784,4.287522,1.915969
49.906482,-58.794430,0.127248,16.197592,12.031198
50.201043,-67.207395,0.132628,9.051686,12.031198
42.836708,-59.131396,0.040402,7.773495,11.021429
41.751497,-60.756942,0.014897,5.198308,7.365560
44.755499,-61.477329,0.122166,1.809109,4.426478
42.354069,-63.547444,0.104686,11.274793,11.021429
53.544702,-60.378849,0.030445,9.519234,13.543493
54.256714,-58.995718,0.294093,10.828162,13.543493
43.154928,-62.728962,0.016094,10.611886,11.021429
52.181460,-60.265740,0.083920,8.519712,13.543493
41.710596,-62.072795,0.022232,9.832384,11.021429
52.625152,-63.131356,0.822020,7.241286,4.426478
52.576183,-61.487444,0.332985,5.879623,1.915969
54.988991,-62.119871,0.048166,15.082952,13.543493
57.182758,-57.059915,0.041826,14.320472,13.543493
54.147767,-59.149542,0.243054,10.646706,13.543493
50.437056,-66.179160,0.006989,9.351170,12.031198
46.209594,-65.237438,0.042886,7.176591,13.543493
58.257333,-57.731562,0.091915,18.160947,13.543493
42.210728,-61.647416,0.028163,9.223710,11.021429
50.336121,-64.611986,0.017929,10.192115,12.031198
48.732699,-61.335585,0.007789,2.581809,13.543493
62.806403,-62.702557,0.561919,4.523569,1.915969
58.329666,-57.206264,0.548148,5.025283,1.915969
50.553817,-74.115834,0.000017,0.104013,4.584892
50.451722,-74.135605,0.000009,0.000020,4.584892
50.354554,-74.052618,0.077215,0.095155,3.183775
51.921172,-69.689387,0.015614,0.109224,12.031198
50.723369,-73.797548,0.033611,0.446010,4.584892
50.604886,-74.458443,0.061632,0.450395,3.183775
48.665228,-71.634195,0.516459,19.162943,17.187910
52.999019,-67.705874,0.183465,6.028830,12.031198
47.761212,-72.309624,0.037753,18.141038,17.187910
51.530104,-69.509213,0.050357,0.360560,12.031198
58.618193,-68.851987,0.030703,7.490060,12.031198
51.687051,-66.895672,0.162248,7.347788,12.031198
57.582225,-67.665855,0.230335,6.774160,12.031198
51.895715,-68.964514,0.180501,0.639531,12.031198
51.869815,-69.597813,0.000020,0.000002,12.031198
48.432106,-72.350315,0.074947,3.633900,4.584892
56.622852,-67.792224,0.259992,5.947307,12.031198
51.991453,-69.427898,0.000017,0.208965,12.031198
50.651122,-74.129938,0.008400,0.200194,3.183775
47.298499,-75.359242,0.220847,13.548627,9.994077
47.669565,-73.762492,0.131992,18.601562,17.187910
45.909537,-72.768990,0.034250,16.213188,17.187910
44.195831,-78.202009,0.000007,9.994108,9.994077
44.861035,-74.512252,0.304334,13.155389,17.187910
44.458399,-72.209130,0.041536,15.776523,17.187910
42.582600,-77.462186,0.010824,8.840039,9.994077
43.721006,-74.963112,0.304324,13.155336,17.187910
40.819200,-71.831868,1.034758,19.273335,17.187910
45.464172,-72.783739,0.016670,5.977637,4.584892
46.231705,-67.620215,0.286780,13.433315,12.031198
44.604052,-74.177555,0.063924,13.261769,17.187910
46.515562,-70.085277,0.186475,19.763448,17.187910
43.438013,-77.787660,0.000046,9.994036,9.994077
43.538255,-71.332742,0.488177,16.966160,17.187910
42.549301,-71.937771,0.090842,17.763713,17.187910
41.521805,-79.591393,0.605802,7.646025,17.187910
44.867529,-75.476387,0.254196,7.944649,4.584892
44.453461,-77.854884,0.071469,10.362671,9.994077
44.445320,-72.146657,0.093915,15.812997,17.187910
45.123823,-70.564655,0.243133,7.115378,4.584892
44.251221,-78.165860,0.058299,10.025362,9.994077
43.725920,-74.813958,0.393652,13.035788,17.187910
-8.145669,0.975909,0.001964,5.043858,8.192019
-10.038723,-3.623729,0.166203,3.560405,2.176485
-10.168826,-3.657686,0.034094,3.535363,2.176485
-11.713850,-0.477638,0.000026,0.000042,8.192019
-8.695655,5.881796,1.312096,10.223390,8.192019
-8.205296,-0.046916,0.053787,3.534875,2.176485
-8.586446,5.718493,1.179585,10.080550,8.192019
-8.269488,0.378754,0.004309,4.424478,8.192019
-11.804652,-0.603291,0.003482,10.465338,8.416112
-8.066439,0.866540,0.001957,5.015967,8.192019
-8.991676,0.931420,0.000246,3.125015,8.192019
-11.531310,-0.320802,0.006870,0.243236,8.192019
-11.031436,-0.315037,0.008934,11.258904,8.416112
-9.280001,-3.133037,0.207085,7.657452,8.192019
-10.212307,-1.388817,0.190661,12.141782,8.416112
-11.127654,-0.381816,0.004033,0.594164,2.176485
-10.649437,1.260571,0.046009,2.656889,8.192019
-7.991328,-0.141888,0.001053,4.600262,8.192019
-10.251311,1.229493,0.033162,12.476802,8.416112
-10.599253,-4.230385,0.149251,13.135930,8.416112
-8.484257,0.922648,0.017041,4.021468,2.055490
-11.088028,-1.975871,0.043911,11.486254,8.416112
-11.678258,-5.084908,0.377082,13.014721,8.416112
-11.572439,-3.925402,0.163306,12.533847,8.416112
-8.758792,-0.632217,0.094289,2.958874,2.176485
-11.604294,-2.240103,0.250800,11.373601,8.416112
-5.130687,-3.631082,0.042633,9.112005,8.192019
-6.691052,-1.958086,0.125427,6.830469,8.192019
-11.079965,-0.193740,0.026757,0.717975,8.192019
-9.382408,0.998059,0.000247,3.107127,8.192019
-11.488357,4.851637,0.401701,7.389423,8.192019
-9.209880,-2.865786,0.201113,7.381238,8.192019
-11.778003,-1.769683,0.066920,10.785068,8.416112
-9.567121,-1.266786,0.411068,12.758014,8.416112
-11.441317,-0.239838,0.006849,0.363509,8.192019
-11.734195,-0.435023,0.000086,0.047201,2.176485
-9.009391,0.933941,0.000247,3.125022,8.192019
-11.486276,-5.064386,0.351860,13.112679,8.416112
-8.358264,-4.026081,0.510512,8.368746,8.192019
-9.471674,1.065334,0.051557,3.206433,8.192019
-8.714313,5.823007,1.321706,10.163368,8.192019
-10.081447,-3.604829,0.135692,3.525027,2.176485
-8.132481,0.951023,0.001957,5.043864,8.192019
-6.286339,-0.821104,0.226215,6.364753,8.192019
-8.244242,-0.006937,0.009062,3.501487,2.176485
-11.583568,-0.400476,0.000035,0.243792,8.192019
-2.334642,-59.876288,0.617813,34.138584,30.730878
-6.725987,-58.483440,0.203039,35.019890,30.730878
0.533349,-57.986233,0.172740,32.028992,30.730878
-3.997386,-41.552482,0.075509,11.303385,30.730878
-1.330096,-52.218055,0.001205,25.334474,30.730878
-2.041983,-40.118621,0.008936,11.112619,30.730878
1.029096,-51.513698,0.058383,23.429075,30.730878
-1.369564,-41.858414,0.080042,13.673666,30.730878
-0.560181,-37.947444,0.475010,12.653700,30.730878
-0.152095,-47.983263,0.045963,21.284954,30.730878
-0.294201,-43.619083,0.004636,15.028712,30.730878
-0.999829,-42.569228,0.009627,14.632620,30.730878
0.249062,-40.045255,0.058216,13.835602,30.730878
-4.808111,-37.741452,0.049884,7.024737,30.730878
-4.559674,-54.588242,0.002531,31.376918,30.730878
-4.691569,-37.732904,0.055446,7.055856,30.730878
2.371717,-46.412670,0.295643,19.920264,30.730878
-5.263916,-39.286420,0.053908,8.105860,30.730878
0.082974,-47.888989,0.022020,21.283681,30.730878
0.001609,-44.875098,0.046830,16.362565,30.730878
3.960215,-46.951060,0.160020,21.939387,30.730878
-3.492679,-53.314058,0.058888,32.545575,30.730878
-2.555968,-49.714508,0.147239,28.076281,30.730878
-0.975830,-41.383256,0.065614,13.795109,30.730878
-6.552307,-37.577189,0.078740,6.984413,30.730878
1.206891,-55.378262,0.011123,29.632142,30.730878
0.532301,-51.577824,0.028312,23.253126,30.730878
-1.354008,-56.383628,0.002497,31.046009,36.465115
-5.374314,-37.190940,0.100764,5.843844,30.730878
3.494031,-55.402937,0.088781,27.868811,30.730878
-1.346194,-56.620117,0.002743,29.914431,30.730878
-4.021034,-44.126755,0.094445,17.776963,36.465115
-1.242626,-54.972046,0.001194,29.357295,30.730878
-4.126582,-41.545927,0.202991,11.281962,30.730878
-2.719642,-55.795093,0.002420,29.385293,36.465115
-3.645145,-55.538502,0.001006,9.510290,8.827196
-4.466662,-54.446915,0.001022,9.510281,8.827196
0.626644,-49.750208,0.074006,23.077038,30.730878
-2.755476,-62.559354,1.356746,37.411384,36.465115
-0.884025,-58.484991,0.022011,33.847550,36.465115
-5.574583,-39.063310,0.274488,8.008803,30.730878
-2.111350,-39.248021,0.033760,11.106051,30.730878
-2.078149,-40.237205,0.091104,11.201323,30.730878
-0.498632,-43.280304,0.009665,15.027784,30.730878
-6.569705,-58.571818,0.039829,35.084672,30.730878
-1.704695,-50.227070,0.312418,27.336347,30.730878
0.214941,-44.733709,0.027690,16.379436,30.730878
-2.853716,-55.731428,0.002494,29.385323,36.465115
-4.829421,-49.314080,0.237358,6.956245,8.827196
-5.222395,-40.018314,0.181248,8.760705,36.465115
0.852174,-51.537412,0.022249,23.277582,30.730878
-0.119065,-43.784436,0.043453,15.262706,30.730878
0.397480,-58.134343,0.044687,32.139253,30.730878
3.653489,-47.034911,0.464007,21.881134,30.730878
4.653627,-47.101202,0.345427,24.605545,30.730878
-2.279915,-59.791824,0.553369,34.063375,30.730878
-1.322290,-52.388089,0.001200,25.334418,30.730878
-4.851734,-38.270322,0.048531,7.024711,30.730878
-10.954499,-34.634344,0.742802,5.124472,2.787970
-13.430164,-29.173087,0.164706,11.339266,14.096310
-14.302617,-30.489012,0.273320,11.977249,14.096310
-12.284560,-34.137582,0.050525,13.587937,14.096310
-14.522978,-42.454676,0.609015,3.856931,2.787970
-13.709485,-41.032003,0.156163,2.285144,2.787970
9.375197,8.140718,0.105760,8.011741,13.554299
7.685633,10.545506,0.009301,11.337356,7.733077
9.013674,8.090777,0.012898,7.714511,13.554299
9.123695,10.090973,0.282891,10.650641,13.554299
5.018727,11.616435,2.053826,12.601773,13.554299
9.138381,8.133953,0.012904,7.714502,13.554299
10.473503,8.170063,0.469129,8.876998,13.554299
9.572443,7.844337,0.250239,8.014324,13.554299
7.528097,12.516381,0.083616,12.929525,13.554299
9.499137,10.057684,0.014522,10.900425,7.733077
13.026700,5.864405,0.399575,12.347960,13.554299
10.763369,14.177450,0.064136,6.634312,7.733077
10.683441,8.760550,0.088946,9.368039,13.554299
9.860486,16.128350,0.226155,7.385149,7.733077
10.766590,14.704590,0.027086,15.220971,13.554299
8.957553,7.416598,0.273024,7.514160,13.554299
8.353107,9.698148,0.062553,10.262084,13.554299
11.623535,15.261333,0.086539,16.112538,13.554299
4.646123,12.190508,2.129252,13.281996,13.554299
9.441656,8.470392,0.033553,8.165024,13.554299
9.737556,12.140970,0.064161,8.831921,7.733077
9.339310,8.034475,0.036327,7.952922,13.554299
10.611618,14.161447,0.053623,6.713578,7.733077
10.683754,8.157978,0.594014,9.043561,13.554299
13.237483,16.286265,0.295268,17.979295,13.554299
8.431947,7.719965,0.012897,7.585078,13.554299
7.878019,9.363411,0.007827,10.562529,13.554299
7.853106,10.421601,0.056838,10.262268,13.554299
45.283994,-10.177443,0.308027,7.702634,2.989504
46.045074,-9.703223,0.040188,7.403806,4.808211
43.846281,-14.886545,0.132745,6.426501,3.418018
43.499015,-12.613519,0.026916,4.852987,6.353839
39.910757,-17.618093,0.054585,4.319372,8.630222
37.529170,-12.324247,0.036616,3.726747,6.353839
42.818442,-12.980142,0.039184,3.797842,3.418018
41.430359,-18.900921,0.002025,5.654828,8.630222
41.237745,-19.329960,0.002081,5.869841,8.630222
41.160592,-18.283553,0.054976,4.617457,8.630222
78.303100,-39.801793,0.017861,4.474905,13.348514
71.338401,-44.750664,0.017156,5.142534,13.348514
78.563386,-38.292028,0.046867,6.804613,4.760576
75.614377,-39.465572,0.007277,3.797559,4.760576
72.566367,-42.909480,0.053429,2.572400,13.348514
72.433299,-45.101059,0.000615,6.233593,13.348514
70.669191,-42.425268,0.225843,3.624699,4.760576
78.008597,-39.472788,0.013090,7.820695,9.397682
71.939578,-43.128502,0.018354,3.782906,13.348514
70.129409,-42.727189,0.085064,4.226867,4.760576
71.956287,-38.744199,0.261878,14.082119,9.397682
71.973033,-46.044788,0.015800,4.269592,1.958827
71.334193,-42.402940,0.051834,3.841281,13.348514
76.967742,-40.000328,0.043364,9.118196,5.480565
74.072693,-42.778140,0.041221,1.233344,13.348514
72.997512,-43.564831,0.018695,3.304968,13.348514
72.840436,-42.611277,0.086814,2.325678,13.348514
75.515726,-40.060454,0.062227,2.018081,13.348514
78.698276,-47.041867,0.086333,6.929137,5.480565
70.845643,-44.284794,0.061250,5.100969,13.348514
76.390219,-40.421365,0.004257,2.634116,5.074292
78.881425,-46.376639,0.213721,8.831307,5.074292
73.209672,-39.461718,0.064953,2.289669,13.348514
74.920626,-40.194478,0.077110,11.493023,9.397682
73.543238,-41.995886,0.031396,1.076987,13.348514
77.680187,-38.768397,0.065864,4.729952,5.074292
76.680433,-42.250244,0.008227,3.443057,4.760576
79.099898,-40.076702,0.023381,7.463954,4.760576
76.758347,-37.539706,0.102102,4.780666,13.348514
76.696349,-42.546823,0.007081,3.706057,4.760576
73.369678,-42.327726,0.135371,1.349156,13.348514
76.226815,-40.404916,0.112618,2.342117,13.348514
70.752619,-42.642228,0.005731,3.604563,4.760576
76.091057,-40.835749,0.008336,2.123043,5.074292
72.525448,-44.979532,0.090603,6.339398,13.348514
75.435943,-39.513441,0.006168,3.922264,4.760576
71.346492,-44.841068,0.003487,5.148974,13.348514
78.545080,-38.265656,0.077707,6.795699,4.760576
70.293154,-42.275431,0.350579,4.977155,13.348514
75.603033,-39.211325,0.007277,3.797461,4.760576
75.688165,-40.045189,0.007223,3.543333,4.760576
72.363314,-42.926247,0.010732,2.581123,13.348514
78.370063,-39.633844,0.009169,7.824069,9.397682
74.616551,-52.712934,0.238047,7.717265,8.856175
76.085645,-48.795134,0.087140,0.852484,1.958827
71.336228,-46.546197,0.100970,7.046852,13.348514
74.949997,-53.015528,0.117728,4.680375,5.480565
70.541793,-45.354589,0.003581,6.077535,13.348514
76.523185,-51.245624,0.093620,10.810042,9.461293
18.891811,-80.376102,0.585374,3.260907,1.369090
18.295888,-80.839596,0.013365,3.717543,1.369090
20.139074,-76.729504,0.183890,4.979278,1.369090
0.203148,-84.263914,0.203915,7.106023,10.881930
-0.579892,-80.993552,0.127522,4.171218,10.881930
3.942178,-80.146074,0.135041,7.791174,4.728110
0.106966,-81.060307,0.052129,3.869180,10.881930
2.943259,-82.105159,0.562284,3.702323,9.500541
-1.727872,-82.245375,0.124284,5.436960,10.881930
-0.133339,-74.253287,0.508559,4.728292,10.881930
1.000870,-77.290493,0.111645,1.784575,10.881930
4.693207,-80.952167,0.405787,3.090699,9.500541
0.773918,-82.373221,0.010428,4.656678,10.881930
1.751261,-82.037384,0.042194,3.342758,2.313350
0.085044,-82.332214,0.167228,5.008591,10.881930
8.707968,-83.383351,0.014050,2.775534,9.500541
0.276165,-84.246183,0.206334,7.000286,10.881930
10.664642,-84.386517,0.014115,4.621017,9.500541
10.679096,-84.375115,0.002526,4.628891,9.500541
7.826553,-80.058424,1.712749,6.864836,9.500541
7.502299,-79.129996,1.574942,7.642349,9.500541
14.475337,-92.376777,0.254790,0.281521,5.801021
14.214631,-92.652780,0.000018,0.000032,5.801021
14.204043,-86.112644,0.007141,7.578181,5.801021
14.003752,-92.777448,0.107780,0.219949,5.801021
12.617726,-92.513635,0.007220,1.611867,5.801021
14.014277,-90.803371,0.951343,2.979549,5.801021
14.964918,-85.624648,0.266486,11.758289,9.500541
15.178324,-92.546757,0.030363,0.969066,5.801021
13.335163,-89.559127,0.007143,4.023890,5.801021
13.990186,-92.670451,0.000049,0.225107,5.801021
16.509385,-93.197882,0.325222,2.333526,5.801021
12.871482,-93.174930,0.412604,1.877217,5.801021
9.991465,-91.847058,0.454450,5.781370,5.801021
10.145282,-91.507301,0.806282,5.672295,5.801021
16.545380,-92.457918,0.012039,2.338882,5.801021
16.606868,-93.257915,0.376561,2.435851,5.801021
15.295473,-64.113322,0.209946,1.919650,1.175482
13.735489,-62.857875,0.012743,4.090321,1.705579
16.814669,-62.875111,0.316616,3.534438,1.175482
16.364597,-64.783758,0.249117,1.679907,1.175482
14.476768,-63.775051,0.071816,5.695986,2.415563
15.342598,-64.104149,0.164699,1.935699,1.175482
15.609587,-65.111401,0.172440,0.998326,1.175482
3.889269,-34.429356,0.000044,0.052489,1.824460
3.947551,-34.570591,0.020057,10.637506,8.774174
4.001500,-34.370397,0.000009,0.087245,9.938389
2.366279,-34.567241,0.265034,2.231940,1.824460
6.720463,-32.488213,0.003705,13.533139,8.774174
2.465239,-33.848382,0.007614,2.109969,1.824460
6.802779,-34.876533,0.028535,2.896527,1.824460
6.160846,-34.578928,0.041433,2.223630,1.824460
3.941571,-34.433801,0.000001,0.000002,1.824460
11.448138,-27.800531,0.000025,0.208514,2.935414
12.907098,-27.708673,0.014940,1.256547,9.498201
5.735284,-27.740292,0.095684,8.014819,9.938389
11.720842,-27.748211,0.000060,0.073157,9.498201
12.595305,-29.868573,0.122798,3.559255,9.498201
5.712048,-24.951396,0.542373,10.957208,9.938389
13.194742,-26.255464,0.519200,2.093612,2.935414
8.639686,-25.213444,0.032343,2.503210,9.560090
7.164822,-28.269133,0.080407,4.609298,2.935414
10.480396,-28.452717,0.043310,1.362873,2.935414
11.320816,-27.809628,0.002398,0.336138,2.935414
11.655787,-27.781706,0.000000,0.000015,9.498201
13.766615,-30.476427,0.086795,5.537694,9.498201
4.595322,-20.377321,0.346251,6.712673,9.560090
2.874716,-21.711474,0.245418,8.704808,5.841098
3.513317,-24.117583,0.177837,6.219876,8.099359
6.335760,-21.771401,0.004299,3.058835,9.560090
8.360251,-22.746330,0.009872,0.020681,9.560090
7.708227,-21.348751,0.038223,1.534259,9.560090
8.514859,-22.713783,0.091338,0.070748,9.560090
8.301811,-22.759537,0.069307,0.028238,9.560090
7.783843,-23.056441,0.613295,0.274246,9.560090
10.460685,-22.843195,0.068910,2.115761,9.560090
7.724241,-21.398353,0.045477,1.482644,9.560090
7.807560,-19.250347,0.225696,6.545459,9.560090
8.343139,-22.464967,0.000003,0.261029,9.560090
8.368098,-22.724755,0.000002,0.000045,9.560090
6.277115,-21.012874,0.004288,3.058760,9.560090
6.357429,-21.857697,0.009662,3.146706,9.560090
5.990150,-17.874004,0.004290,7.311106,9.560090
5.666563,-16.814099,0.083845,7.303920,9.560090
0.342646,-10.689991,0.066633,7.228524,16.902710
1.186937,-2.633910,0.709755,11.088130,9.327837
-0.462914,-10.343854,0.049705,7.228512,16.902710
-1.630201,-7.658221,0.004047,6.447135,16.902710
-2.995323,-11.666133,0.424813,9.778135,16.902710
1.946147,-2.516633,0.063297,11.502527,9.327837
-5.940793,-4.583409,0.245532,4.484808,2.055490
0.489390,-5.596976,1.203176,1.509836,3.565239
-16.917292,-28.210790,0.007703,0.010330,1.934354
-17.026346,-28.181032,0.000041,0.102450,1.934354
-22.392809,-25.471525,0.096766,10.676790,15.414521
-25.886365,-28.118981,0.009366,8.265436,15.414521
-16.522850,-26.958667,0.926804,0.889491,1.934354
-21.309199,-28.935888,0.342216,8.045739,10.437299
-19.351667,-24.662881,2.897954,16.487195,10.437299
-26.223886,-27.976784,0.022080,8.180857,15.414521
-18.553966,-26.971961,0.883966,1.838541,1.934354
-20.341571,-29.787802,0.030363,3.776113,1.934354
-25.904258,-29.143154,0.237627,9.025261,15.414521
-20.842221,-26.472691,0.401019,8.901312,15.414521
-23.882732,-29.198357,0.009374,5.534554,15.414521
-24.698930,-25.476948,0.122399,10.920314,15.414521
-26.342532,-28.043891,0.062980,8.253495,15.414521
-21.353399,-29.320112,0.034686,8.052833,10.437299
-16.925887,-28.201203,0.000001,0.000013,1.934354
-22.671640,-28.318496,0.426633,6.444903,15.414521
-31.172707,-21.455309,0.021390,2.836961,4.801846
-29.274042,-27.674404,0.522601,11.729896,15.414521
-30.982041,-21.270927,0.034405,3.434748,5.178818
-35.007345,-17.725808,0.005227,8.019307,5.178818
-27.970013,-25.079066,0.002076,12.486125,15.414521
-26.213433,-22.768295,0.127289,15.275550,15.414521
-27.936770,-24.891079,0.002364,12.647601,15.414521
-25.537216,-24.340232,0.300515,14.707885,15.414521
-31.118501,-21.476095,0.021390,2.836952,4.801846
-29.486923,-20.187401,0.199940,5.132947,5.178818
-31.875736,-17.766777,0.187418,10.550295,11.306142
-27.629631,-25.650788,0.377885,12.322923,15.414521
-30.398020,-19.112981,0.573741,4.647763,0.717810
-35.630924,-16.469734,0.062729,11.490759,11.306142
-32.519340,-14.633984,0.001326,6.917315,11.306142
-36.448166,-17.325013,0.378246,12.891236,11.306142
-36.929691,-18.412124,0.239255,13.818047,11.306142
-31.178680,-16.097466,0.269737,10.110358,11.306142
-31.027961,-15.986158,0.373145,8.968601,11.306142
-32.869035,-16.093848,0.001655,9.005596,11.306142
-35.782427,-16.594020,0.096077,11.659280,11.306142
-32.994474,-14.477776,0.077039,8.517061,11.306142
-30.572941,-13.988231,0.010684,5.009692,11.306142
-31.505739,-14.058922,0.001273,5.810657,11.306142
-30.624327,-9.640670,0.100402,8.112153,4.488197
-26.875103,-13.322341,0.011966,3.971645,2.268925
-26.436777,-15.605408,0.048516,11.052957,7.409231
-30.619483,-13.442536,0.067372,5.076242,11.306142
-26.840028,-15.691504,0.065123,11.411628,7.409231
-30.433535,-6.134232,0.905777,4.115067,2.268925
-26.850381,-12.833481,0.018936,3.170619,4.488197
-25.441241,-13.180995,0.011010,2.398199,3.613233
-25.785030,-8.194564,0.119673,8.725783,4.488197
-29.941905,-5.506535,0.362985,4.699088,2.268925
-30.148117,-12.824702,0.067344,4.509857,11.306142
-28.093978,-10.775557,0.181473,1.789917,11.306142
-24.726598,-10.885685,0.061925,4.931287,4.488197
-26.532288,-8.392051,0.101799,8.145479,4.488197
-31.162329,-7.786000,0.010580,3.088485,2.268925
-28.054704,-11.626473,0.008278,2.644860,2.268925
-29.463714,-10.123095,0.045320,6.923186,4.488197
-32.442571,-7.485963,0.017805,4.212917,2.268925
-28.262701,-7.954587,0.132472,9.736938,7.409231
-27.065387,-9.861405,0.050031,7.976397,7.409231
-31.433946,-9.782389,0.511524,8.660703,4.488197
-29.149403,-10.567293,0.000098,0.410463,2.268925
-29.024776,-11.972096,0.005862,2.106315,2.268925
-37.465746,-14.423960,0.233839,12.364013,11.306142
-29.164006,-10.137584,0.021768,0.018948,2.268925
-29.976683,-12.301135,0.096947,3.541324,11.306142
-29.184118,-10.158257,0.000014,0.000044,2.268925
-30.441716,-13.874122,0.089960,5.043716,11.306142
-27.497340,-12.131251,0.008303,2.644775,2.268925
-31.558155,-14.085709,0.001292,5.810755,11.306142
-26.458150,-12.948778,0.040630,3.175010,4.488197
-30.626351,-9.679289,0.068797,8.089877,4.488197
-25.524917,-19.537019,0.285369,4.195038,4.488197
-24.792983,-19.668670,0.424496,4.415304,4.488197
15.022183,-37.955597,0.098209,0.766993,3.708782
16.690451,-30.338635,0.032255,8.065363,3.708782
17.114063,-32.099292,0.086758,7.393779,9.498201
20.579083,-37.496919,0.391825,8.635694,9.852122
15.368139,-31.445744,0.086789,7.393761,9.498201
19.452977,-37.161563,0.052672,12.884898,9.498201
19.554841,-30.503159,1.313336,8.324728,3.708782
20.146954,-32.829051,0.753146,12.396524,9.498201
20.573901,-37.596041,0.292619,8.635535,9.852122
13.643638,-37.772028,0.021196,2.106407,9.852122
10.834936,-37.198786,0.313029,4.939063,9.852122
18.619512,-39.537154,0.006106,5.213616,9.852122
17.052144,-39.828568,0.269878,6.690005,9.852122
12.484344,-37.776966,0.049195,3.265372,9.852122
10.979746,-37.761802,0.063965,4.769974,9.852122
11.962843,-38.393334,0.599692,3.754893,3.708782
24.333411,-39.480914,0.000099,0.226016,1.245960
25.004697,-39.561059,0.000041,0.095226,4.441518
24.645996,-39.688623,0.000064,0.424708,0.324575
26.959186,-40.314395,0.027315,2.527110,4.441518
24.557685,-39.508815,0.000017,0.000013,1.245960
24.850174,-39.465171,0.016805,11.389935,9.852122
22.160707,-36.663394,0.898868,3.610256,0.100134
22.291823,-39.513268,0.006128,10.873008,9.852122
27.228133,-39.722769,0.003067,13.774240,9.852122
26.906579,-40.282386,0.015142,2.532193,4.441518
24.713693,-43.361248,1.403117,4.180436,4.441518
26.093508,-34.957004,1.868011,7.654906,4.543875
24.909519,-39.558657,0.000030,0.000036,0.324575
37.082996,-30.090616,0.404337,11.196160,8.860982
34.809623,-28.145728,0.108873,10.959930,7.159331
36.548910,-29.171284,0.196950,10.429693,8.127776
37.753958,-24.149052,0.028123,2.576139,8.860982
36.414804,-24.102768,0.014875,1.623513,8.860982
36.678281,-22.323354,0.013046,1.203757,3.656448
37.609451,-24.260014,0.011425,2.432973,8.860982
25.846111,13.968780,0.823304,5.440967,3.443006
23.466675,15.638626,0.101281,12.506719,10.539102
24.182165,14.638700,0.584523,6.112278,5.243332
25.000262,13.419702,0.506943,5.977849,5.243332
25.908009,14.160565,0.724570,5.614665,3.443006
24.272765,14.396608,0.627838,14.696455,10.539102
25.847751,13.919779,0.831423,5.393192,3.443006
26.552003,14.489048,0.028188,5.806774,3.443006
27.348758,14.635748,0.751010,5.801467,3.443006
34.290568,3.260821,0.001816,1.994287,4.147664
34.422003,3.169463,0.012460,2.000814,4.147664
33.380338,4.833650,0.000035,0.000015,4.147664
34.302808,3.291682,0.012448,2.000811,4.147664
31.560935,-0.118046,0.418085,6.410044,4.147664
33.367088,5.085948,0.117509,0.223653,4.147664
33.325082,5.134011,0.169160,0.292826,4.147664
34.040065,5.148858,0.097472,0.719699,2.799544
33.309344,5.290127,0.235797,0.432680,4.147664
30.059317,-1.409747,0.040996,13.904861,13.433841
34.345827,3.137162,0.020048,2.025429,4.147664
33.317077,4.696363,0.000018,0.151145,4.147664
37.362809,0.065075,0.330305,8.999012,9.378565
38.454755,1.655943,0.034997,6.301066,4.147664
38.162296,0.558595,0.199229,8.019507,9.378565
38.979854,-1.298826,0.171116,4.560322,9.378565
40.553433,1.420485,0.143871,5.581319,9.378565
40.674571,0.099182,0.257866,5.457952,9.378565
40.415583,1.324442,0.130024,5.403729,9.378565
41.187084,4.082500,0.095967,9.408440,9.378565
36.016530,-4.131188,2.755667,4.599361,9.378565
36.443185,-3.464272,2.684896,3.810816,9.378565
40.946901,-2.669192,0.259874,15.861141,11.382892
42.687156,-0.030222,0.496371,5.170952,9.378565
40.665107,-3.601558,0.001077,0.289229,9.378565
42.193012,-0.135006,0.252881,4.103658,9.378565
41.872834,-0.107886,0.091246,3.980584,9.378565
39.767489,-1.627149,0.029362,1.883242,9.378565
40.569871,-3.328333,0.000026,0.000014,9.378565
44.169323,-5.577480,0.012751,10.452286,11.382892
43.066756,-4.413184,0.225339,6.681741,4.808211
20.445679,17.718398,0.027826,8.054044,10.539102
20.258015,17.555089,0.026331,8.044503,10.539102
24.670640,18.706887,0.107889,13.254051,10.539102
25.926187,18.716369,0.152711,14.706550,10.539102
23.067658,18.083594,0.513496,10.619367,10.539102
24.209196,21.288289,0.094466,1.169336,2.709208
17.654904,20.552406,0.306133,6.086850,2.709208
24.986934,21.697717,0.009902,2.020799,2.709208
22.156083,20.219005,0.006351,1.296236,2.006780
25.002471,22.065405,0.062180,14.496190,10.539102
24.838468,20.426714,0.135576,13.522501,10.539102
24.186934,20.545028,0.169240,12.905997,10.539102
20.784431,22.089675,0.000009,2.709247,2.709208
22.955692,17.158558,0.440266,11.581584,10.539102
20.070508,19.609472,0.034357,10.465313,10.539102
25.034839,15.098986,1.004857,14.980847,10.539102
21.777101,18.777116,0.002441,9.800385,10.539102
24.066222,17.573280,0.245143,11.998962,10.539102
24.703165,22.581365,0.248177,14.680948,10.539102
24.440222,21.321532,0.024218,13.621255,10.539102
24.812773,21.519944,0.114206,1.805087,2.709208
25.891106,18.930541,0.097039,14.425040,10.539102
23.458819,16.172128,0.194299,11.993889,10.539102
20.250653,17.709510,0.073379,7.994501,10.539102
26.352262,19.451147,0.080221,14.866025,10.539102
24.134107,21.576046,0.060812,13.550156,10.539102
24.950905,23.963231,0.407910,3.378759,2.006780
24.374845,24.566037,0.091942,3.672784,2.006780
24.774093,24.002509,0.515979,3.345849,2.006780
27.008243,20.347519,0.987856,3.916753,2.709208
25.608247,24.648284,0.374912,4.327490,2.006780
24.867045,23.960934,0.468868,3.321133,2.006780
51.286202,-11.504620,0.059779,1.964404,11.382892
54.462750,-8.551036,0.097926,4.917051,32.088611
48.396140,-1.069487,0.539316,12.070470,11.382892
49.061482,-3.194973,0.274265,11.099988,11.382892
50.865496,-7.643157,0.019771,4.550296,11.382892
48.271748,-10.275801,0.094219,1.811097,32.088611
47.408486,-8.234066,0.016562,3.888217,32.088611
45.421233,-4.862374,0.012778,9.010758,11.382892
52.726154,-10.750366,0.307707,2.938440,32.088611
48.482902,-9.093955,0.038604,2.415564,11.382892
45.762783,-4.704370,0.012788,9.010770,11.382892
53.333560,-6.933866,0.100562,7.115438,11.382892
45.963898,-3.904160,0.100099,9.705916,11.382892
46.778004,-9.409532,0.294045,8.004836,4.808211
45.911337,-6.195673,0.341985,8.902875,11.382892
48.271931,-0.938579,0.719773,12.070246,11.382892
47.095487,-4.917899,0.084624,8.655035,11.382892
48.540765,-3.205047,0.032872,10.643594,11.382892
49.090878,-3.081079,0.188509,11.179758,11.382892
51.330251,-11.484533,0.016384,1.985863,11.382892
47.083902,-3.008185,0.033248,9.888982,11.382892
54.336941,-8.572575,0.074610,4.791561,32.088611
48.786714,-1.212190,0.167199,12.252384,11.382892
59.974535,-29.309763,0.621225,26.720749,32.088611
54.692126,-16.994379,1.351836,17.307071,32.088611
53.144099,-23.295645,0.881187,19.248824,32.088611
50.208118,-17.984406,0.009804,10.207345,32.088611
61.059434,-18.095467,0.770065,22.832065,32.088611
49.040800,-21.019852,1.382171,11.731308,32.088611
46.749298,-14.192465,0.056071,6.050798,32.088611
64.914657,-21.362797,0.268737,7.474296,5.244210
50.362328,-19.182307,0.072722,10.211244,32.088611
41.155343,-19.528457,0.002167,5.869821,8.630222
42.433458,-21.009067,0.435518,8.047885,8.630222
42.302226,-21.114394,0.603790,8.047828,8.630222
40.951835,-19.687653,0.013594,6.119810,8.630222
42.059746,-19.803757,0.027892,6.690725,8.630222
42.281200,-21.026279,0.565004,7.970111,8.630222
43.919202,-26.743664,1.136526,7.049959,7.159331
40.550470,-28.488699,0.019365,5.449624,7.159331
80.719238,-37.936744,0.167964,9.022382,4.760576
79.863111,-37.545641,0.253029,5.690133,9.397682
81.831678,-35.122363,0.105130,3.535448,9.397682
83.696331,-37.724294,0.013841,0.062521,9.397682
82.676929,-39.766828,0.120402,2.220785,9.397682
86.083212,-38.574294,0.016652,2.568674,9.397682
82.931794,-36.714581,0.024192,1.212644,9.397682
83.792582,-37.696725,0.038676,0.098037,9.397682
81.841307,-35.017641,0.019555,3.978834,2.384274
79.851240,-51.009928,0.402270,5.530385,1.958827
75.944723,-58.651044,0.319204,1.637591,9.461293
81.709120,-54.052945,0.000077,7.820925,9.461293
76.934016,-54.018436,0.089537,4.279397,8.856175
76.152554,-58.846250,0.034175,1.638565,9.461293
80.603800,-54.121045,0.000839,7.821356,9.461293
77.009824,-54.748572,0.089578,4.279398,8.856175
73.503501,-60.446194,0.004260,3.242325,8.856175
75.244208,-59.148565,0.080420,1.487899,8.856175
80.529264,-53.129693,0.070664,8.481926,9.461293
74.593634,-54.132788,0.583476,6.367116,8.856175
79.932804,-51.105143,0.357880,10.181453,9.461293
80.933747,-52.013324,0.078377,9.290906,9.461293
75.952403,-58.011963,0.262600,1.228078,8.856175
81.367486,-54.398214,0.169428,7.811890,9.461293
73.521444,-60.270778,0.023992,3.074252,8.856175
64.865139,-49.944835,0.037038,13.558921,13.348514
66.924570,-44.619261,0.014801,10.915564,13.348514
66.707521,-48.674432,0.040708,0.897685,3.657419
65.784387,-48.455598,0.015009,0.287158,3.657419
64.330029,-51.043364,0.336406,13.978965,9.551851
67.605352,-46.301308,0.182626,9.122900,13.348514
63.677357,-43.611484,0.007305,11.516902,12.406070
62.540271,-46.747521,0.026247,10.253272,12.406070
65.871361,-43.599063,0.014797,12.381572,13.348514
67.574763,-45.317231,0.014914,10.033419,13.348514
67.596088,-46.236572,0.166363,9.991894,13.348514
65.869554,-43.102647,0.030851,13.610674,12.406070
67.257366,-51.667252,0.192521,3.271468,3.657419
67.012129,-51.901811,0.124372,3.392866,3.657419
67.812083,-52.711699,0.299900,4.449198,3.657419
67.904877,-52.485703,0.472911,4.276711,3.657419
68.753510,-46.829268,0.052980,9.589027,13.348514
66.991181,-51.094595,0.168651,2.640420,3.657419
68.606639,-46.560972,0.003596,9.288541,13.348514
67.169698,-51.777360,0.069077,3.339077,3.657419
67.779991,-52.642938,0.296913,4.373376,3.657419
65.845639,-39.883399,0.285929,17.502701,13.348514
68.953620,-43.776622,0.157607,12.564934,13.348514
69.267243,-43.042749,0.427244,6.664405,13.348514
69.318816,-39.643523,0.496407,7.416018,13.348514
37.172465,-53.932579,0.368983,2.510382,11.021429
36.476896,-53.362137,0.629205,3.553024,11.021429
37.632456,-53.980737,0.444172,2.056745,11.021429
37.702538,-57.694427,0.355126,4.060906,2.378476
41.152628,-53.772727,0.130786,3.385945,11.021429
39.755821,-59.043097,0.275298,4.329002,2.378476
40.788874,-61.795967,0.069040,6.672147,5.360005
41.147133,-57.921718,0.072822,10.207969,5.360005
37.207154,-52.418081,0.348218,3.643890,11.021429
37.034391,-51.890547,0.040053,4.083713,11.021429
35.755154,-56.700379,0.253259,3.932475,11.021429
42.721908,-56.453759,0.059475,5.700075,3.080170
37.575685,-53.748805,0.439146,2.449458,11.021429
18.457656,-59.260437,0.852560,2.818921,1.705579
21.885172,-61.742081,0.126154,10.021154,5.485423
17.152961,-59.444116,0.460461,2.702550,1.705579
21.000683,-61.159143,0.343486,3.363493,1.705579
17.185537,-59.558891,0.434455,2.586111,1.705579
13.764418,-60.385170,2.437764,3.606197,1.705579
13.254692,-60.831944,2.092579,4.189527,1.705579
13.873988,-60.502097,2.302648,3.520051,1.705579
36.789154,-70.608953,0.135319,10.252364,8.056753
37.940062,-60.639612,0.049607,9.562274,5.330322
35.545873,-61.988958,0.017679,0.807755,2.378476
37.647352,-64.013322,0.057901,3.429911,5.360005
38.671972,-63.353117,0.066286,4.048480,5.360005
37.501691,-64.389690,0.018180,3.825117,5.360005
36.401808,-61.239149,0.026450,0.348161,2.378476
35.241293,-61.940121,0.008324,6.777787,5.330322
35.714206,-61.665324,0.038115,0.507744,2.378476
29.133674,-61.986751,2.043053,6.437740,5.330322
38.047585,-63.315387,0.029394,12.859884,11.021429
31.123512,-60.274894,0.328813,7.506005,5.330322
32.390819,-58.583191,0.222728,8.821380,5.330322
37.952092,-60.644771,0.037653,9.567583,5.330322
37.567372,-64.011981,0.012842,3.495994,5.360005
35.782872,-61.891362,0.003185,0.834404,2.378476
29.291922,-60.363770,2.148331,7.268365,5.330322
35.031110,-62.925490,0.017689,2.899888,2.378476
38.079611,-63.577013,0.066354,2.920814,5.360005
38.261988,-63.739996,0.039713,4.001637,5.360005
35.709879,-61.781798,0.001447,0.549237,2.378476
32.972065,-57.779920,0.196786,4.920162,5.360005
32.517353,-58.280878,0.288464,4.875429,5.360005
33.296740,-58.373543,0.188250,4.251940,5.360005
58.921721,-68.855583,0.053626,7.760641,12.031198
58.857287,-68.788215,0.099483,7.685052,12.031198
69.714633,-13.558283,1.261590,8.823109,6.138165
72.757376,-13.064750,0.334318,7.508731,6.138165
83.686948,-54.399465,0.078216,10.079907,9.461293
83.354649,-49.628935,0.154460,13.424123,9.461293
83.207241,-54.833333,0.000010,9.461344,9.461293
