#plate,mjd,fiberID,RA,Dec,dist(Mpc)
2243,53794,366,198.216040,27.880058,0.642242
2243,53794,407,198.362290,27.802378,0.548042
2243,53794,409,198.357080,27.763462,0.606237
2243,53794,452,198.657420,27.845570,0.312503
2238,54205,566,192.103570,28.306890,1.174996
2104,53852,371,198.899500,31.843822,1.470048
2104,53852,412,198.946320,31.846423,1.451425
2104,53852,472,199.220910,31.711060,1.155661
2104,53852,527,199.546500,31.781536,1.329856
2104,53852,538,199.619010,31.777173,1.181217
2009,53904,525,197.858300,30.619605,0.843271
2009,53904,527,197.824990,30.488109,0.787548
2009,53904,529,197.853920,30.598901,0.828750
2009,53904,532,197.769020,30.482980,0.865050
2236,53729,449,189.555340,28.937016,1.580192
2236,53729,458,189.569250,28.882620,1.490920
2237,53828,219,189.835780,28.913154,1.668131
2237,53828,265,189.209380,29.555357,2.646429
2239,53726,202,192.421970,28.844821,2.223978
2239,53726,206,192.145310,28.846961,2.043846
2239,53726,284,191.538000,28.958504,2.119418
2234,53823,55,188.377540,28.935884,2.190251
2234,53823,60,188.207630,28.958780,2.405749
2009,53904,508,197.825680,29.794071,0.257079
2009,53904,509,197.698520,29.709902,0.077287
2009,53904,514,197.756470,29.636703,0.018035
2011,53499,622,196.077810,30.284186,1.761669
2011,53499,624,195.922980,29.818263,1.275876
2011,53499,518,195.004670,29.904059,0.071047
2011,53499,593,195.432850,29.926833,0.715443
2009,53904,326,196.534810,30.209270,1.890376
2002,53471,342,198.788860,29.636199,0.063019
2002,53471,356,198.907730,29.658467,0.039161
2660,54504,622,191.735290,25.621676,2.244191
2661,54505,408,192.397490,25.464283,2.270594
2235,53847,163,187.938870,27.149513,1.105914
2104,53852,392,198.453840,31.746279,1.491575
2104,53852,426,198.967180,31.652355,1.124473
2112,53534,287,199.938300,31.872728,0.873340
2104,53852,516,199.953580,31.461401,0.540024
2104,53852,354,198.186480,31.809384,1.746645
2237,53828,221,189.914970,29.609609,2.752486
2235,53847,165,188.071960,27.290677,1.173842
2235,53847,473,187.828470,27.449652,1.611494
2235,53847,479,187.959950,27.386892,1.406408
2235,53847,486,187.994390,27.833906,2.083087
2236,53729,319,188.333840,27.450560,1.307762
2236,53729,348,188.567070,27.862249,1.294260
2235,53847,478,187.836440,27.528984,1.716998
2236,53729,525,190.024910,28.617817,1.203347
2237,53828,201,190.025100,28.617121,1.202105
2238,54205,415,191.449350,28.419334,1.223776
2239,53726,210,192.315490,28.497509,1.632284
2243,53794,445,198.708210,28.018984,0.020338
2243,53794,448,198.758960,28.036359,0.037527
2235,53847,565,188.613600,28.718607,1.669689
2002,53471,387,199.434430,29.646088,0.790048
2002,53471,465,199.941710,29.692528,1.558096
2009,53904,425,196.906730,29.926779,1.140320
2234,53823,1,188.548300,28.873966,1.933976
2235,53847,419,187.750830,28.828742,2.849327
2237,53828,216,189.698520,28.841742,1.472669
2238,54205,410,191.397310,28.761906,1.818682
2029,53819,1,197.616110,30.740118,1.260069
2029,53819,58,197.136460,30.748172,2.065649
2234,53823,111,188.409140,29.450670,2.867353
2237,53828,227,189.614590,29.436131,2.450243
2029,53819,27,197.761560,31.404070,1.684151
2242,54153,512,196.648330,27.168724,1.158616
2234,53823,106,188.200870,29.390856,2.961316
2237,53828,33,191.692850,29.388622,2.049460
2237,53828,160,190.545410,29.447502,2.508836
2237,53828,188,190.234300,29.465580,2.628840
2011,53499,297,193.526530,29.242676,2.419923
2237,53828,313,188.849900,29.492086,2.651850
2243,53794,417,198.478480,28.295788,0.160806
2002,53471,293,199.184340,28.200144,0.689013
2002,53471,296,199.201520,28.361781,0.920502
2242,54153,144,196.454570,26.431035,0.891868
2242,54153,165,196.070770,26.475387,0.357948
2240,53823,242,193.001520,26.159173,1.244455
2009,53904,75,198.396990,29.126530,0.475297
2239,53726,173,192.349050,29.321293,2.343258
2239,53726,175,192.178120,29.239260,2.394238
2239,53726,182,192.159930,29.190340,2.468300
2239,53726,183,192.125960,29.260151,2.338262
2239,53726,307,190.980440,29.369608,2.284440
2104,53852,302,198.242830,31.258598,0.947848
2029,53819,75,197.590040,31.378232,1.890857
2029,53819,113,196.910200,31.486973,2.892464
2239,53726,232,191.852230,29.207387,2.366513
2104,53852,148,199.829200,31.051832,0.400847
2009,53904,518,197.757150,29.578351,0.047804
2002,53471,347,198.506050,29.407011,0.398151
2002,53471,358,199.116520,29.419842,0.467111
2009,53904,621,198.656950,29.318045,0.145766
2104,53852,511,199.976480,31.234960,0.310292
2029,53819,39,197.903120,31.508057,1.611347
2009,53904,479,197.109920,29.754449,0.710757
2009,53904,483,197.280310,29.831009,0.612598
2029,53819,610,197.669690,32.295663,2.864170
2009,53904,627,198.913810,29.610836,0.026212
2009,53904,634,198.895370,29.676083,0.064820
2239,53726,192,192.024790,29.443179,1.994547
2239,53726,320,190.869530,29.466803,2.207430
2242,54153,556,197.010730,27.311136,1.762729
2009,53904,3,198.676990,28.472467,0.126233
2002,53471,219,199.784320,28.506918,1.201094
2234,53823,104,188.274660,29.299360,2.767406
2239,53726,224,191.796370,29.188453,2.395608
2009,53904,49,198.107730,28.537712,0.750310
2239,53726,60,193.174380,28.959538,2.603144
2239,53726,294,191.302660,29.012308,2.275399
2029,53819,44,196.787380,30.393211,1.837044
2029,53819,15,197.340620,30.922846,1.777815
2238,54205,58,192.175310,26.417302,0.778617
2104,53852,168,199.748910,30.780992,0.052617
2104,53852,299,197.950120,30.972592,1.227761
2238,54205,220,191.380960,26.392680,1.390893
2238,54205,260,191.171930,26.419592,1.711524
2242,54153,583,197.245000,27.613951,1.989188
2238,54205,411,191.401050,28.119639,0.778430
2242,54153,188,195.871180,26.550506,0.042404
2241,54169,6,195.774740,26.531133,0.073228
2236,53729,355,188.307130,27.584099,1.543070
2237,53828,84,190.424510,28.650004,1.245002
2237,53828,91,190.408660,28.569260,1.103024
2243,53794,403,198.474100,28.070762,0.179759
2029,53819,86,196.400990,30.790653,2.531066
2661,54505,475,192.716630,25.259142,2.620731
2236,53729,332,188.786870,28.056373,0.920004
2238,54205,51,192.137310,26.115523,1.299764
2011,53499,516,194.941110,29.896309,0.025650
2011,53499,440,194.845050,29.887854,0.171011
2660,54504,526,190.838840,26.092653,2.224370
2237,53828,152,190.587500,29.596774,2.269107
2237,53828,180,190.289450,29.538657,2.756662
2237,53828,187,190.206520,29.500152,2.689347
2237,53828,191,190.086300,29.600784,2.734283
2237,53828,193,189.977460,29.662213,2.647182
2661,54505,586,193.819940,25.956837,1.943308
2241,54169,13,195.988090,26.729481,0.094439
6487,56362,891,197.940240,31.708256,1.812022
6487,56362,970,198.454760,31.747905,1.493878
2661,54505,557,193.512420,25.760750,2.227491
5987,56339,261,192.392570,25.470108,2.261478
2239,53726,92,192.757200,28.927971,2.630097
2239,53726,93,192.787080,28.788053,2.385892
2239,53726,98,192.856890,28.720324,2.268207
6480,56340,550,192.144990,28.849093,2.047141
2104,53852,178,199.774800,31.148008,0.526273
6478,56341,434,188.846210,29.492674,2.654555
2661,54505,379,191.777790,25.286807,2.793824
2243,53794,378,197.972120,27.593752,1.231410
2238,54205,367,191.213760,28.503614,1.498238
2238,54205,373,191.119980,28.433080,1.356245
2238,54205,402,191.338950,28.590879,1.559271
6478,56341,184,190.286430,29.538036,2.755465
6478,56341,188,190.217760,29.625257,2.682100
2002,53471,328,199.171220,30.248454,0.875065
2002,53471,368,199.524900,30.140984,1.204528
2029,53819,144,196.602650,31.136631,3.072690
2104,53852,147,199.948600,30.826286,0.008183
2104,53852,155,199.979620,30.838706,0.014481
2104,53852,163,199.750020,30.816810,0.008985
2237,53828,305,188.602810,29.295175,2.486594
6486,56328,220,198.952460,28.430554,0.553262
5968,56356,127,191.170810,26.418966,1.712136
2241,54169,86,194.844600,26.026236,1.558940
2618,54506,470,198.433670,19.846986,2.712749
2618,54506,497,198.724870,19.885694,2.695419
2662,54505,457,195.664060,25.383597,0.971034
2662,54505,564,196.435890,25.385026,0.098987
2662,54505,615,196.608170,25.238005,0.094253
2663,54234,584,199.004650,25.056389,2.570895
2662,54505,563,196.563020,25.460543,0.041538
2662,54505,565,196.494610,25.465690,0.066145
2662,54505,609,196.879580,25.504980,0.439674
2662,54505,617,196.651660,25.429633,0.063961
2618,54506,559,199.319780,20.690991,1.349969
2663,54234,463,197.695780,25.078981,0.957724
2663,54234,395,197.131580,24.700770,0.016094
2650,54505,475,196.045100,22.289669,2.907387
2651,54507,45,199.434800,20.998471,0.915148
2651,54507,65,199.418410,21.500597,0.170268
2651,54507,118,199.174680,21.979784,0.742624
2652,54508,356,199.674330,21.891001,0.194984
2651,54507,369,197.904970,22.993284,0.136973
2651,54507,374,198.051250,22.868285,0.378550
2618,54506,522,199.064100,20.047679,2.441131
2242,54153,209,196.412970,26.106568,0.726832
2242,54153,257,196.061770,26.116220,0.309166
2242,54153,291,195.822590,26.060099,0.076943
2242,54153,294,195.574060,26.142570,0.410646
2618,54506,568,199.369580,20.025071,1.910703
2618,54506,116,199.072390,18.666376,2.897488
2618,54506,493,198.950910,19.635946,2.679840
2663,54234,549,198.768180,24.938800,2.153950
2651,54507,565,199.480360,23.261173,2.470782
2662,54505,535,196.361980,25.191167,0.455018
2664,54524,291,199.779260,23.358036,2.533935
2618,54506,127,199.205510,18.861162,2.589889
2242,54153,260,196.316750,25.957644,0.428811
2651,54507,285,197.996880,20.793580,1.257794
2651,54507,609,199.964710,22.999886,1.872891
2618,54506,590,199.437110,20.553097,1.629335
2618,54506,592,199.375770,20.598869,1.526265
2618,54506,594,199.375790,20.620353,1.490114
2618,54506,598,199.374820,20.684193,1.382604
2618,54506,553,199.332450,20.638070,1.444112
2243,53794,271,197.803090,26.814013,2.457635
2651,54507,563,199.539730,22.858566,1.780550
2662,54505,530,196.030470,25.725145,0.160667
2663,54234,612,199.082150,25.430240,2.952437
2651,54507,387,197.720260,22.667035,0.175744
2651,54507,488,198.765720,22.589646,1.236292
2663,54234,471,197.718910,24.865372,0.652942
2663,54234,349,196.640770,24.962810,0.226879
2663,54234,475,197.987780,24.701173,0.857810
2663,54234,478,197.854590,24.859690,0.796309
2662,54505,560,196.088510,24.430373,1.487002
2243,53794,281,197.406330,26.159087,1.759881
2651,54507,489,198.673180,22.472460,0.989522
2652,54508,385,199.878830,22.315543,0.721096
2663,54234,240,197.532550,24.165751,0.102111
2651,54507,436,198.246820,22.426486,0.465328
2663,54234,265,197.343340,24.092424,0.428398
2617,54502,580,197.672220,20.536284,1.926751
2618,54506,438,198.550240,20.518962,1.563432
2618,54506,529,199.123340,20.088315,2.367188
2618,54506,542,199.140310,20.262223,2.065007
2618,54506,586,199.573560,20.351278,1.599191
2618,54506,628,199.861840,20.422261,1.135671
2619,54506,338,199.896890,20.138405,1.057303
2650,54505,25,197.677870,21.367109,1.032460
2651,54507,42,199.136100,21.116447,0.582289
2651,54507,243,198.042570,21.220032,0.662905
2651,54507,259,198.243550,21.134911,0.544198
2651,54507,260,198.207110,21.231821,0.445726
2662,54505,444,195.773900,25.475018,0.744263
2662,54505,527,196.237650,25.583403,0.072418
2618,54506,113,199.045130,18.762988,2.888764
2651,54507,394,197.985480,22.247012,0.113232
2605,54484,346,199.642370,17.502977,2.846095
2662,54505,631,196.928420,24.810592,0.056939
2662,54505,634,196.737030,24.764953,0.336546
2662,54505,390,194.802640,25.003913,2.342349
2662,54505,33,197.167470,24.076971,0.692209
2663,54234,189,197.771000,23.980157,0.136622
2651,54507,200,198.372770,21.843588,0.092879
2651,54507,529,199.260090,23.292326,2.277570
2662,54505,99,195.958960,23.633545,2.582898
2662,54505,131,195.726820,23.657178,2.820614
2650,54505,457,196.117780,23.575042,2.507700
2617,54502,456,197.252870,21.107393,1.836088
2650,54505,632,197.602960,22.193011,0.408081
2650,54505,639,197.727340,22.115198,0.239421
2651,54507,474,198.278850,22.113769,0.099678
2663,54234,100,198.222900,23.634702,0.660670
5992,56066,156,197.729190,22.119055,0.233577
2651,54507,169,198.605680,21.586978,0.212106
2242,54153,245,196.212740,25.839333,0.165697
2650,54505,613,197.459490,22.803504,0.567589
5992,56066,614,196.518500,22.567514,2.109280
2650,54505,550,196.859980,22.544555,1.569112
2651,54507,619,199.945980,22.981067,1.845375
2652,54508,327,199.954450,22.866999,1.647653
2662,54505,477,195.379080,24.629571,2.114396
2650,54505,142,196.715510,21.609457,2.090985
2651,54507,133,198.611960,21.297441,0.275629
2651,54507,167,198.876380,21.402863,0.133918
5864,56047,77,199.378810,20.600193,1.525241
2618,54506,510,199.069780,20.568294,1.538737
2618,54506,511,199.067660,20.548948,1.572491
2663,54234,151,198.694670,24.512589,1.817787
2663,54234,233,197.469000,24.560469,0.005406
2663,54234,238,197.458280,24.577578,0.009816
5994,56101,92,198.260400,25.953846,2.709800
2663,54234,163,198.303090,24.352679,1.139512
2595,54207,608,181.764350,18.531776,1.605595
2597,54231,377,184.550270,18.092980,0.627539
2597,54231,537,185.365040,18.106708,1.550163
2609,54476,24,183.743000,19.516414,0.490972
2609,54476,46,182.837710,18.599745,0.803251
2609,54476,64,183.341360,19.499226,0.012369
2610,54476,69,185.318810,19.498806,2.587845
2610,54476,265,183.174110,19.438740,0.255001
2611,54477,128,185.682870,18.548552,2.392880
2596,54207,461,183.049440,18.094021,1.698489
2596,54207,467,183.120280,17.972174,1.472155
2643,54208,521,180.933860,23.706495,2.935567
2656,54484,283,181.278310,23.764159,2.538711
2656,54484,204,181.594830,23.853319,2.283422
2657,54502,183,183.676870,24.980578,1.323829
2233,53845,128,186.232290,26.816066,0.114729
2658,54502,535,186.509660,25.794880,1.548948
2643,54208,535,180.995210,23.460581,2.656206
2657,54502,532,184.228860,25.775227,1.413113
2658,54502,562,186.616030,25.888889,1.343628
2658,54502,570,186.592840,25.886315,1.356970
2597,54231,378,184.670210,18.188537,0.749370
2596,54207,374,182.865530,18.322488,1.280008
2596,54207,101,183.828680,17.472646,0.016282
2643,54208,511,180.816770,22.390414,1.989572
2643,54208,120,181.136620,22.274807,2.092099
2644,54210,311,181.398100,22.308974,2.030119
2597,54231,195,185.061810,17.348091,0.146966
2597,54231,200,185.141830,17.351939,0.212181
2658,54502,613,186.872840,26.103179,0.934786
2610,54476,512,184.529990,20.003679,1.968080
2656,54484,263,181.463640,24.355707,2.732018
2610,54476,391,183.361090,20.125347,0.155314
2657,54502,396,183.015700,25.119008,2.214953
2643,54208,155,180.854750,22.202749,1.728113
2643,54208,157,181.001650,22.124810,1.753181
2644,54210,344,181.035490,22.599351,2.418091
2645,54477,432,183.840440,22.634745,0.739893
2658,54502,51,186.404670,24.182007,2.160160
2658,54502,54,186.592040,24.281340,2.351428
2658,54502,82,186.067460,24.267148,1.628400
2645,54477,22,185.509830,22.245783,2.841138
2646,54479,267,184.912400,22.152530,1.868556
2644,54210,526,182.688910,23.710327,0.516098
2231,53816,187,184.520420,27.011473,2.287427
2610,54476,343,183.206820,20.562630,0.436068
2609,54476,58,182.825120,19.040620,0.214475
2609,54476,59,182.841540,19.088458,0.248545
2609,54476,134,182.531610,19.160619,0.015907
2609,54476,138,182.560940,19.193734,0.088716
2610,54476,258,183.817600,19.118107,0.084155
2658,54502,559,186.534100,25.570812,1.910462
2610,54476,339,183.514920,20.734936,0.046918
2643,54208,518,181.000480,22.864049,2.432507
2645,54477,359,183.142720,22.783082,0.005653
2610,54476,342,182.857100,20.332612,0.615446
2610,54476,478,183.904720,20.343629,0.753471
2643,54208,632,181.993180,22.795669,0.849801
2595,54207,79,181.918110,17.302843,2.529121
2596,54207,313,182.096030,17.330286,2.257612
2596,54207,33,184.473010,17.442113,0.006389
2596,54207,194,183.060970,17.282730,0.762634
2597,54231,167,185.196790,17.016081,0.037306
2597,54231,168,185.249880,17.023343,0.009097
2597,54231,198,185.159080,17.045102,0.052979
2597,54231,392,184.454440,17.475222,0.044579
2645,54477,160,184.836790,22.324696,1.806822
2646,54479,236,185.417520,22.352334,2.724616
2646,54479,311,184.771390,22.333544,1.710743
2646,54479,318,184.806070,22.431456,1.813656
2595,54207,610,181.868480,18.474638,1.566410
2657,54502,304,182.795130,24.546088,1.531557
2609,54476,542,182.578610,20.089006,0.399405
2610,54476,354,182.670700,20.034708,0.222106
2656,54484,72,183.000730,24.526332,1.305247
2231,53816,209,184.388080,26.397967,1.829654
5849,56033,828,184.673940,18.194219,0.751641
2596,54207,571,183.629900,18.251282,0.844872
2597,54231,333,184.509460,18.328295,0.434975
2597,54231,339,184.315620,18.308990,0.129516
2597,54231,340,184.208480,18.162054,0.052452
2644,54210,446,182.414680,23.289431,0.726374
2645,54477,451,184.315510,23.536771,1.035734
2595,54207,75,181.952970,17.160560,2.423889
2596,54207,309,181.748750,17.109870,2.749115
2657,54502,168,183.882280,24.728540,0.777639
2596,54207,601,184.071270,18.413060,0.066211
2233,53845,85,186.454850,26.739898,0.018601
2233,53845,86,186.437010,26.766895,0.016909
2657,54502,419,183.652690,26.113314,2.456528
2658,54502,522,186.579690,26.129308,0.964466
2658,54502,524,186.442430,26.082477,1.113671
2657,54502,446,184.187430,26.123664,1.728726
2658,54502,457,186.293450,25.879803,1.523965
2658,54502,460,186.270750,25.957554,1.404323
2596,54207,36,184.688260,17.226625,0.309812
2596,54207,147,183.552800,17.136462,0.024485
2596,54207,164,183.277080,17.098911,0.295669
2596,54207,181,183.068610,17.246628,0.719852
2596,54207,198,183.084880,17.198169,0.658153
2596,54207,512,183.496370,17.548992,0.521292
2596,54207,600,184.009980,17.531113,0.074702
2597,54231,166,185.318930,17.191249,0.287770
2597,54231,192,185.175650,17.106980,0.012915
2597,54231,232,184.619130,17.266292,0.262806
2597,54231,345,183.995270,17.629655,0.023206
2658,54502,363,185.485100,25.956783,0.914122
2657,54502,505,184.185010,25.691875,1.450238
2657,54502,382,182.969970,25.443117,2.629274
2644,54210,204,182.179630,21.741515,1.752777
2644,54210,217,182.231220,21.777474,1.709195
2609,54476,606,183.423470,20.880504,0.022014
2596,54207,278,182.202580,17.170641,2.018839
2596,54207,616,184.176340,18.378209,0.007794
2597,54231,323,184.483300,18.399145,0.402689
2597,54231,330,184.501790,18.495951,0.497458
2657,54502,22,185.232840,24.668588,0.197085
2658,54502,280,185.326070,24.712682,0.225360
2658,54502,309,184.586270,24.584683,0.001270
2658,54502,314,184.535330,24.688319,0.198670
2658,54502,319,184.807370,24.683073,0.059246
5847,56037,778,181.835580,17.261598,2.646583
2608,54474,30,182.011590,19.790171,0.152254
2609,54476,111,182.950780,19.842158,0.004669
2609,54476,113,182.908660,19.845407,0.048142
2609,54476,115,182.899690,19.895755,0.013146
2609,54476,191,181.960770,19.767506,0.063839
2609,54476,598,183.327110,19.936635,0.327916
5973,56067,52,182.492250,19.918722,0.484526
2644,54210,447,182.509140,23.854492,0.862976
2644,54210,450,182.561080,23.887979,0.814204
2644,54210,529,182.589410,23.811674,0.716861
2658,54502,116,186.832180,24.959426,2.299355
2658,54502,119,186.966460,24.942179,2.218890
2658,54502,185,185.682400,24.820478,0.741357
2658,54502,239,185.423510,24.824307,0.336345
2658,54502,241,185.522390,23.885244,1.590561
2643,54208,118,181.289710,22.008016,1.954029
2644,54210,221,182.127840,21.927332,1.721310
2644,54210,225,182.237770,21.888759,1.729263
2643,54208,26,181.993320,21.918669,1.824966
2595,54207,28,182.387110,17.014277,1.679367
2610,54476,208,183.863890,19.163160,0.186901
2610,54476,227,183.854740,19.292463,0.312759
2610,54476,243,183.677700,19.166024,0.042907
2610,54476,291,183.634260,18.998313,0.277995
2611,54477,253,185.217340,19.003874,1.966198
2659,54498,383,187.062310,25.432629,1.419718
2609,54476,85,182.720680,19.097380,0.087773
2609,54476,92,182.690370,19.040836,0.000537
2609,54476,96,182.699050,19.063544,0.019592
2609,54476,100,182.652850,19.016173,0.074467
2609,54476,123,182.513020,19.081662,0.120820
2609,54476,219,182.380890,19.209754,0.063931
2609,54476,252,182.131150,18.948591,0.672340
2609,54476,261,181.211450,19.247718,1.127712
2609,54476,291,181.311420,18.983534,1.605346
2609,54476,296,181.625060,19.170217,1.037380
2610,54476,45,184.719530,19.015245,1.339960
2610,54476,104,184.790940,19.274264,1.638660
2609,54476,584,183.315740,20.348451,0.115902
2644,54210,543,183.145700,22.784728,0.000293
2655,54184,8,181.283290,23.927011,2.717763
2656,54484,135,181.700820,24.025652,2.171995
2658,54502,138,185.796150,23.977357,1.688433
2658,54502,288,185.347400,23.984943,1.308161
5974,56314,316,183.149230,22.784257,0.002700
2229,53823,9,183.977040,26.663238,2.593893
2231,53816,244,184.076970,26.765394,2.629705
2231,53816,260,183.980350,26.662114,2.588978
2643,54208,550,181.219710,22.614618,2.123221
2658,54502,292,184.896940,24.193302,0.802825
2658,54502,297,184.743430,24.186310,0.730520
2233,53845,220,185.927500,26.848974,0.491036
5969,56069,172,180.863460,22.210361,1.746620
2658,54502,212,185.664090,24.330089,1.072681
2644,54210,405,182.192540,23.362004,1.032371
2643,54208,528,180.838600,23.285020,2.791321
2645,54477,526,184.705680,23.289324,1.772012
2644,54210,415,182.148030,23.225035,0.882844
2644,54210,97,182.969830,21.536765,0.471678
2644,54210,282,181.774210,21.462320,2.108943
2644,54210,509,182.588850,22.957306,0.092171
2643,54208,532,180.984360,22.980095,2.467504
2644,54210,541,182.901780,22.994520,0.110571
2644,54210,561,182.971590,23.643705,0.051838
2644,54210,567,183.046210,23.676520,0.009320
2644,54210,584,183.505820,23.010308,0.697158
2656,54484,11,182.750950,23.674646,0.406251
2656,54484,18,182.707920,23.714356,0.488100
2611,54477,320,184.596890,19.695673,1.689770
2645,54477,55,184.868030,21.573812,1.883835
2645,54477,346,182.885100,23.017135,0.139327
2609,54476,231,181.679330,19.583839,0.492958
2656,54484,121,181.744680,23.705077,1.933204
2231,53816,218,184.342100,26.624248,2.192235
2595,54207,31,182.203680,17.172202,2.017566
2595,54207,32,182.151940,17.211846,2.115599
2656,54484,638,183.250830,25.281658,2.133224
2658,54502,261,185.232360,24.670786,0.193467
2610,54476,561,184.824120,21.086770,2.240148
2610,54476,565,184.863730,21.154833,2.217338
2610,54476,570,184.860200,21.170180,2.196950
2644,54210,90,182.966970,21.112777,0.307601
2645,54477,207,183.970360,21.235363,1.054501
2597,54231,344,184.075890,17.770269,0.000134
2596,54207,584,184.064410,17.801214,0.044371
2657,54502,115,184.488190,25.076515,0.836692
2656,54484,623,183.476250,25.169228,1.771487
2609,54476,556,182.530340,20.451832,0.941202
2609,54476,632,183.521510,20.445564,0.114011
2609,54476,533,182.468760,20.929138,1.149910
2231,53816,86,184.952690,26.285648,1.279567
2233,53845,204,186.017550,26.418845,0.813239
2233,53845,241,185.463800,26.363588,1.505242
5849,56033,886,185.059680,17.346697,0.143222
2645,54477,43,184.746060,21.305925,1.910668
2609,54476,135,182.430030,18.930389,0.416835
2596,54207,585,184.088220,17.769235,0.010095
2015,53819,86,187.241630,32.673665,0.009468
1994,53845,628,194.888730,32.291236,0.730624
2029,53819,488,196.377380,32.067149,2.860896
2004,53737,516,183.299350,32.636281,0.031998
2013,53818,623,187.128800,32.547756,0.005018
2029,53819,375,195.757130,32.210721,1.917750
2004,53737,515,183.288840,32.596367,0.030408
1994,53845,436,193.666750,32.367103,0.033789
1994,53845,440,193.574930,32.368986,0.009648
1994,53845,466,193.468770,32.241680,0.150000
1994,53845,471,193.265290,32.326786,0.166552
1994,53845,481,193.893780,32.205970,0.165404
2004,53737,421,182.433410,32.657839,0.347234
2004,53737,497,182.821650,32.593787,0.155281
2004,53737,501,183.265600,32.613405,0.008641
2004,53737,502,183.336540,32.674176,0.118164
1975,53734,383,190.141150,32.580791,1.168764
2029,53819,384,195.685980,32.085039,1.908043
1994,53845,400,193.241810,32.412314,0.281938
1975,53734,629,192.494880,32.388679,1.132707
1994,53845,583,194.609730,32.722067,0.131179
1994,53845,587,194.561090,32.672959,0.059052
1971,53472,426,187.413170,32.912654,0.091788
1971,53472,482,188.162430,32.881663,0.115474
1971,53472,484,188.229070,32.911265,0.013008
1971,53472,532,188.357950,32.974971,0.186257
1987,53765,251,191.759020,32.871234,2.245345
1994,53845,118,194.114870,30.433305,0.459802
1994,53845,226,193.699270,30.544828,0.145134
1994,53845,383,193.496430,32.655091,0.516715
1994,53845,386,193.433390,32.704344,0.612548
2089,53498,13,182.729030,32.928591,0.752520
2237,53828,601,191.564090,30.634877,0.007705
2239,53726,332,191.613100,30.515782,0.101323
2239,53726,376,191.894310,30.619998,0.013494
2239,53726,377,191.915230,30.610160,0.014633
2237,53828,447,190.198570,30.685659,0.843520
1975,53734,633,192.447590,32.080503,0.775327
1994,53845,445,193.248040,32.136740,0.063004
1994,53845,447,193.262240,32.107013,0.009462
1994,53845,578,194.541930,32.016518,0.777712
2004,53737,500,183.018820,32.734810,0.330541
1975,53734,553,191.575160,32.187564,1.038908
1975,53734,557,191.606030,32.181869,1.049195
1994,53845,562,194.938870,32.045019,1.107352
1971,53472,492,188.252180,32.867793,0.013360
1994,53845,353,192.578160,32.547373,1.251471
1999,53503,53,185.087830,32.847632,0.631022
2004,53737,483,182.866270,32.724277,0.365691
2013,53818,633,187.384030,32.298385,0.576370
2237,53828,521,190.579310,30.905890,0.411387
2232,53827,577,186.484610,30.843573,2.511344
2234,53823,363,186.918410,30.931427,2.380203
2234,53823,447,187.598980,30.933832,2.645038
2237,53828,602,191.542120,30.731914,0.040435
1971,53472,238,187.837980,32.323637,1.112558
1971,53472,351,186.564120,32.419129,0.051015
2239,53726,338,191.624010,30.848642,0.049191
2239,53726,340,191.546850,30.722743,0.029808
2004,53737,543,183.499980,32.316266,0.000066
2004,53737,551,183.558270,32.421164,0.083983
2004,53737,552,183.596210,32.414642,0.124387
2004,53737,555,183.587070,32.449620,0.147057
2004,53737,560,183.493530,32.331150,0.022390
2239,53726,378,191.752060,30.727576,0.262498
2013,53818,494,185.562200,32.399405,0.818062
2013,53818,506,185.965670,32.354656,0.705550
2013,53818,587,186.423860,32.473461,0.044627
2237,53828,506,190.767750,30.387231,1.215395
2237,53828,581,191.611450,30.458252,0.201201
2011,53499,341,194.059900,30.200079,0.865818
2237,53828,369,189.582000,30.525765,1.486913
2237,53828,388,189.344750,30.474091,1.799496
2237,53828,421,189.783290,30.406543,1.489955
2239,53726,435,191.975590,30.373695,0.431539
1975,53734,201,190.370990,31.185672,0.032363
1994,53845,96,194.522250,31.014038,0.714274
2029,53819,196,195.859190,31.456144,2.479495
1971,53472,28,189.689510,31.879468,0.208093
1971,53472,64,189.632710,31.937998,0.118820
1975,53734,222,190.709230,31.890236,0.717018
1994,53845,125,193.682230,31.611981,0.995052
1994,53845,162,193.096400,31.697393,0.367883
1994,53845,415,192.873130,31.814573,0.010171
6488,56364,78,196.904570,32.777678,2.982924
2013,53818,84,186.130670,31.247647,1.954511
2239,53726,106,193.021120,29.288085,2.550217
2029,53819,312,194.988690,31.505997,1.779167
1975,53734,310,189.627950,31.884253,0.212390
1975,53734,318,189.703330,31.984887,0.024861
1975,53734,146,191.441620,31.876331,0.466809
1994,53845,254,192.733440,31.687881,0.013905
1994,53845,260,192.735760,31.665444,0.006920
1994,53845,285,191.906030,31.724755,0.862249
2239,53726,147,192.777380,29.196812,2.791254
2029,53819,224,195.686690,31.478167,2.346475
2237,53828,433,189.705870,29.972408,2.227022
2239,53726,360,191.012760,29.916120,1.434023
2237,53828,35,191.659580,29.836704,1.275144
2237,53828,347,188.938910,30.024166,2.780794
1971,53472,40,189.826400,31.989890,0.064924
1971,53472,61,189.475820,32.004936,0.031004
1971,53472,104,189.124640,32.079790,0.116468
1971,53472,114,189.191520,32.115753,0.004207
1975,53734,623,192.538260,32.006520,0.590587
1994,53845,478,193.431830,31.941460,0.375829
2029,53819,192,195.987610,31.613092,2.727867
1971,53472,75,189.423830,32.086725,0.099970
1971,53472,311,186.735070,32.147566,0.260753
1975,53734,313,189.684670,32.017931,0.027145
2013,53818,597,186.815590,32.069967,0.422068
1994,53845,229,193.780790,30.512699,0.218005
1994,53845,501,194.082530,32.654981,0.521983
2013,53818,326,185.224390,32.973032,0.348643
2013,53818,457,185.981710,32.956071,0.296756
2029,53819,403,196.104300,32.548165,2.217452
2006,53476,281,194.479400,32.728369,0.059135
2239,53726,179,192.206200,29.424275,2.105329
1994,53845,74,194.227890,30.676450,0.011802
1994,53845,77,194.273730,30.665093,0.005203
1994,53845,111,194.183390,30.719239,0.004353
1994,53845,221,193.741060,30.708092,0.077435
1971,53472,289,187.150970,31.481969,1.537202
2013,53818,57,186.617060,31.458195,1.433251
1994,53845,83,194.454600,31.275436,1.018117
1994,53845,89,194.422420,31.275269,0.998526
1994,53845,91,194.568940,31.158977,0.973270
1994,53845,132,194.219120,31.295269,0.960246
1994,53845,155,193.481840,31.220003,0.283451
1994,53845,211,192.908210,31.352769,0.001853
2232,53827,444,185.868510,30.984469,2.533430
2232,53827,532,186.108610,30.916655,2.503926
1975,53734,122,190.732230,31.472999,0.236986
1975,53734,124,190.621690,31.455283,0.351696
1975,53734,125,190.820730,31.483147,0.139851
1975,53734,202,190.353900,31.482323,0.255760
1975,53734,129,190.770140,31.150562,0.025703
1975,53734,210,190.678730,31.140781,0.021802
1975,53734,250,190.047370,31.177114,0.283671
1994,53845,263,193.467390,31.107093,0.121935
1994,53845,301,192.713830,31.040073,0.003224
1994,53845,308,192.399540,31.117551,0.390486
1994,53845,108,194.145890,30.768976,0.044006
2237,53828,561,190.804310,31.055618,0.054070
2237,53828,570,190.807930,31.084968,0.009315
2237,53828,607,191.139580,31.084931,0.501910
1975,53734,44,191.579960,31.084657,0.016294
2239,53726,401,192.265380,30.926437,0.003057
2239,53726,402,192.403610,30.845519,0.041604
2239,53726,451,192.630890,30.846918,0.101753
6478,56341,914,190.801530,31.086684,0.000344
6481,56363,836,192.626970,30.846684,0.098603
1975,53734,243,190.106590,31.154920,0.198507
1994,53845,277,193.395620,30.985048,0.109386
2232,53827,368,185.115090,31.172112,3.049733
2234,53823,565,188.293410,31.142670,2.176409
2232,53827,443,185.782930,31.051202,2.493250
2011,53499,339,193.795270,29.578265,1.823292
2239,53726,149,192.541330,29.676221,1.885995
2239,53726,231,191.859010,29.787786,1.363460
2239,53726,235,191.685640,29.735289,1.448957
2237,53828,461,190.333940,30.121735,1.815561
2237,53828,466,190.304120,30.275579,1.549874
2239,53726,35,193.510340,29.603614,1.803472
2232,53827,627,186.820630,30.622815,2.893670
2234,53823,536,188.036960,30.715329,3.000665
2239,53726,264,191.527110,29.823158,1.309060
2239,53726,419,192.422870,30.752402,0.191660
4612,55590,338,183.503440,32.316366,0.001885
2237,53828,150,190.515470,29.666373,2.255740
2029,53819,526,196.907560,32.775328,2.988538
2029,53819,330,195.534340,32.716417,1.464429
2006,53476,42,195.819070,32.721472,1.710555
2006,53476,98,195.576210,32.890615,1.255069
2006,53476,99,195.609470,32.762789,1.458775
2029,53819,419,196.132740,32.823465,1.948546
1975,53734,392,190.203200,32.250757,0.782220
1975,53734,425,190.455600,32.626379,1.522647
1975,53734,464,190.758480,32.328346,1.380740
4611,55603,998,183.276440,32.800115,0.304467
2004,53737,113,183.491510,32.117861,0.344730
2006,53476,84,195.604330,32.425734,1.604934
2006,53476,208,195.121800,32.367438,0.949685
2006,53476,289,194.485040,32.481661,0.093544
2013,53818,367,185.319590,32.782075,0.463045
2013,53818,375,185.325960,32.711072,0.541711
2015,53819,47,187.502490,32.879585,0.229676
2029,53819,477,196.091070,31.882924,2.599138
1971,53472,41,188.774070,31.239934,1.595303
1971,53472,125,188.126730,31.374927,2.020090
1971,53472,201,187.819160,31.341159,2.182885
2013,53818,41,186.556090,31.395149,1.548085
2013,53818,600,186.402320,32.183158,0.397512
6481,56363,760,192.267900,30.924034,0.000925
1994,53845,536,194.262040,31.625540,1.249088
6477,56365,978,186.672580,31.935561,0.604611
2239,53726,597,193.153240,30.416840,0.925585
2011,53499,369,194.077060,29.807797,1.428968
2011,53499,373,194.101950,29.804940,1.410360
1994,53845,33,194.577480,30.538023,0.048679
1994,53845,68,194.241120,30.716046,0.056476
2239,53726,561,193.379260,30.723521,0.425171
2013,53818,292,184.770410,31.699108,2.163018
2013,53818,314,184.715480,31.739850,2.056575
1971,53472,59,188.794870,31.612412,1.062504
1971,53472,103,188.885950,31.749326,0.790501
1994,53845,100,194.206280,31.498764,1.311576
1975,53734,160,191.400130,31.642732,0.141719
1975,53734,166,191.181940,31.637086,0.045080
1975,53734,188,190.907120,31.730522,0.326783
2029,53819,303,194.874490,31.335659,1.438647
1975,53734,230,190.561030,31.697281,0.675453
1994,53845,244,192.624290,31.607091,0.200222
2029,53819,232,195.806730,31.320587,2.255072
2029,53819,233,195.857280,31.317570,2.304771
6482,56358,414,189.775890,31.708096,0.352180
6487,56362,518,195.812240,31.329656,2.272018
6484,56358,640,194.081490,31.335825,1.030514
2239,53726,622,193.242670,30.152048,1.090600
6485,56342,291,192.905990,31.356133,0.000151
1971,53472,176,188.235190,32.142373,0.890922
1975,53734,307,189.700140,32.091495,0.156576
1994,53845,495,193.839120,31.978190,0.542826
2029,53819,521,196.851740,32.862715,2.856174
2029,53819,441,196.487880,32.838997,2.385633
2029,53819,459,196.582810,32.973850,2.421637
2006,53476,17,196.489020,32.837154,2.388538
2006,53476,52,195.926440,32.989713,1.540577
6488,56364,158,196.486110,32.837986,2.384092
6478,56341,898,190.764990,30.381107,1.226196
6481,56363,504,190.762150,30.378116,1.231580
6485,56342,655,192.579360,32.547920,1.250951
2243,53794,608,199.866700,27.748974,0.001839
2243,53794,619,199.916970,27.706060,0.002716
2243,53794,418,198.477820,27.713019,0.601777
2243,53794,529,199.049720,27.733764,0.124713
2243,53794,561,199.353770,27.750143,0.015424
2243,53794,610,199.745640,27.812190,0.001489
2243,53794,617,199.774760,27.818536,0.016233
2242,54153,625,198.033030,27.330519,1.507918
2243,53794,429,198.455300,27.469255,1.020869
2664,54524,328,199.897240,25.411017,2.484604
2243,53794,100,199.191150,26.212202,2.655811
2243,53794,149,199.205770,26.346278,2.423019
2243,53794,432,198.031010,27.322767,1.520779
2243,53794,493,198.856630,27.303237,0.927044
2243,53794,236,198.159520,26.798599,2.208103
2242,54153,640,198.080330,27.127011,1.776692
2243,53794,93,199.174720,26.131788,2.795668
2243,53794,240,198.226250,26.534976,2.566795
2243,53794,461,198.722660,27.008120,1.478482
2244,53795,352,199.913950,26.788034,1.236898
2243,53794,577,199.438280,27.569870,0.342404
2504,54179,341,172.438330,22.126549,1.329157
2504,54179,352,172.424400,22.115395,1.331306
2504,54179,434,173.138400,22.115852,2.034844
2224,53815,135,178.658000,28.977662,0.104705
2225,53729,95,180.404490,28.968307,1.424410
2225,53729,283,179.229330,28.846107,0.042897
2225,53729,297,179.292600,28.887111,0.059045
2500,54178,520,172.392920,21.725775,1.822412
2496,54178,589,171.585720,21.698404,1.538405
2496,54178,631,171.951010,21.629173,1.680217
2500,54178,231,172.071480,21.591539,1.794022
2505,53856,227,174.535840,23.396163,2.668309
2505,53856,238,174.717740,23.446504,2.821034
2505,53856,239,174.603640,23.517449,2.602906
2505,53856,262,174.275280,23.528966,2.213814
2225,53729,136,180.238740,28.954500,1.236158
2496,54178,492,170.468680,21.634432,2.601354
2497,54154,246,170.633030,23.105871,1.755460
2501,54084,41,173.425170,23.412728,1.726165
2504,54179,235,173.424750,21.864601,2.428820
2504,54179,318,172.612660,21.659836,2.135877
2218,53816,75,173.478270,26.363993,0.798622
2222,53799,189,176.446690,29.253324,2.523410
2496,54178,613,171.411740,22.831180,0.674397
2500,54178,334,171.389060,22.819022,0.688913
2505,53856,389,174.341650,25.850179,0.476262
2505,53856,535,175.042940,25.326342,1.705167
2505,53856,537,175.061460,25.323686,1.708747
2505,53856,538,175.043390,25.309597,1.734179
2505,53856,555,175.078480,25.392089,1.589495
2510,53877,627,177.742240,26.005245,2.578938
2514,53882,370,178.329440,25.989572,2.958731
2223,53793,344,177.002730,27.829500,0.041293
2497,54154,35,172.553690,24.169641,0.061471
2223,53793,578,178.722340,28.061547,0.132291
2223,53793,322,176.986090,28.068937,0.373772
2223,53793,346,176.777830,27.418196,0.697008
2221,53792,554,176.322310,27.276229,0.155110
2221,53792,581,177.268270,27.334229,0.952682
2219,53816,98,173.913470,26.097163,0.112879
2501,54084,196,172.559870,23.802264,0.101103
2221,53792,19,177.237090,26.248139,1.689668
2223,53793,289,176.930790,26.276606,1.268800
2216,53795,5,171.944240,25.999768,2.597672
2218,53816,45,172.906970,26.111089,1.152134
2219,53816,219,172.896130,26.062290,1.143573
2226,53819,99,179.917300,26.546490,2.622768
2226,53819,202,179.542090,26.453139,2.638749
2226,53819,214,179.531330,26.522877,2.516543
2226,53819,245,179.323670,26.517189,2.504603
2224,53815,223,178.197290,29.329021,0.006951
2224,53815,227,178.179730,29.317168,0.017405
2225,53729,105,180.602350,29.376606,2.152783
2225,53729,228,179.885190,29.447075,1.394165
2225,53729,317,178.732530,29.342539,0.510335
2219,53816,94,173.739440,25.945735,0.035193
2221,53792,90,176.453390,26.119708,0.976041
2221,53792,107,176.396710,27.128478,0.390422
2223,53793,168,178.257370,27.156965,1.026940
2223,53793,181,177.978130,27.091662,0.974792
2223,53793,221,177.571410,27.130650,1.017557
2223,53793,265,177.272780,27.251541,1.095749
2226,53819,206,179.558540,26.309452,2.889389
2218,53816,73,173.277370,26.849270,1.676785
2496,54178,628,171.775300,21.912731,1.151729
2500,54178,359,170.834180,21.697051,2.094593
2222,53799,193,176.493250,29.332597,2.566580
2228,53818,263,180.928220,29.638777,2.580848
2496,54178,608,171.400150,22.756166,0.612452
2500,54178,377,171.451500,22.594892,0.444595
2496,54178,415,170.091430,22.579446,2.623386
2496,54178,562,171.334250,22.732727,0.687911
2501,54084,3,173.754660,23.295099,2.096732
2224,53815,109,179.844350,29.465906,1.376970
2218,53816,511,172.727340,27.308586,2.810423
2223,53793,505,178.576300,27.758617,0.610489
2223,53793,548,178.677300,27.755648,0.643062
2226,53819,381,179.146650,27.661717,0.580001
2227,53820,396,180.546670,27.742225,1.630731
2221,53792,108,176.388990,26.783497,0.080321
2497,54154,38,172.598080,24.292639,0.160265
2505,53856,43,175.657060,24.535330,3.016919
2226,53819,211,179.566990,26.558784,2.462776
2226,53819,268,179.125170,26.735822,2.145532
2505,53856,354,173.710310,25.530628,0.014642
2510,53877,638,177.860210,25.809474,2.923250
2223,53793,416,178.019660,28.116369,0.180717
2223,53793,568,178.702030,28.173612,0.064842
6406,56330,27,177.670710,28.087424,0.343008
2223,53793,528,178.375010,28.340623,0.428251
2223,53793,580,178.722830,28.262408,0.210997
2219,53816,574,174.563230,28.136618,3.036205
2223,53793,412,177.934460,28.246118,0.441730
2505,53856,110,174.951070,23.656185,2.866631
2496,54178,20,171.488290,20.861193,2.972936
2497,54154,16,172.621840,23.635906,0.319498
2501,54084,101,173.361250,24.053551,0.645871
2501,54084,163,173.055930,23.937791,0.666757
2501,54084,167,172.983350,23.990397,0.541608
2501,54084,489,172.751020,25.221224,1.477011
2224,53815,90,179.056620,28.589902,0.524512
2218,53816,150,172.820920,26.589525,1.718360
2218,53816,214,172.232200,25.861217,2.143377
2218,53816,252,172.052690,25.726739,2.441391
2219,53816,48,174.068560,25.983962,0.086768
2219,53816,122,173.614210,25.876476,0.008147
2219,53816,125,173.593900,25.907807,0.031502
2221,53792,109,176.355860,26.829899,0.054366
2222,53799,288,175.720610,28.458767,1.610292
2223,53793,28,179.612520,27.075761,1.600927
2223,53793,44,178.743910,26.202508,2.838810
2223,53793,118,178.759590,27.297834,1.448289
2223,53793,592,178.893660,27.362694,1.226330
2224,53815,125,178.621310,28.765390,0.457870
2223,53793,599,179.083000,27.437834,0.975102
2226,53819,480,180.144370,27.586234,1.445748
2226,53819,509,180.920790,27.547662,1.419195
2221,53792,465,175.732820,27.277424,0.502859
2221,53792,480,175.574470,27.316138,0.756338
2221,53792,493,175.752540,27.396965,0.589786
2221,53792,520,176.058310,27.235832,0.080625
2501,54084,554,173.273460,24.686020,0.243777
2501,54084,628,174.379420,24.680247,0.946136
2505,53856,564,175.664380,24.822522,2.525511
2225,53729,231,179.952330,29.640698,1.714649
2222,53799,71,177.701830,29.414677,0.754013
2219,53816,237,172.924990,26.875928,2.008043
2224,53815,59,179.465000,29.046609,0.443228
2501,54084,445,173.008360,25.623249,1.024219
2225,53729,274,179.382890,29.765071,1.291148
2501,54084,331,171.866810,25.495387,2.486084
2501,54084,372,172.475600,25.643133,1.816333
2223,53793,613,178.965470,28.139744,0.021435
2501,54084,275,172.028880,24.175854,0.612117
2221,53792,483,175.868060,27.699918,0.834513
2221,53792,377,175.294890,27.994794,1.832527
2221,53792,388,175.196190,27.898631,1.810039
2224,53815,475,178.944340,29.941448,0.662913
2224,53815,497,179.349990,29.927071,1.252093
2504,54179,357,172.326410,21.927272,1.482853
2220,53795,60,175.163710,28.860860,2.705244
6406,56330,530,175.158860,28.861117,2.710953
2219,53816,89,173.931000,25.826613,0.356603
2501,54084,525,173.330200,25.743368,0.482238
2505,53856,635,175.878640,25.398316,1.674015
6421,56274,469,171.387890,22.822726,0.694354
2218,53816,494,172.280730,26.968863,2.779495
2218,53816,519,172.604410,27.002395,2.475704
2218,53816,557,173.009110,27.005766,2.140505
2219,53816,352,172.646550,27.123334,2.604023
2501,54084,426,172.498490,25.019402,1.401934
2501,54084,427,172.476040,25.131164,1.596664
2501,54084,335,171.995630,25.272473,2.098471
2501,54084,495,172.764180,25.198390,1.434231
2501,54084,543,173.684190,25.159045,0.183864
2501,54084,583,173.906650,25.088626,0.104037
6421,56274,288,172.441730,22.122266,1.338409
6430,56299,953,172.243780,22.090865,1.178050
2223,53793,304,176.818490,26.834261,0.743935
2505,53856,179,174.669530,24.584901,1.421408
2218,53816,109,172.940160,26.475558,1.447601
2219,53816,190,173.331950,26.557033,1.205550
2223,53793,31,179.689150,26.900597,1.926321
2223,53793,194,177.846610,26.784403,1.498454
2227,53820,266,180.237520,26.954558,2.248741
2497,54154,156,171.660970,24.299402,0.390074
6411,56331,108,178.741380,26.199899,2.840987
2501,54084,117,173.447240,24.317152,0.312607
2501,54084,183,172.642290,24.219480,0.016815
2501,54084,237,172.364570,24.165292,0.355223
2218,53816,581,173.205550,27.452044,2.663230
2221,53792,433,175.304540,27.665103,1.418155
2221,53792,544,176.343240,27.852408,0.198083
2221,53792,546,176.306470,27.844843,0.243173
2221,53792,547,176.442940,27.781816,0.011711
2221,53792,548,176.464390,27.806070,0.019502
2223,53793,388,177.703120,27.864042,0.041394
2220,53795,93,174.821530,28.663014,2.917327
6406,56330,694,176.011930,28.799901,1.872630
2505,53856,306,173.838200,23.517017,1.801481
2222,53799,32,178.203650,29.339753,0.007972
2500,54178,337,171.279280,22.510183,0.728154
2496,54178,465,170.185250,22.258341,2.536038
2496,54178,528,170.949880,22.474563,1.259862
2500,54178,155,172.478690,21.451457,2.293939
2218,53816,219,172.275290,26.061435,2.094374
2218,53816,246,171.949770,25.841431,2.585538
2219,53816,60,174.151050,26.077484,0.019362
2501,54084,134,173.015350,23.703820,0.843572
2501,54084,586,173.773760,25.162881,0.047253
2505,53856,419,173.884740,25.024379,0.020809
2505,53856,435,174.640490,25.398098,1.380317
2505,53856,334,173.412490,24.684622,0.084821
2505,53856,338,173.282090,24.652573,0.205343
2505,53856,413,174.202130,24.720448,0.685249
2510,53877,411,176.212330,24.930848,2.630764
2216,53795,61,171.712580,26.196538,2.997024
2220,53795,23,175.601280,29.090516,2.600185
2226,53819,130,179.781050,26.607423,2.454666
6409,56306,333,171.988170,26.071898,2.540837
2218,53816,256,171.901040,26.178654,2.702521
2218,53816,258,171.860990,26.057421,2.735315
2219,53816,254,172.838930,26.295772,1.383451
2219,53816,438,172.989590,27.282375,2.553654
2219,53816,534,174.304640,27.506390,2.059530
2224,53815,438,178.433230,29.798179,0.096652
2505,53856,619,175.905720,24.944182,2.413673
2510,53877,372,175.855520,25.005453,2.287700
2497,54154,597,172.417210,24.762083,1.025188
2497,54154,600,172.423850,24.863816,1.187887
2501,54084,113,173.428080,24.482020,0.113752
2501,54084,640,174.230030,24.890424,0.567367
2505,53856,281,173.315760,24.446893,0.005765
2505,53856,292,173.263210,24.403629,0.021098
2505,53856,295,173.393400,24.534307,0.030836
2505,53856,401,174.252280,24.896370,0.597698
2505,53856,411,173.891270,24.962573,0.045442
2505,53856,445,174.662520,24.927263,1.224436
2228,53818,282,181.374360,29.195955,1.663187
2224,53815,146,179.398690,29.237126,0.676348
2224,53815,256,178.057040,29.075737,0.463106
2224,53815,298,177.756800,29.029698,0.829845
6416,56312,654,175.857360,25.003073,2.292525
6403,56357,143,178.622240,29.835772,0.145629
2220,53795,617,175.607420,30.263768,2.522661
2220,53795,618,175.575000,30.230299,2.599098
2222,53799,548,177.013980,30.359329,1.333807
2222,53799,555,176.930920,30.232588,1.572460
2222,53799,627,178.010490,30.319929,0.024698
2222,53799,629,177.850440,30.413088,0.195336
2222,53799,630,178.054470,30.296782,0.001256
2008,53473,561,176.357770,32.252419,0.201860
1991,53446,360,176.940670,32.317863,1.050911
2008,53473,593,176.306160,32.312194,0.121441
1991,53446,547,178.795700,32.364214,2.252674
1991,53446,348,176.738990,32.653974,0.833447
1991,53446,367,177.775040,32.780562,2.655661
2008,53473,541,176.113160,32.676585,0.172924
2008,53473,584,176.336640,32.722250,0.394642
2097,53491,291,175.906100,32.626046,0.105658
2097,53491,299,175.680480,32.707594,0.321709
2008,53473,246,174.561930,31.640306,2.522214
2008,53473,556,176.154150,32.564912,0.016615
2008,53473,206,174.862050,31.854444,2.154777
2008,53473,545,176.126460,32.568155,0.002819
2008,53473,571,176.119760,31.921694,0.177690
2008,53473,636,176.650580,32.520484,0.632138
2097,53491,18,177.674620,32.697241,2.459201
2097,53491,42,177.158610,32.640844,1.403662
1991,53446,494,178.193090,32.309911,2.255824
1974,53430,424,172.927350,32.898622,2.545602
1991,53446,238,177.721930,31.790023,1.122431
2097,53491,285,175.802580,32.909124,0.065796
2097,53491,292,175.886240,32.863280,0.047425
2224,53815,391,178.286040,30.187457,0.050551
2097,53491,50,177.232670,32.794932,1.591322
2097,53491,249,176.256270,32.646463,0.219898
1991,53446,294,176.677560,31.484512,0.070297
1991,53446,200,177.954740,31.504053,1.047388
1991,53446,250,177.320710,31.191995,0.027386
2220,53795,606,175.222760,30.573010,2.486405
2224,53815,367,178.364760,30.696906,0.715398
1991,53446,66,179.184840,31.510439,2.451935
1991,53446,299,176.956560,31.344755,0.104566
2008,53473,35,176.294320,31.196913,0.614358
2220,53795,576,175.015560,30.593439,2.665180
2224,53815,330,177.729700,30.850691,0.049127
2224,53815,614,179.807570,30.890519,2.536017
1991,53446,44,178.931400,31.342195,1.976624
1974,53430,566,174.373710,32.252465,2.395851
1974,53430,574,174.341990,31.922586,2.689369
2008,53473,202,174.913370,31.889001,2.057251
2008,53473,216,175.051540,32.016624,1.760023
2008,53473,400,175.110340,32.519765,1.219982
2008,53473,418,174.911170,32.337665,1.605192
2008,53473,517,176.022680,32.452967,0.238158
2098,53460,47,174.727450,32.499292,1.764164
2225,53729,330,179.368920,31.083957,2.310129
2225,53729,420,179.774590,30.963438,2.575507
2224,53815,385,177.977420,30.501564,0.043019
2222,53799,466,176.240900,30.439956,1.844766
2225,53729,374,179.601110,30.649598,2.044780
2224,53815,395,177.939770,29.996629,0.543877
2225,53729,353,178.901630,29.995919,0.634023
1974,53430,511,173.350450,32.602801,2.975422
1991,53446,120,178.626900,31.987988,2.353843
1991,53446,466,177.852080,32.561548,2.349471
1991,53446,468,177.932970,32.640419,2.523286
1991,53446,556,178.757090,32.093514,2.621696
1991,53446,557,178.758820,32.074667,2.603000
1991,53446,560,178.895920,32.019574,2.605901
2008,53473,137,175.700450,31.812420,0.815317
6433,56339,766,175.232640,31.267864,1.705929
2225,53729,490,180.015390,30.315185,2.396209
2224,53815,556,179.882280,30.155666,2.119534
2225,53729,387,179.143750,30.282544,1.137306
2008,53473,8,177.094090,31.480101,0.170770
2008,53473,17,177.092110,31.456392,0.132298
2008,53473,53,176.431090,31.451607,0.145898
1991,53446,86,178.746690,31.134246,1.551767
2008,53473,586,176.086130,32.846018,0.333115
1991,53446,321,177.008510,32.969635,1.463998
1991,53446,333,176.929680,32.947779,1.347537
2097,53491,87,176.836770,32.922562,1.206594
2097,53491,92,176.763900,32.895291,1.089380
2222,53799,148,176.816060,29.584524,2.124444
2222,53799,172,176.782830,29.577543,2.171114
2222,53799,174,176.783830,29.623974,2.221610
2222,53799,547,177.012050,30.440276,1.245592
2222,53799,619,177.745380,30.569555,0.225980
6473,56363,392,179.886730,30.161977,2.128957
2512,53877,390,177.639220,17.858096,0.729727
2512,53877,543,178.936480,17.888151,0.911322
2595,54207,345,179.993830,17.895615,2.467934
2512,53877,372,178.183850,18.614232,0.278674
2515,54180,14,179.651010,18.863121,2.709474
2515,54180,241,178.060420,18.651048,0.094183
2502,54180,404,172.916880,20.452933,1.126605
2498,54169,68,172.749650,19.075883,2.088172
2502,54180,67,174.350660,19.220893,1.802791
2507,53876,146,175.514510,21.340208,1.844485
2507,53876,251,174.981160,21.264465,1.235102
2500,54178,7,172.736040,20.941616,1.855755
2506,54179,231,175.141890,18.851917,1.221637
2515,54180,244,177.861920,18.965189,0.098469
2512,53877,483,178.348500,17.373488,0.235739
5892,56035,817,176.583610,17.237519,1.307527
2512,53877,369,178.004550,18.342947,0.065781
2506,54179,314,174.378030,19.042580,2.110842
2515,54180,11,179.500950,18.568686,2.404850
2512,53877,363,178.111510,18.350626,0.110866
2498,54169,56,172.316260,18.750019,2.422950
2498,54169,59,172.413680,18.769359,2.491194
2515,54180,46,179.129770,18.359484,1.736787
2512,53877,328,177.968640,18.546437,0.089525
2515,54180,250,177.870630,18.581908,0.237755
2512,53877,406,178.408830,18.316174,0.598115
2502,54180,205,173.254770,18.849319,2.143907
2512,53877,456,178.534580,18.527819,0.825870
2506,54179,219,175.007190,18.566045,1.197563
2509,54180,256,176.370880,18.563456,0.273709
2509,54180,259,176.344850,18.656184,0.111457
2502,54180,360,172.304720,19.772514,1.974177
2498,54169,557,172.171410,19.731214,2.203200
2502,54180,426,173.110260,19.800282,0.751587
2502,54180,431,172.884230,20.022542,0.963322
2512,53877,273,177.500380,17.006170,1.218915
2502,54180,36,174.851930,19.534723,1.419288
2506,54179,3,175.763590,18.461902,0.002593
2506,54179,7,175.663470,18.344665,0.087602
2506,54179,49,175.553920,18.403830,0.263698
2508,53875,504,176.128080,17.626363,0.590337
2509,54180,97,177.260980,18.853224,0.367836
2504,54179,230,173.457980,21.422178,1.672649
2502,54180,134,173.483890,18.634805,2.131414
2506,54179,183,175.320960,18.820761,0.962193
2515,54180,90,178.975780,18.852266,1.639550
2506,54179,1,175.843300,18.546657,0.047367
2506,54179,51,175.546720,18.685691,0.526285
2509,54180,1,177.589410,18.551471,0.699924
2509,54180,42,177.471670,18.560574,0.853916
2512,53877,115,179.062650,17.029708,1.055487
2512,53877,117,179.090890,17.079326,1.038236
2515,54180,228,178.125850,19.761351,1.442122
2508,53875,584,176.427700,17.747739,1.107556
2508,53875,617,176.709850,17.814061,1.584349
2511,53882,298,175.630870,21.824968,2.278330
2500,54178,121,172.057970,20.679163,2.536227
2504,54179,193,173.612330,21.352185,1.493007
2507,53876,109,175.621330,21.587368,2.146483
2507,53876,169,175.441110,21.508344,1.991575
2498,54169,6,172.798930,18.652005,2.226599
2502,54180,188,173.266350,19.370757,1.255011
6431,56311,616,173.435980,21.380048,1.614133
2508,53875,607,176.867680,18.053669,1.448247
2509,54180,36,177.981850,19.645937,1.151626
2509,54180,51,177.461360,19.145212,0.032929
2504,54179,190,173.784920,21.229557,1.231460
2512,53877,554,178.819760,17.487576,0.402817
2512,53877,478,178.003360,17.749129,0.160139
2595,54207,341,179.862040,17.756988,2.189564
2498,54169,519,171.869740,19.853412,2.612062
2502,54180,172,173.686180,19.033398,1.827957
2509,54180,22,177.952040,19.358130,0.710043
2512,53877,464,178.219740,17.601228,0.064909
2229,53823,409,182.642990,28.395997,0.106447
2229,53823,455,182.819640,28.519513,0.026235
2230,53799,501,184.090430,30.464553,2.782099
2232,53827,469,185.114790,30.453956,2.963050
2233,53845,535,186.536680,28.433567,1.402475
2233,53845,537,186.396750,28.448568,1.192103
2235,53847,374,187.467840,28.525863,2.780533
2233,53845,111,186.959760,26.993526,0.607418
2230,53799,98,183.858490,29.113393,0.453315
2230,53799,126,183.778910,29.019393,0.377104
2232,53827,23,186.663680,29.633010,2.702396
2232,53827,66,186.448620,29.662970,2.570191
2233,53845,26,187.285900,26.960352,0.645465
2234,53823,296,186.786490,28.956533,2.045422
2234,53823,310,186.356500,29.738446,2.622568
2658,54502,616,187.464400,25.632024,0.800435
2233,53845,173,186.124680,27.230251,0.066850
2229,53823,590,184.065400,27.822448,1.518025
2233,53845,552,186.893720,27.739935,1.478058
2233,53845,587,187.266090,27.778865,1.991809
2235,53847,344,186.571850,27.871169,1.078759
2235,53847,436,187.402890,27.785636,2.046962
2233,53845,160,186.581440,27.504240,0.905181
2235,53847,437,187.260950,27.640520,1.753650
2234,53823,258,187.247170,28.861945,2.620414
2232,53827,359,184.074100,30.416517,2.697196
2232,53827,17,186.683610,29.423623,2.438224
2232,53827,98,185.598250,29.443943,1.574304
2228,53818,111,183.083840,29.406798,0.733531
2228,53818,144,182.505730,29.364948,1.126492
2231,53816,200,184.721210,27.491708,1.613842
2232,53827,11,186.195750,28.780157,1.127557
2228,53818,84,182.570650,28.757672,0.522128
2233,53845,153,186.263090,27.374483,0.363133
2233,53845,165,185.926420,27.388433,0.127176
2229,53823,157,183.280460,27.467892,1.913931
2229,53823,186,182.932990,27.367761,1.917556
2228,53818,183,181.718710,29.740825,2.416179
2230,53799,37,185.297600,29.535801,1.469218
2230,53799,40,185.258920,29.460543,1.326131
2230,53799,191,183.383370,29.482037,0.958752
2230,53799,230,183.014890,29.417262,0.763927
2232,53827,24,186.762980,29.538387,2.667065
2232,53827,62,186.146600,29.458971,2.050048
2232,53827,81,185.662170,29.438528,1.632218
2232,53827,298,184.685150,29.379686,1.077245
2229,53823,494,183.197770,27.713568,1.476627
2229,53823,489,183.058510,28.155625,0.729704
2229,53823,554,183.825090,28.180965,0.848658
2232,53827,20,186.367050,29.163601,1.783359
2229,53823,68,183.904510,27.011983,2.874965
2229,53823,71,183.935060,27.415025,2.189399
2235,53847,386,186.960650,27.380688,1.279347
2230,53799,247,183.020460,28.752995,0.011492
2231,53816,75,185.950700,27.394270,0.088317
2231,53816,271,183.989850,27.444991,2.150281
2233,53845,277,185.203030,27.344506,1.106305
2233,53845,307,184.772480,27.298429,1.687461
2229,53823,160,183.201860,27.500987,1.811149
2229,53823,176,183.076030,27.530347,1.694746
2229,53823,499,182.986700,27.643213,1.467428
2231,53816,386,183.719560,27.692613,1.672888
2233,53845,571,186.683800,28.590969,1.665959
2233,53845,604,186.924410,28.698077,2.067207
2230,53799,104,184.550550,29.251687,0.861419
2230,53799,246,183.112030,29.149209,0.285491
2230,53799,518,183.918640,29.971798,1.919980
2230,53799,587,184.826360,30.341970,2.743662
2230,53799,624,184.946960,30.353987,2.773116
2230,53799,625,184.996630,30.359996,2.787835
2232,53827,475,184.948520,30.339090,2.747432
2234,53823,312,186.173020,29.866076,2.726484
2230,53799,235,183.145930,29.827580,1.464236
2231,53816,381,183.789280,27.881289,1.355427
2231,53816,382,183.837750,28.180019,0.853140
2231,53816,393,183.899380,28.177643,0.871132
2233,53845,544,186.687820,27.912336,1.271167
2233,53845,550,186.689280,28.057750,1.358172
2233,53845,9,187.102150,26.783669,0.246722
2233,53845,97,186.573970,26.831128,0.186069
2235,53847,188,187.853410,26.796144,0.856824
2235,53847,190,187.932770,26.800176,0.757752
2235,53847,269,187.212180,26.700118,0.219864
2235,53847,285,186.726700,26.690079,0.030950
2235,53847,288,186.915070,26.591340,0.089030
2235,53847,298,186.897770,26.539867,0.177750
2235,53847,207,187.547640,26.432990,0.266917
2230,53799,356,182.110300,30.036620,2.367729
2235,53847,260,187.410800,26.230616,0.113596
2659,54498,321,187.146740,26.162535,0.518260
2659,54498,443,188.014810,26.148735,0.200571
2659,54498,418,187.845600,25.913989,0.093985
2659,54498,441,187.948420,25.988335,0.014156
2659,54498,579,188.755340,25.779717,1.098194
2660,54504,376,189.939950,25.742643,2.123647
2660,54504,463,190.095560,25.551475,2.527409
2228,53818,559,183.030730,30.295176,2.277841
2232,53827,147,185.591070,29.581383,1.755643
6476,56358,475,183.104180,28.820463,0.051269
5971,56064,922,183.996860,27.442198,2.156662
5976,56356,556,184.774810,27.297477,1.685201
2659,54498,64,188.811770,24.548758,2.836508
2659,54498,156,188.584320,24.600077,2.581826
2659,54498,178,188.078250,24.728255,2.142038
2659,54498,423,187.630760,25.309501,1.189419
2660,54504,387,189.837720,25.254713,2.668929
2231,53816,229,184.276960,27.192551,2.341985
2235,53847,224,187.448230,27.243340,1.195856
6474,56362,360,186.660800,29.631085,2.697136
6476,56358,318,183.902800,28.991152,0.230808
2659,54498,478,187.747820,25.561853,0.715047
2660,54504,390,189.552410,25.410901,2.211740
2233,53845,612,187.115090,28.673455,2.338509
2233,53845,613,186.981110,28.574895,2.105430
5976,56356,966,187.263430,27.781528,1.995736
5981,56340,536,187.270260,27.776621,1.988982
2229,53823,100,183.313870,26.834318,2.957460
2232,53827,198,184.781560,30.013464,2.173003
6472,56362,228,182.755500,30.164921,2.116732
2230,53799,591,184.911760,30.284344,2.649361
2230,53799,628,185.046930,30.335603,2.749807
2230,53799,631,184.972700,30.268670,2.627476
2230,53799,633,185.166400,30.218222,2.566159
2230,53799,635,185.088800,30.219629,2.554424
2232,53827,462,184.952900,30.366086,2.794600
2232,53827,479,184.977220,30.215987,2.536557
2232,53827,127,185.313180,29.325605,1.153681
2228,53818,97,182.811710,29.157822,0.540689
2228,53818,252,181.856490,29.146862,1.387108
2225,53729,28,181.496300,29.208065,1.629853
2230,53799,259,183.128030,29.168566,0.320475
2230,53799,315,182.255850,29.250104,1.417207
6476,56358,690,183.848960,29.179479,0.567030
2511,53882,364,176.029210,22.433709,2.487827
2511,53882,377,176.099880,22.424117,2.411432
2511,53882,414,176.476320,22.455563,2.201415
2513,54141,558,179.136910,22.461652,2.215955
2643,54208,493,180.469630,22.531423,2.059269
2643,54208,499,180.396930,22.592861,2.145619
2643,54208,437,179.878670,22.530777,2.094217
2643,54208,480,180.196780,22.434816,1.853390
5969,56069,312,180.302440,22.617167,2.173232
2511,53882,285,175.804960,22.006468,2.200722
2511,53882,10,178.474140,22.035673,1.868373
2595,54207,582,181.855370,17.955311,2.352803
2596,54207,326,181.889440,18.234845,1.894697
2608,54474,138,180.510800,18.780066,2.188268
2511,53882,378,176.125840,22.230631,2.110533
2511,53882,413,176.464560,22.225501,1.833179
2511,53882,176,176.591350,22.134391,1.614055
2513,54141,73,179.184230,22.159857,1.686612
2608,54474,251,180.045040,19.229162,1.824500
2643,54208,429,179.978180,22.718319,2.377918
2511,53882,443,176.533920,22.539481,2.315034
2513,54141,503,178.991730,22.639051,2.559012
2513,54141,581,179.242610,22.346807,2.001098
2513,54141,599,179.266910,22.312635,1.939861
2643,54208,177,180.692600,22.334568,1.824835
2595,54207,570,181.480720,18.633744,1.835507
2511,53882,473,176.769010,22.241122,1.733873
2608,54474,240,180.440810,19.309070,1.461841
2608,54474,289,179.970580,19.168547,1.977585
2515,54180,576,179.187070,20.693750,0.734654
2595,54207,548,181.347540,17.919915,2.855292
2595,54207,549,181.347570,17.889686,2.895923
2507,53876,554,175.746050,22.457048,2.800707
2507,53876,624,176.452480,22.647908,2.531559
2608,54474,360,179.826520,20.136636,1.062470
2513,54141,145,178.706630,22.102957,1.825831
2595,54207,598,181.685330,17.715373,2.849806
2515,54180,605,179.530780,20.838442,0.316660
5847,56037,680,181.346510,17.885982,2.902029
2095,53474,504,181.198420,32.496776,0.762845
2095,53474,506,181.150370,32.597362,0.641514
2004,53737,335,181.535430,32.892023,0.001700
2089,53498,210,181.523040,32.893061,0.000096
2095,53474,549,181.244090,32.921931,0.076466
2004,53737,324,181.893390,32.835037,0.012744
2089,53498,83,182.031130,32.826941,0.177890
2089,53498,127,181.885940,32.812988,0.015611
2095,53474,461,180.715790,32.401661,1.245277
2095,53474,520,181.001620,32.305066,1.195983
2095,53474,558,181.221420,32.275538,1.122601
2004,53737,153,183.237850,31.862993,0.876350
2230,53799,526,183.974490,31.054969,2.298257
2230,53799,562,184.016470,31.110266,2.227301
2095,53474,142,181.110820,31.910568,1.776428
2095,53474,222,180.210450,31.878431,2.334606
2095,53474,267,179.889370,31.772574,2.533301
2095,53474,268,180.054910,31.829998,2.413985
2095,53474,272,180.129480,31.949622,2.205842
2095,53474,276,180.017260,31.796784,2.473707
2095,53474,302,179.501500,31.799794,2.576850
1991,53446,38,179.986790,31.873897,2.342740
2095,53474,65,181.593910,31.941422,1.345976
2095,53474,76,181.565100,31.967874,1.342999
2095,53474,103,181.131070,31.876285,1.828227
2095,53474,587,181.617260,32.900292,0.020448
2095,53474,588,181.531250,32.894701,0.003500
2095,53474,82,180.783400,31.354368,2.837127
2230,53799,575,184.082420,30.956740,2.511289
2230,53799,608,184.535710,31.021265,2.717887
2230,53799,570,184.091450,31.212194,2.104975
2095,53474,584,181.611930,32.842770,0.107187
2004,53737,127,183.007940,31.250573,1.987533
4601,55589,84,180.130600,31.947565,2.209445
2004,53737,59,183.836290,31.672261,1.221628
2228,53818,459,182.047870,30.753310,2.996093
2004,53737,45,183.764820,31.534831,1.410859
2004,53737,52,183.868100,31.632995,1.303025
2004,53737,133,183.098280,31.561610,1.437648
2215,53793,5,170.101690,28.298170,2.634379
2215,53793,68,170.121710,28.722782,3.012569
2216,53795,131,170.832430,26.113746,2.237309
2216,53795,134,170.761230,26.113034,2.132247
2216,53795,41,171.172950,25.920351,2.611564
2216,53795,254,170.081470,25.650131,0.943492
2216,53795,150,171.002470,26.559378,2.713707
2216,53795,210,170.271630,25.573946,1.179834
2216,53795,227,170.150360,26.339045,1.331246
2216,53795,241,170.113670,25.552887,0.988379
2216,53795,540,170.813910,27.620132,2.927467
2216,53795,208,170.508620,25.920900,1.657515
2216,53795,216,170.443840,25.971566,1.584238
2216,53795,166,170.723850,26.604895,2.326355
2216,53795,232,170.313750,26.251645,1.532054
2216,53795,420,170.463810,27.539938,2.383973
2216,53795,453,170.634680,27.582396,2.651170
2216,53795,432,170.132360,27.284964,1.730488
2216,53795,474,170.213690,27.188445,1.790259
2216,53795,500,170.600730,27.312427,2.424567
2218,53816,357,170.875080,27.262443,2.809946
2218,53816,359,170.737340,27.213708,2.583877
6408,56329,894,170.598160,27.313413,2.421307
2499,54176,384,171.565170,17.540506,0.828024
2503,53856,421,173.399850,17.782416,0.645911
2503,53856,423,173.416830,17.590847,0.319539
2503,53856,600,174.166440,17.643307,1.207889
2503,53856,411,173.618260,17.970582,1.043060
2503,53856,438,173.144230,17.431315,0.041288
2506,54179,288,174.507610,18.341290,2.029002
5891,56034,270,174.447510,17.148862,0.387352
2498,54169,214,171.729510,18.832634,2.021841
2503,53856,568,174.277940,18.193933,1.954687
2495,54175,46,170.553130,18.346055,0.635637
2498,54169,257,171.579490,18.835923,1.779248
2508,53875,190,175.430260,17.007858,0.062243
2499,54176,195,172.008490,17.013561,0.468235
2499,54176,483,171.929720,17.320756,0.203948
2499,54176,516,172.035870,17.379970,0.000222
2499,54176,625,173.363530,17.418914,0.012271
2502,54180,244,173.154310,18.208541,1.370042
2503,53856,475,173.432710,17.396255,0.028320
2503,53856,519,173.833080,17.408517,0.525884
2508,53875,271,174.870550,17.048612,0.131309
2508,53875,273,174.807320,17.050878,0.066788
2508,53875,277,174.811970,17.143669,0.037220
2508,53875,309,174.776830,17.169088,0.109794
2503,53856,333,172.764010,17.933827,1.007433
2508,53875,490,175.813690,17.368545,0.019380
2508,53875,493,175.794010,17.336044,0.008517
2498,54169,250,171.470050,18.598971,1.694944
2495,54175,16,171.317920,18.483870,1.487905
2508,53875,151,176.145940,17.058884,0.762260
2494,54174,619,171.185640,17.762614,1.556260
2499,54176,332,171.323660,17.808442,1.393853
2508,53875,181,175.411030,17.077427,0.027370
5890,56037,236,172.035230,17.385045,0.008851
2499,54176,506,172.169300,17.231601,0.007697
2499,54176,552,172.186120,17.226740,0.007001
2503,53856,636,175.355740,17.425616,0.425972
2508,53875,395,174.968470,17.317647,0.100998
2508,53875,399,174.904170,17.439121,0.335063
2508,53875,433,175.193840,17.267968,0.055100
5890,56037,198,172.077960,17.235739,0.113515
2495,54175,25,171.442900,18.939994,1.527117
2598,54232,552,187.709490,18.145697,2.280076
2598,54232,575,187.601420,18.306148,2.586971
2598,54232,112,188.272180,17.403127,0.893332
2598,54232,163,187.437060,17.287507,0.905722
2599,54234,465,188.888490,17.439567,0.823539
2599,54234,571,189.756750,18.200782,2.439750
2598,54232,318,186.145400,17.143565,0.712649
2600,54243,177,190.157280,17.135230,1.036914
2600,54243,309,189.040500,17.053472,0.217885
2600,54243,484,190.047460,18.061713,2.357169
2600,54243,503,190.463450,17.856323,2.376116
2601,54144,342,190.908020,17.933014,2.864841
2600,54243,330,189.820420,18.358429,2.730895
2599,54234,338,188.139950,18.473287,2.749591
2599,54234,570,189.849820,18.365515,2.754486
2496,54178,255,170.275290,20.438197,1.337303
2496,54178,92,170.700050,20.742286,2.053698
2496,54178,126,170.647470,20.703927,1.957170
2496,54178,138,170.671980,20.684168,1.943029
5878,56033,216,170.398690,18.458579,0.419493
2496,54178,44,171.023250,20.541619,2.059058
2495,54175,491,170.073150,19.720983,0.095374
2495,54175,498,170.233020,19.631958,0.020995
2498,54169,312,170.255020,19.584703,0.021552
2498,54169,491,171.676180,19.668716,2.176393
2495,54175,155,170.182210,19.337993,0.178966
5878,56033,194,170.519540,19.050045,0.000288
2496,54178,189,170.191430,21.187612,2.624066
2495,54175,83,170.414890,18.484866,0.370454
2495,54175,100,170.395990,18.456361,0.424059
2496,54178,190,170.160230,21.193548,2.633652
2496,54178,195,170.250640,21.336949,2.886924
2496,54178,200,170.369170,21.223489,2.708518
2495,54175,118,170.521240,19.051569,0.002434
2495,54175,77,170.965990,19.297393,0.847403
5878,56033,734,170.208390,19.375323,0.112483
2498,54169,347,170.648690,19.833627,0.768389
2498,54169,480,171.201780,19.774263,1.591810
2498,54169,304,170.469260,18.908471,0.018946
5878,56033,824,170.671460,20.682634,1.940264
2011,53499,383,194.596810,30.142961,0.397458
2011,53499,519,194.918440,30.246960,0.119329
2011,53499,330,193.860100,29.532559,1.910755
2011,53499,364,194.146080,29.747386,1.248731
2011,53499,510,195.001660,30.665094,0.606501
