#plate,mjd,fiberID
2229,53823,322
2229,53823,326
2240,53823,535
2240,53823,536
2240,53823,537
2240,53823,538
2240,53823,540
2229,53823,371
2229,53823,375
2229,53823,402
2231,53816,536
2231,53816,537
2231,53816,538
2231,53816,565
2231,53816,573
2231,53816,574
2231,53816,579
2231,53816,607
2231,53816,610
2242,54153,537
2242,54153,569
2241,54169,489
2241,54169,506
2241,54169,509
2241,54169,522
2241,54169,524
2241,54169,530
2241,54169,533
2241,54169,534
2241,54169,535
2241,54169,536
2241,54169,537
2241,54169,560
2241,54169,563
2241,54169,573
2241,54169,576
2241,54169,538
2241,54169,540
2241,54169,556
2241,54169,577
2227,53820,448
2242,54153,524
2242,54153,528
2242,54153,531
2242,54153,578
2236,53729,452
2236,53729,459
2236,53729,521
2236,53729,531
2241,54169,446
2241,54169,447
2241,54169,448
2241,54169,452
2241,54169,455
2241,54169,456
2241,54169,458
2241,54169,462
2241,54169,465
2241,54169,481
2496,54178,618
2241,54169,590
2241,54169,597
2241,54169,606
2241,54169,610
2241,54169,613
2657,54502,78
2241,54169,614
2241,54169,615
2241,54169,616
2241,54169,620
2242,54153,321
2227,53820,572
2227,53820,579
2229,53823,339
2242,54153,325
2242,54153,362
2242,54153,369
2242,54153,371
2242,54153,372
2229,53823,579
2242,54153,380
2242,54153,402
2231,53816,321
2231,53816,404
2231,53816,413
2231,53816,460
2242,54153,404
2242,54153,405
2242,54153,408
2242,54153,411
2242,54153,522
2242,54153,523
2233,53845,325
2233,53845,326
2233,53845,327
2233,53845,329
2233,53845,336
2233,53845,373
2233,53845,374
2233,53845,376
2233,53845,378
2233,53845,412
2233,53845,413
2233,53845,415
2233,53845,420
2233,53845,442
2238,54205,525
2238,54205,606
2240,53823,365
2240,53823,371
2240,53823,373
2240,53823,377
2240,53823,403
2240,53823,407
2240,53823,409
2240,53823,442
2240,53823,445
2240,53823,446
2240,53823,448
2240,53823,450
2240,53823,453
2507,53876,463
2596,54207,427
2095,53474,624
2500,54178,476
2004,53737,342
2004,53737,381
2004,53737,385
2511,53882,526
2004,53737,430
2609,54476,169
2004,53737,433
2609,54476,309
2504,54179,475
2504,54179,512
2643,54208,353
2643,54208,424
2230,53799,4
2230,53799,16
2230,53799,19
2232,53827,99
2235,53847,62
2235,53847,65
2235,53847,66
2235,53847,101
2235,53847,104
2235,53847,105
2235,53847,112
2235,53847,115
2235,53847,143
2235,53847,158
2217,53794,15
2239,53726,4
2240,53823,201
2609,54476,311
2645,54477,404
2513,54141,379
2608,54474,261
2609,54476,358
2609,54476,392
2645,54477,368
2645,54477,450
2655,54184,191
2655,54184,192
2596,54207,347
2238,54205,145
2238,54205,149
2238,54205,155
2240,53823,91
2240,53823,93
2240,53823,131
2240,53823,134
2240,53823,249
2240,53823,259
2608,54474,156
2241,54169,369
2656,54484,155
2657,54502,209
2656,54484,173
2656,54484,193
2656,54484,195
2011,53499,149
2011,53499,225
2011,53499,237
2011,53499,263
2011,53499,312
2232,53827,283
2238,54205,25
2656,54484,198
2497,54154,45
2501,54084,202
2504,54179,73
2504,54179,76
2504,54179,77
2236,53729,108
2236,53729,146
2236,53729,159
2238,54205,62
2238,54205,69
2657,54502,212
2507,53876,240
2509,54180,151
2509,54180,161
2509,54180,178
2509,54180,187
2509,54180,200
2511,53882,44
2511,53882,60
2511,53882,91
2511,53882,95
2236,53729,166
2655,54184,40
2236,53729,229
2513,54141,228
2513,54141,240
2513,54141,271
2513,54141,272
2236,53729,231
2236,53729,235
2236,53729,240
2513,54141,273
2513,54141,274
2513,54141,275
2236,53729,310
2657,54502,124
2656,54484,151
2238,54205,70
2238,54205,111
2657,54502,202
2595,54207,388
2595,54207,393
2595,54207,421
2595,54207,429
2595,54207,623
2595,54207,625
2009,53904,574
2009,53904,577
2011,53499,623
2009,53904,360
2009,53904,385
2221,53792,251
2509,54180,201
2514,53882,540
2500,54178,324
2500,54178,328
2500,54178,362
2500,54178,404
2500,54178,408
2500,54178,409
2500,54178,419
2500,54178,447
2500,54178,448
2500,54178,452
2504,54179,321
2504,54179,330
2505,53856,515
2505,53856,558
2505,53856,586
2505,53856,589
2507,53876,330
2511,53882,623
2513,54141,324
2513,54141,340
2513,54141,564
2514,53882,378
2514,53882,401
2514,53882,409
2514,53882,418
2656,54484,367
2656,54484,406
2656,54484,407
2656,54484,413
2656,54484,414
2657,54502,542
2657,54502,548
2009,53904,172
2009,53904,186
2009,53904,196
2009,53904,303
2009,53904,306
2011,53499,8
2011,53499,13
2011,53499,14
2011,53499,15
2011,53499,56
2011,53499,57
2011,53499,81
2011,53499,97
2011,53499,99
2011,53499,121
2011,53499,127
2218,53816,461
2218,53816,466
2223,53793,429
2226,53819,384
2226,53819,424
2226,53819,587
2226,53819,596
2226,53819,608
2226,53819,609
2226,53819,632
2226,53819,637
2226,53819,639
2227,53820,357
2227,53820,503
2227,53820,505
2227,53820,555
2227,53820,589
2231,53816,596
2235,53847,61
2235,53847,64
2235,53847,70
2235,53847,74
2235,53847,102
2235,53847,180
2236,53729,155
2236,53729,238
2238,54205,31
2238,54205,63
2238,54205,119
2238,54205,146
2238,54205,195
2238,54205,272
2240,53823,163
2240,53823,167
2240,53823,188
2240,53823,190
2240,53823,228
2240,53823,230
2241,54169,129
2241,54169,132
2241,54169,134
2241,54169,138
2241,54169,139
2241,54169,256
2009,53904,144
2009,53904,146
2009,53904,148
2009,53904,151
2009,53904,159
2229,53823,393
2497,54154,141
2514,53882,627
2514,53882,630
2514,53882,635
2218,53816,469
2231,53816,505
2004,53737,271
2004,53737,313
2104,53852,424
2104,53852,427
2104,53852,429
2104,53852,431
2656,54484,373
2104,53852,474
2009,53904,125
2009,53904,131
2009,53904,134
2009,53904,138
2009,53904,139
2009,53904,142
2009,53904,164
2009,53904,170
2009,53904,173
2011,53499,72
2011,53499,260
2011,53499,616
2009,53904,392
2009,53904,396
2223,53793,531
2226,53819,606
2226,53819,607
2229,53823,341
2009,53904,199
2229,53823,581
2229,53823,587
2009,53904,225
2231,53816,540
2231,53816,583
2231,53816,603
2231,53816,611
2233,53845,333
2233,53845,377
2231,53816,547
2240,53823,157
2240,53823,159
2240,53823,160
2240,53823,176
2240,53823,177
2240,53823,178
2240,53823,194
2011,53499,85
2241,54169,162
2011,53499,87
2011,53499,91
2011,53499,102
2011,53499,115
2011,53499,132
2011,53499,191
2011,53499,197
2011,53499,199
2011,53499,36
2011,53499,371
2011,53499,411
2011,53499,492
2011,53499,533
2011,53499,537
2240,53823,120
2242,54153,360
2242,54153,394
2242,54153,520
2240,53823,142
2240,53823,153
2231,53816,600
2235,53847,118
2236,53729,109
2236,53729,151
2236,53729,466
2238,54205,26
2238,54205,29
2238,54205,118
2240,53823,165
2240,53823,166
2240,53823,179
2240,53823,185
2240,53823,189
2240,53823,193
2240,53823,222
2240,53823,240
2241,54169,297
2240,53823,112
2240,53823,115
2240,53823,141
2240,53823,143
2240,53823,144
2095,53474,630
2095,53474,638
2240,53823,146
2231,53816,473
2231,53816,587
2231,53816,591
2231,53816,593
2233,53845,395
2233,53845,399
2506,54179,433
2506,54179,464
2506,54179,466
2506,54179,474
2506,54179,479
2506,54179,486
2506,54179,488
2233,53845,475
2506,54179,600
2506,54179,633
2506,54179,638
2233,53845,493
2509,54180,149
2509,54180,173
2509,54180,180
2509,54180,395
2509,54180,396
2509,54180,399
2509,54180,423
2509,54180,462
2509,54180,475
2509,54180,479
2509,54180,480
2509,54180,493
2509,54180,499
2509,54180,511
2509,54180,512
2509,54180,519
2509,54180,554
2515,54180,400
2235,53847,73
2235,53847,78
2235,53847,173
2596,54207,346
2235,53847,588
2235,53847,630
2236,53729,23
2236,53729,34
2236,53729,71
2236,53729,73
2236,53729,278
2236,53729,382
2236,53729,467
2236,53729,481
2236,53729,491
2236,53729,500
2236,53729,508
2236,53729,597
2236,53729,598
2238,54205,156
2238,54205,305
2004,53737,464
2004,53737,489
2240,53823,69
2240,53823,103
2240,53823,110
2241,54169,147
2241,54169,150
2240,53823,261
2502,54180,509
2502,54180,540
2502,54180,547
2502,54180,557
2502,54180,559
2506,54179,337
2240,53823,306
2011,53499,74
2011,53499,305
2227,53820,443
2231,53816,449
2231,53816,452
2233,53845,330
2233,53845,340
2233,53845,410
2233,53845,450
2235,53847,587
2235,53847,598
2235,53847,625
2236,53729,346
2236,53729,448
2236,53729,480
2236,53729,493
2238,54205,38
2238,54205,79
2238,54205,80
2238,54205,479
2238,54205,482
2238,54205,511
2238,54205,552
2238,54205,555
2238,54205,557
2238,54205,593
2238,54205,596
2238,54205,628
2238,54205,640
2240,53823,264
2240,53823,268
2240,53823,271
2240,53823,364
2240,53823,370
2240,53823,375
2240,53823,401
2240,53823,404
2240,53823,406
2240,53823,410
2240,53823,452
2240,53823,523
2240,53823,526
2240,53823,530
2240,53823,563
2240,53823,567
2240,53823,568
2240,53823,612
2240,53823,620
2241,54169,330
2241,54169,371
2241,54169,374
2241,54169,380
2241,54169,407
2241,54169,443
2241,54169,450
2241,54169,454
2241,54169,457
2241,54169,459
2241,54169,529
2241,54169,562
2241,54169,571
2241,54169,579
2241,54169,580
2241,54169,601
2241,54169,602
2241,54169,612
2242,54153,364
2242,54153,365
2242,54153,370
2242,54153,376
2242,54153,403
2242,54153,414
2242,54153,416
2242,54153,417
2242,54153,419
2242,54153,533
2242,54153,534
2242,54153,566
2242,54153,570
2506,54179,463
2506,54179,469
2506,54179,471
2506,54179,476
2506,54179,477
2506,54179,626
2507,53876,433
2509,54180,352
2509,54180,400
2509,54180,424
2509,54180,428
2509,54180,465
2509,54180,483
2509,54180,488
2009,53904,126
2009,53904,127
2009,53904,129
2009,53904,136
2011,53499,71
2011,53499,73
2011,53499,75
2011,53499,77
2011,53499,78
2011,53499,227
2011,53499,229
2011,53499,232
2011,53499,262
2502,54180,521
2502,54180,525
2502,54180,527
2009,53904,585
2242,54153,615
2504,54179,86
2506,54179,361
2506,54179,362
2506,54179,363
2509,54180,603
2509,54180,607
2509,54180,609
2509,54180,610
2009,53904,201
2009,53904,203
2009,53904,205
2009,53904,207
2009,53904,219
2009,53904,247
2009,53904,250
2009,53904,260
2241,54169,328
2509,54180,550
2509,54180,576
2509,54180,578
2509,54180,584
2515,54180,323
2515,54180,327
2515,54180,329
2515,54180,331
2515,54180,362
2515,54180,363
2515,54180,364
2515,54180,406
2009,53904,299
2011,53499,21
2011,53499,61
2011,53499,63
2011,53499,65
2011,53499,68
2011,53499,101
2011,53499,110
2011,53499,112
2011,53499,120
2011,53499,181
2011,53499,182
2011,53499,186
2011,53499,187
2011,53499,188
2011,53499,192
2011,53499,200
2011,53499,222
2011,53499,239
2011,53499,301
2498,54169,615
2502,54180,366
2504,54179,124
2504,54179,125
2504,54179,130
2506,54179,411
2506,54179,425
2506,54179,430
2506,54179,456
2506,54179,459
2506,54179,460
2221,53792,241
2507,53876,207
2511,53882,39
2511,53882,67
2513,54141,244
2608,54474,338
2221,53792,87
2221,53792,91
2506,54179,378
2509,54180,563
2509,54180,565
2509,54180,566
2509,54180,572
2509,54180,620
2609,54476,322
2609,54476,334
2610,54476,564
2643,54208,86
2643,54208,121
2643,54208,122
2643,54208,123
2643,54208,124
2643,54208,125
3170,54859,568
2104,53852,245
2239,53726,529
2011,53499,258
2240,53823,164
2240,53823,170
2240,53823,171
2240,53823,173
2240,53823,182
2240,53823,197
2240,53823,200
2240,53823,223
2240,53823,227
2240,53823,231
2241,54169,36
2241,54169,148
2241,54169,154
2241,54169,157
2241,54169,158
2241,54169,163
2242,54153,356
2242,54153,357
2240,53823,105
2240,53823,150
2609,54476,332
2609,54476,341
2609,54476,343
2609,54476,346
2609,54476,377
2609,54476,382
2609,54476,384
2004,53737,164
2004,53737,191
2011,53499,166
2011,53499,202
2011,53499,206
2011,53499,213
2011,53499,215
2011,53499,216
2011,53499,217
2221,53792,247
2226,53819,599
2240,53823,97
2502,54180,401
2502,54180,406
2506,54179,371
2506,54179,401
2506,54179,406
2506,54179,410
2506,54179,413
2506,54179,457
2506,54179,532
2506,54179,539
2509,54180,495
2509,54180,585
2509,54180,604
2509,54180,612
2509,54180,614
2515,54180,333
2515,54180,370
2515,54180,371
2515,54180,372
2609,54476,333
2609,54476,336
2609,54476,362
2609,54476,402
2217,53794,19
2221,53792,98
2221,53792,103
2228,53818,289
2241,54169,131
2509,54180,586
2609,54476,367
2609,54476,374
2225,53729,204
2225,53729,253
2241,54169,218
2235,53847,43
2235,53847,56
2235,53847,590
2235,53847,624
2236,53729,241
2236,53729,430
2236,53729,438
2236,53729,463
2236,53729,478
2236,53729,510
2238,54205,430
2238,54205,464
2238,54205,478
2238,54205,484
2238,54205,504
2238,54205,549
2238,54205,591
2238,54205,633
2240,53823,253
2240,53823,382
2240,53823,384
2240,53823,399
2240,53823,431
2240,53823,433
2240,53823,438
2240,53823,440
2240,53823,462
2240,53823,463
2240,53823,465
2240,53823,466
2240,53823,469
2240,53823,470
2240,53823,474
2240,53823,475
2240,53823,476
2240,53823,487
2240,53823,490
2240,53823,495
2240,53823,496
2240,53823,500
2240,53823,516
2240,53823,520
2240,53823,542
2240,53823,544
2240,53823,551
2240,53823,598
2240,53823,599
2240,53823,622
2240,53823,634
2240,53823,636
2241,54169,77
2241,54169,80
2241,54169,111
2241,54169,115
2241,54169,164
2241,54169,169
2241,54169,360
2241,54169,434
2241,54169,466
2241,54169,483
2241,54169,488
2241,54169,551
2241,54169,555
2241,54169,593
2242,54153,397
2242,54153,543
2242,54153,551
2513,54141,5
2609,54476,376
2643,54208,127
2104,53852,218
2104,53852,250
2104,53852,286
2236,53729,421
2241,54169,495
2241,54169,496
2235,53847,55
2235,53847,57
2236,53729,244
2236,53729,245
2236,53729,298
2504,54179,516
2504,54179,554
2504,54179,555
2504,54179,556
2504,54179,557
2504,54179,558
2504,54179,559
2507,53876,312
2507,53876,317
2507,53876,393
2511,53882,97
2513,54141,278
2513,54141,280
2658,54502,530
2658,54502,567
2507,53876,425
2511,53882,210
2009,53904,386
2009,53904,387
2011,53499,521
2011,53499,609
2228,53818,378
2009,53904,493
2609,54476,352
2609,54476,353
2609,54476,355
2609,54476,360
2609,54476,395
2609,54476,397
2609,54476,400
2228,53818,321
2228,53818,325
2228,53818,328
2228,53818,330
2228,53818,334
2228,53818,338
2228,53818,362
2228,53818,366
2228,53818,370
2228,53818,373
2656,54484,149
2609,54476,345
2610,54476,513
2610,54476,516
2610,54476,582
2610,54476,583
2610,54476,593
2009,53904,397
2009,53904,400
2009,53904,433
2011,53499,528
2608,54474,162
2608,54474,175
2608,54474,178
2608,54474,189
2240,53823,456
2240,53823,459
2240,53823,460
2240,53823,521
2240,53823,524
2240,53823,525
2240,53823,531
2240,53823,532
2240,53823,564
2240,53823,565
2240,53823,570
2240,53823,571
2240,53823,572
2240,53823,573
2240,53823,574
2240,53823,578
2240,53823,601
2240,53823,604
2240,53823,605
2240,53823,606
2240,53823,607
2240,53823,610
2240,53823,613
2240,53823,614
2240,53823,616
2240,53823,617
2240,53823,618
2240,53823,619
2241,54169,327
2241,54169,329
2241,54169,332
2241,54169,334
2241,54169,337
2241,54169,338
2241,54169,339
2241,54169,340
2241,54169,343
2241,54169,344
2241,54169,356
2241,54169,361
2241,54169,362
2241,54169,372
2241,54169,376
2241,54169,377
2241,54169,378
2241,54169,382
2241,54169,403
2241,54169,405
2241,54169,408
2241,54169,409
2241,54169,411
2241,54169,413
2241,54169,414
2241,54169,415
2241,54169,417
2241,54169,418
2241,54169,419
2241,54169,420
2241,54169,437
2241,54169,441
2241,54169,442
2241,54169,444
2496,54178,602
2500,54178,380
5976,56356,642
2500,54178,446
2500,54178,454
2500,54178,572
2500,54178,614
2504,54179,332
2504,54179,337
2504,54179,339
2504,54179,371
2504,54179,376
2504,54179,452
2504,54179,459
2507,53876,333
2655,54184,592
2655,54184,621
2655,54184,637
2655,54184,639
2656,54484,228
2656,54484,435
2656,54484,473
2656,54484,480
2656,54484,489
2656,54484,495
2656,54484,497
2656,54484,498
2656,54484,518
2657,54502,71
2240,53823,65
2240,53823,75
2240,53823,102
2104,53852,239
2241,54169,21
2509,54180,630
2241,54169,22
2241,54169,26
2241,54169,192
2242,54153,440
2515,54180,421
2608,54474,461
2608,54474,463
2608,54474,482
2608,54474,543
2608,54474,544
2608,54474,549
2608,54474,550
2608,54474,588
2608,54474,591
2608,54474,595
2608,54474,596
2608,54474,599
2609,54476,436
2609,54476,437
2240,53823,35
5846,56017,667
2241,54169,108
2218,53816,423
2226,53819,592
2229,53823,429
2229,53823,432
2009,53904,389
2226,53819,629
2226,53819,640
2227,53820,351
2227,53820,501
2227,53820,560
2227,53820,590
2514,53882,104
2514,53882,164
2009,53904,383
2221,53792,302
2493,54115,32
2104,53852,440
2493,54115,640
2497,54154,198
2497,54154,199
2497,54154,264
2514,53882,109
2514,53882,114
2515,54180,412
2515,54180,418
2515,54180,419
2515,54180,444
2515,54180,451
2515,54180,459
2644,54210,229
2505,53856,590
2657,54502,211
2657,54502,216
2657,54502,219
2505,53856,596
2009,53904,617
2644,54210,236
2644,54210,237
2514,53882,524
2644,54210,175
2644,54210,183
2644,54210,188
2513,54141,37
2513,54141,78
2097,53491,220
2505,53856,583
2657,54502,138
2657,54502,179
2509,54180,134
2509,54180,141
2509,54180,213
2241,54169,156
2241,54169,159
2240,53823,233
2241,54169,161
2506,54179,473
2506,54179,489
2506,54179,519
2506,54179,542
2506,54179,595
2506,54179,596
2506,54179,599
2506,54179,624
2509,54180,183
2509,54180,193
2509,54180,199
2240,53823,235
2221,53792,602
2221,53792,616
2009,53904,97
2009,53904,107
2660,54504,372
2660,54504,446
2011,53499,2
2226,53819,329
2226,53819,331
2011,53499,3
2226,53819,416
2011,53499,5
2011,53499,6
2011,53499,31
2226,53819,571
2226,53819,572
2226,53819,576
2011,53499,32
2011,53499,34
2226,53819,578
2226,53819,614
2226,53819,615
2226,53819,620
2227,53820,347
2227,53820,427
2227,53820,515
2227,53820,516
2227,53820,517
2227,53820,518
2227,53820,519
2227,53820,520
2227,53820,524
2227,53820,539
2227,53820,558
2011,53499,35
2227,53820,571
2227,53820,618
2231,53816,446
2009,53904,237
2009,53904,246
2231,53816,503
2009,53904,253
2235,53847,615
2235,53847,617
2238,54205,542
2238,54205,550
2238,54205,556
2009,53904,256
2009,53904,263
2009,53904,266
2009,53904,274
2009,53904,278
2009,53904,279
2009,53904,284
2009,53904,290
2009,53904,294
2009,53904,310
2240,53823,68
2240,53823,74
2240,53823,77
2240,53823,113
2240,53823,117
2241,54169,170
2241,54169,171
2241,54169,38
2659,54498,604
2660,54504,324
2233,53845,453
2233,53845,486
2241,54169,174
2241,54169,178
2226,53819,612
2225,53729,241
2225,53729,250
2229,53823,324
2226,53819,322
2226,53819,526
2227,53820,409
2227,53820,414
2216,53795,568
2216,53795,572
2216,53795,609
2218,53816,368
2218,53816,380
2226,53819,363
2226,53819,365
2226,53819,366
2226,53819,367
2226,53819,369
2226,53819,373
2226,53819,378
2227,53820,371
2009,53904,137
2009,53904,169
2009,53904,221
2009,53904,304
2009,53904,305
2011,53499,1
2011,53499,9
2011,53499,20
2011,53499,42
2011,53499,84
2011,53499,123
2011,53499,124
2011,53499,125
2011,53499,126
2011,53499,147
2011,53499,155
2011,53499,164
2011,53499,165
2011,53499,174
2011,53499,178
2011,53499,201
2011,53499,208
2011,53499,211
2011,53499,219
2011,53499,256
2011,53499,292
2239,53726,13
2009,53904,99
2009,53904,122
2509,54180,152
2509,54180,185
2509,54180,190
2009,53904,185
2009,53904,208
2009,53904,264
2011,53499,45
2011,53499,51
2011,53499,53
2506,54179,35
2225,53729,243
2238,54205,597
2238,54205,599
2238,54205,611
2238,54205,615
2240,53823,379
2240,53823,408
2240,53823,411
2240,53823,444
2240,53823,447
2240,53823,461
2240,53823,502
2240,53823,503
2240,53823,505
2240,53823,506
2240,53823,507
2240,53823,508
2240,53823,515
2240,53823,518
2240,53823,519
2240,53823,541
2240,53823,543
2240,53823,545
2240,53823,546
2240,53823,547
2240,53823,549
2240,53823,550
2240,53823,553
2240,53823,554
2240,53823,555
2240,53823,556
2240,53823,562
2240,53823,575
2240,53823,577
2240,53823,580
2240,53823,581
2240,53823,582
2240,53823,583
2240,53823,603
2240,53823,611
2240,53823,615
2240,53823,623
2240,53823,624
2240,53823,625
2240,53823,626
2240,53823,628
2240,53823,632
2240,53823,633
2240,53823,635
2241,54169,341
2241,54169,342
2241,54169,385
2241,54169,387
2241,54169,388
2241,54169,439
2241,54169,461
2241,54169,463
2241,54169,464
2241,54169,482
2241,54169,484
2241,54169,485
2241,54169,486
2241,54169,487
2241,54169,490
2241,54169,491
2241,54169,492
2241,54169,497
2241,54169,498
2241,54169,507
2241,54169,508
2241,54169,510
2241,54169,511
2241,54169,512
2241,54169,513
2241,54169,515
2241,54169,519
2241,54169,520
2241,54169,541
2241,54169,542
2241,54169,544
2241,54169,553
2241,54169,554
2241,54169,558
2241,54169,559
2241,54169,581
2241,54169,582
2241,54169,583
2241,54169,584
2241,54169,588
2004,53737,185
2004,53737,221
2004,53737,270
2009,53904,522
2500,54178,122
2507,53876,2
2507,53876,314
2511,53882,65
2511,53882,73
2511,53882,75
2511,53882,76
2511,53882,79
2511,53882,103
2511,53882,115
2511,53882,262
2511,53882,306
2513,54141,58
2513,54141,59
2513,54141,260
2513,54141,282
2513,54141,285
2514,53882,246
2514,53882,247
2514,53882,287
2608,54474,143
2608,54474,164
2608,54474,171
2609,54476,302
2644,54210,15
2644,54210,45
2644,54210,48
2657,54502,140
2657,54502,298
2004,53737,280
2004,53737,281
2004,53737,284
2004,53737,286
2009,53904,562
2009,53904,566
2009,53904,569
2009,53904,570
2500,54178,188
2511,53882,197
2511,53882,230
2511,53882,240
2511,53882,273
2511,53882,279
2004,53737,212
2004,53737,244
2228,53818,380
2240,53823,100
2240,53823,245
2240,53823,258
2500,54178,81
2500,54178,83
2507,53876,211
2511,53882,38
2511,53882,69
2511,53882,70
2511,53882,108
2511,53882,109
2511,53882,110
2511,53882,117
2513,54141,241
2513,54141,243
2513,54141,248
2513,54141,287
2004,53737,249
2004,53737,250
2004,53737,255
2240,53823,209
2241,54169,124
2500,54178,202
2500,54178,205
2510,53877,24
2511,53882,261
2610,54476,581
2504,54179,56
2610,54476,548
2611,54477,385
2611,54477,422
2095,53474,20
2104,53852,212
2104,53852,213
2104,53852,255
2228,53818,414
2228,53818,539
2230,53799,610
2240,53823,44
2240,53823,49
2240,53823,125
2240,53823,127
2608,54474,586
2608,54474,587
2608,54474,621
2493,54115,31
2493,54115,35
2497,54154,12
2497,54154,14
2497,54154,131
2497,54154,179
2497,54154,188
2497,54154,192
2497,54154,212
2497,54154,258
2498,54169,408
2500,54178,95
2500,54178,134
2500,54178,137
2608,54474,626
2609,54476,457
2501,54084,281
2609,54476,465
2507,53876,13
2507,53876,16
2507,53876,96
2507,53876,131
2507,53876,138
2509,54180,408
2509,54180,521
2509,54180,525
2511,53882,27
2513,54141,212
2513,54141,253
2514,53882,125
2241,54169,591
2241,54169,592
2241,54169,594
2241,54169,598
2242,54153,322
2242,54153,323
2242,54153,407
2242,54153,410
2242,54153,455
2242,54153,500
2242,54153,507
2240,53823,488
2501,54084,484
2506,54179,28
2506,54179,32
2506,54179,34
2509,54180,169
2509,54180,176
2509,54180,181
2509,54180,184
2509,54180,188
2509,54180,192
2509,54180,194
2509,54180,197
2509,54180,206
2509,54180,255
2514,53882,509
2514,53882,541
2514,53882,549
2240,53823,494
2236,53729,537
2238,54205,534
2655,54184,594
2655,54184,638
2656,54484,425
2656,54484,429
2656,54484,470
2656,54484,484
2656,54484,487
2656,54484,501
2656,54484,505
2656,54484,516
2656,54484,600
2657,54502,544
2657,54502,600
2657,54502,635
2658,54502,345
2238,54205,638
2240,53823,429
2240,53823,432
2240,53823,472
2240,53823,483
2240,53823,498
2502,54180,376
2502,54180,453
2502,54180,459
2502,54180,569
2502,54180,604
2502,54180,605
2502,54180,609
2502,54180,616
2502,54180,617
2506,54179,326
2506,54179,329
2506,54179,609
2506,54179,620
2509,54180,367
2509,54180,369
2509,54180,371
2509,54180,375
2509,54180,393
2509,54180,427
2509,54180,461
2509,54180,472
2509,54180,533
2509,54180,541
2515,54180,415
2515,54180,416
2515,54180,420
2608,54474,455
2608,54474,456
2609,54476,409
2221,53792,140
2221,53792,156
2221,53792,209
2221,53792,210
2221,53792,218
2221,53792,254
2224,53815,51
2230,53799,43
6407,56311,440
2231,53816,523
2232,53827,241
2232,53827,244
2232,53827,248
2240,53823,18
2240,53823,55
2242,54153,234
2242,54153,314
2509,54180,490
2509,54180,506
2509,54180,516
2509,54180,520
2514,53882,632
2230,53799,89
2223,53793,434
2226,53819,560
2226,53819,622
2609,54476,342
2609,54476,344
2609,54476,347
2609,54476,350
2609,54476,359
2609,54476,391
2609,54476,394
2609,54476,396
2609,54476,399
2227,53820,173
2610,54476,543
2227,53820,460
2227,53820,561
2655,54184,435
2657,54502,122
2657,54502,125
2657,54502,126
2657,54502,127
2229,53823,361
2657,54502,210
2229,53823,562
2229,53823,574
2009,53904,123
2009,53904,258
2009,53904,283
2011,53499,26
2011,53499,118
2011,53499,224
2011,53499,266
2230,53799,2
2230,53799,85
2231,53816,616
2236,53729,431
2236,53729,433
2241,54169,566
2241,54169,567
2241,54169,568
2241,54169,570
2514,53882,477
2514,53882,490
2514,53882,504
2609,54476,381
2609,54476,385
2609,54476,388
2230,53799,135
2231,53816,526
2231,53816,530
2232,53827,250
2233,53845,366
2233,53845,368
2236,53729,119
2238,54205,438
2238,54205,498
2238,54205,583
2238,54205,585
2238,54205,586
2238,54205,589
2240,53823,273
2240,53823,278
2240,53823,312
2240,53823,316
2241,54169,304
2242,54153,444
2242,54153,446
2242,54153,449
2242,54153,453
2242,54153,457
2242,54153,458
2242,54153,459
2243,53794,327
2493,54115,631
2493,54115,636
2493,54115,638
2497,54154,280
2497,54154,312
2501,54084,483
2504,54179,584
2504,54179,586
2506,54179,502
2506,54179,505
2506,54179,507
2506,54179,511
2506,54179,516
2506,54179,545
2506,54179,546
2506,54179,547
2506,54179,548
2506,54179,555
2506,54179,590
2509,54180,382
2509,54180,383
2509,54180,431
2509,54180,434
2513,54141,425
2513,54141,473
2513,54141,509
2515,54180,357
2515,54180,386
2515,54180,390
2515,54180,395
2608,54474,431
2608,54474,437
2608,54474,440
2608,54474,471
2608,54474,476
2608,54474,477
2608,54474,480
2608,54474,485
2608,54474,499
2608,54474,506
2608,54474,508
2608,54474,511
2608,54474,512
2608,54474,514
2608,54474,515
2608,54474,516
2608,54474,517
2608,54474,518
2608,54474,519
2608,54474,520
2608,54474,545
2608,54474,547
2608,54474,548
2608,54474,555
2608,54474,557
2608,54474,558
2608,54474,598
2608,54474,600
2609,54476,421
2609,54476,425
2609,54476,428
2609,54476,429
2609,54476,432
2609,54476,434
2611,54477,388
2611,54477,425
2611,54477,428
2611,54477,433
2497,54154,145
2501,54084,248
2501,54084,249
2507,53876,86
2507,53876,241
2507,53876,248
2509,54180,324
2509,54180,361
2509,54180,366
2509,54180,368
2509,54180,407
2509,54180,527
2509,54180,528
2509,54180,530
2511,53882,26
2511,53882,74
2511,53882,77
2511,53882,112
2513,54141,8
2513,54141,29
2513,54141,39
2513,54141,60
2513,54141,206
2513,54141,435
2515,54180,328
2515,54180,368
2595,54207,437
6416,56312,623
6490,56330,328
2501,54084,292
2515,54180,417
2515,54180,566
2608,54474,450
2610,54476,616
2611,54477,372
2643,54208,14
2643,54208,32
2643,54208,312
2643,54208,634
2643,54208,636
2644,54210,469
6407,56311,886
6410,56336,106
6421,56274,714
1994,53845,320
2509,54180,196
1994,53845,184
2239,53726,403
2239,53726,407
2509,54180,249
2228,53818,524
2657,54502,142
2657,54502,143
2611,54477,387
2611,54477,389
2611,54477,395
2611,54477,400
2611,54477,432
2011,53499,449
2011,53499,460
2608,54474,560
2608,54474,597
2609,54476,433
2609,54476,474
6473,56363,934
2228,53818,413
2241,54169,514
2241,54169,516
2241,54169,517
2241,54169,585
2241,54169,589
2644,54210,297
2233,53845,45
2235,53847,86
2236,53729,123
2236,53729,206
2236,53729,249
2238,54205,499
2240,53823,344
2240,53823,348
2240,53823,349
2240,53823,422
2241,54169,116
2241,54169,196
2241,54169,197
2241,54169,199
2241,54169,231
2241,54169,233
2241,54169,234
2241,54169,235
2241,54169,236
2241,54169,237
2241,54169,239
2241,54169,270
2241,54169,274
2241,54169,277
2241,54169,310
2241,54169,392
2241,54169,395
2241,54169,399
2241,54169,422
2241,54169,433
2242,54153,348
2242,54153,349
2242,54153,350
2242,54153,426
2242,54153,435
2242,54153,437
2242,54153,471
2242,54153,472
2242,54153,493
2242,54153,497
2513,54141,18
2513,54141,136
2513,54141,214
2643,54208,13
2643,54208,49
2643,54208,56
2643,54208,208
2643,54208,218
2643,54208,219
2643,54208,285
2643,54208,289
2502,54180,544
2502,54180,548
2502,54180,550
2502,54180,554
2506,54179,342
2506,54179,347
2506,54179,462
2506,54179,468
2509,54180,341
2509,54180,347
2509,54180,356
2509,54180,358
2509,54180,360
2502,54180,502
2506,54179,349
2506,54179,357
2498,54169,635
2506,54179,387
2506,54179,398
6431,56311,242
2011,53499,455
2232,53827,391
2238,54205,32
2238,54205,34
2238,54205,39
2238,54205,73
2238,54205,76
2238,54205,433
2238,54205,461
2238,54205,474
2238,54205,507
2239,53726,409
2241,54169,109
5880,56042,902
5968,56356,766
2241,54169,182
2241,54169,188
2241,54169,190
2241,54169,213
2241,54169,307
2242,54153,174
2242,54153,347
6431,56311,442
2498,54169,620
2498,54169,632
2498,54169,637
2502,54180,423
2502,54180,463
2502,54180,577
2502,54180,579
2502,54180,588
2502,54180,589
2502,54180,595
2506,54179,389
2506,54179,503
2506,54179,506
2506,54179,508
2506,54179,512
2506,54179,513
2506,54179,514
2506,54179,515
2506,54179,550
2506,54179,582
2515,54180,392
2595,54207,362
2595,54207,365
2241,54169,106
2238,54205,101
2238,54205,108
2238,54205,164
2238,54205,166
2238,54205,168
2238,54205,179
2238,54205,184
2238,54205,264
2238,54205,387
2238,54205,393
2240,53823,28
2240,53823,29
2241,54169,273
2509,54180,101
2509,54180,235
2509,54180,277
2509,54180,432
2509,54180,439
5879,56047,800
2241,54169,185
2241,54169,187
2241,54169,193
2241,54169,194
2241,54169,195
2241,54169,200
2241,54169,221
2241,54169,222
2242,54153,421
2242,54153,432
2242,54153,464
2242,54153,465
2242,54153,486
2241,54169,72
2241,54169,78
2241,54169,79
2241,54169,114
2511,53882,624
2511,53882,628
2513,54141,418
2513,54141,420
2502,54180,77
2502,54180,599
2506,54179,494
2506,54179,495
2506,54179,543
2506,54179,553
2506,54179,554
2506,54179,557
2506,54179,558
2506,54179,559
2506,54179,560
2506,54179,591
2506,54179,592
2509,54180,221
2240,53823,397
2240,53823,439
2659,54498,564
2240,53823,478
2240,53823,479
2223,53793,618
2240,53823,491
2240,53823,493
2240,53823,499
2240,53823,510
2229,53823,346
2229,53823,347
2229,53823,350
2229,53823,359
2229,53823,615
2240,53823,511
2240,53823,513
2240,53823,517
2240,53823,548
2240,53823,627
2240,53823,33
2240,53823,38
2241,54169,226
2241,54169,227
2241,54169,228
2241,54169,238
2241,54169,240
2514,53882,585
2514,53882,622
2236,53729,272
2238,54205,33
2238,54205,40
2238,54205,167
2238,54205,169
2238,54205,170
2238,54205,174
2238,54205,261
2240,53823,27
2240,53823,64
2240,53823,104
2514,53882,113
2241,54169,217
2514,53882,118
2241,54169,291
2655,54184,439
2655,54184,440
2655,54184,625
2655,54184,632
2655,54184,635
2655,54184,640
2656,54484,190
2656,54484,275
2656,54484,397
2656,54484,472
2656,54484,474
2656,54484,476
2656,54484,479
2656,54484,481
2656,54484,482
2656,54484,488
2656,54484,492
2656,54484,499
2656,54484,500
2656,54484,504
2656,54484,506
2656,54484,508
2514,53882,120
2657,54502,352
2657,54502,556
2657,54502,557
2657,54502,631
2009,53904,190
2011,53499,83
2011,53499,86
2226,53819,435
2227,53820,626
2227,53820,632
2227,53820,636
2229,53823,345
2229,53823,352
2229,53823,357
2229,53823,358
2229,53823,360
2233,53845,480
2236,53729,26
2596,54207,380
2236,53729,197
2497,54154,161
2501,54084,305
2501,54084,312
2497,54154,165
2240,53823,24
2240,53823,320
2241,54169,59
2241,54169,99
2241,54169,100
2241,54169,121
2216,53795,577
2235,53847,67
2235,53847,96
2235,53847,97
2235,53847,144
2236,53729,15
2218,53816,403
2218,53816,416
2238,54205,307
2238,54205,308
2218,53816,525
2240,53823,94
2240,53823,247
2240,53823,252
2240,53823,255
2240,53823,299
2235,53847,13
2235,53847,45
2235,53847,46
2235,53847,48
2235,53847,49
2595,54207,433
2595,54207,483
2241,54169,135
2596,54207,398
2236,53729,135
2236,53729,213
2241,54169,201
2241,54169,212
2240,53823,297
2238,54205,12
2238,54205,45
2240,53823,85
2236,53729,99
2236,53729,100
2236,53729,126
2236,53729,251
2236,53729,286
2236,53729,293
2236,53729,296
2236,53729,297
2241,54169,259
2241,54169,289
2235,53847,5
2235,53847,9
2235,53847,47
2235,53847,52
2236,53729,212
2236,53729,219
2500,54178,624
5975,56334,910
5968,56356,368
5984,56337,796
5984,56337,797
6431,56311,824
6431,56311,829
2236,53729,60
2236,53729,86
2236,53729,88
2236,53729,89
2236,53729,94
2236,53729,97
2236,53729,285
2236,53729,290
2236,53729,292
2504,54179,596
2504,54179,598
2507,53876,591
2511,53882,499
2511,53882,533
2657,54502,568
2657,54502,576
2657,54502,605
2095,53474,591
2656,54484,401
2656,54484,577
2657,54502,323
2657,54502,566
2657,54502,575
2657,54502,613
2658,54502,335
2658,54502,375
5971,56064,372
2221,53792,242
2655,54184,603
2655,54184,608
2656,54484,490
2510,53877,357
2514,53882,249
2657,54502,612
2657,54502,629
2658,54502,331
5970,56046,872
2504,54179,571
2656,54484,571
6410,56336,178
2504,54179,482
2504,54179,483
2004,53737,211
2004,53737,241
2004,53737,247
2500,54178,439
2500,54178,469
2500,54178,490
2500,54178,600
2504,54179,385
2504,54179,470
2504,54179,489
2504,54179,494
2504,54179,504
2241,54169,499
2241,54169,500
2241,54169,501
2241,54169,502
2241,54169,503
2241,54169,504
2241,54169,505
2241,54169,545
2241,54169,546
2241,54169,547
2241,54169,548
2241,54169,549
2241,54169,550
2242,54153,478
2509,54180,222
2509,54180,226
2240,53823,417
2240,53823,423
2240,53823,425
2240,53823,427
2504,54179,161
2504,54179,174
2511,53882,191
2643,54208,84
2644,54210,19
2644,54210,22
2644,54210,52
2644,54210,59
2644,54210,68
2511,53882,129
5973,56067,564
2240,53823,585
2240,53823,586
2240,53823,587
2240,53823,588
2240,53823,590
2240,53823,593
2240,53823,594
2240,53823,596
2240,53823,597
2241,54169,350
2241,54169,353
2241,54169,355
2241,54169,391
2241,54169,394
2241,54169,397
2241,54169,398
2241,54169,421
2241,54169,427
2241,54169,428
2241,54169,431
2242,54153,329
2242,54153,330
2242,54153,333
2242,54153,335
2242,54153,338
2242,54153,339
2242,54153,340
2497,54154,397
2497,54154,431
2501,54084,509
2509,54180,278
2655,54184,393
5880,56042,924
6483,56341,372
6483,56341,446
2240,53823,638
2240,53823,639
2240,53823,640
2608,54474,336
2608,54474,414
2608,54474,446
2608,54474,529
2608,54474,530
2608,54474,537
2608,54474,538
2608,54474,580
2609,54476,369
2609,54476,413
2610,54476,571
2643,54208,139
2514,53882,512
2219,53816,69
2221,53792,117
2221,53792,145
2221,53792,161
2221,53792,307
2221,53792,310
2493,54115,587
2493,54115,627
2493,54115,629
2493,54115,633
2497,54154,164
2497,54154,191
2497,54154,233
2497,54154,234
2497,54154,236
2497,54154,237
2497,54154,239
2497,54154,274
2506,54179,24
2506,54179,114
2506,54179,174
2498,54169,532
2506,54179,565
2509,54180,386
2509,54180,451
2515,54180,344
2515,54180,374
2515,54180,377
2515,54180,379
2515,54180,461
2515,54180,505
2515,54180,510
2515,54180,511
2515,54180,574
2515,54180,579
2608,54474,367
2608,54474,468
2608,54474,473
2608,54474,531
2608,54474,532
2608,54474,541
2608,54474,577
2608,54474,582
2608,54474,583
2608,54474,614
2608,54474,615
2608,54474,618
2608,54474,619
6410,56336,972
6432,56309,278
6432,56309,992
2241,54169,208
2241,54169,211
2242,54153,262
2655,54184,72
2242,54153,263
2655,54184,343
2655,54184,349
2655,54184,360
2655,54184,390
2497,54154,167
2497,54154,168
2656,54484,427
2656,54484,467
2656,54484,582
2497,54154,171
2658,54502,394
2497,54154,174
2009,53904,229
2009,53904,230
2009,53904,231
2009,53904,320
2011,53499,44
2497,54154,200
2227,53820,485
5987,56339,850
2497,54154,155
2229,53823,593
2231,53816,509
2231,53816,518
2233,53845,354
2233,53845,429
2236,53729,168
2236,53729,182
6404,56330,836
6486,56328,499
2657,54502,206
2238,54205,194
2238,54205,306
5979,56329,628
2514,53882,135
2514,53882,201
2657,54502,285
2657,54502,76
2657,54502,309
2657,54502,316
2238,54205,269
2238,54205,302
2241,54169,252
2241,54169,294
2609,54476,274
5846,56017,246
2504,54179,560
2506,54179,623
2506,54179,627
2506,54179,632
2506,54179,637
2507,53876,273
2507,53876,315
2507,53876,320
2509,54180,117
2514,53882,259
2655,54184,267
2595,54207,481
2658,54502,277
6432,56309,300
2104,53852,172
2104,53852,181
2104,53852,186
2104,53852,195
2241,54169,223
2241,54169,229
2241,54169,230
2241,54169,319
2242,54153,344
2242,54153,351
2242,54153,352
2515,54180,462
2515,54180,463
2515,54180,500
2608,54474,436
2608,54474,486
2608,54474,494
2608,54474,495
2608,54474,503
2608,54474,504
2608,54474,509
2608,54474,513
2609,54476,422
2609,54476,424
2609,54476,426
2241,54169,268
2515,54180,429
2515,54180,478
2515,54180,485
2515,54180,487
2515,54180,488
6432,56309,16
2496,54178,605
2496,54178,615
2500,54178,226
2504,54179,74
2504,54179,346
2507,53876,237
2511,53882,94
2511,53882,121
2513,54141,227
2513,54141,267
2513,54141,277
2504,54179,116
2507,53876,384
2511,53882,100
2511,53882,147
2511,53882,153
2500,54178,459
2504,54179,461
2504,54179,492
2507,53876,272
2507,53876,311
2513,54141,36
2513,54141,40
2513,54141,70
2513,54141,309
2500,54178,537
2500,54178,570
2507,53876,26
2507,53876,32
2507,53876,79
2507,53876,261
2643,54208,278
2643,54208,309
2644,54210,21
2645,54477,317
2504,54179,171
2504,54179,173
6421,56274,144
2644,54210,104
2645,54477,263
2645,54477,265
2515,54180,517
2219,53816,5
2219,53816,13
2219,53816,20
2219,53816,30
2221,53792,125
2221,53792,130
2221,53792,138
2221,53792,212
2221,53792,215
2221,53792,296
2497,54154,97
2497,54154,107
2497,54154,134
2497,54154,202
2497,54154,208
2497,54154,218
2500,54178,139
2507,53876,52
2509,54180,448
2515,54180,448
2515,54180,527
2608,54474,402
2608,54474,404
2608,54474,407
2608,54474,409
2611,54477,370
6432,56309,513
6410,56336,62
2241,54169,468
2241,54169,469
2241,54169,472
2241,54169,473
2496,54178,33
2500,54178,180
2507,53876,107
2241,54169,630
2241,54169,634
2511,53882,318
2643,54208,256
2493,54115,615
2493,54115,619
2497,54154,387
2497,54154,440
2497,54154,467
2497,54154,468
2645,54477,291
2645,54477,294
2645,54477,299
2506,54179,36
2506,54179,39
2506,54179,66
2506,54179,67
2506,54179,75
2506,54179,77
2506,54179,79
2506,54179,80
2509,54180,300
2509,54180,305
2656,54484,461
2656,54484,552
2657,54502,584
2657,54502,585
2657,54502,586
6432,56309,330
2509,54180,81
2509,54180,90
6432,56309,414
6432,56309,418
6415,56310,610
6404,56330,786
2644,54210,478
2655,54184,237
2655,54184,347
2655,54184,356
2657,54502,129
2657,54502,131
2657,54502,132
2657,54502,133
2657,54502,135
2657,54502,136
2657,54502,137
5880,56042,906
5976,56356,806
2230,53799,212
2231,53816,418
2238,54205,346
2241,54169,271
2241,54169,320
2241,54169,322
2241,54169,323
2241,54169,363
2241,54169,366
2241,54169,367
2241,54169,368
6432,56309,432
6480,56340,378
6480,56340,450
2497,54154,389
2497,54154,432
2497,54154,436
2497,54154,438
2511,53882,566
2515,54180,468
2515,54180,494
2644,54210,481
2644,54210,494
2655,54184,391
2655,54184,392
2655,54184,395
2655,54184,471
2656,54484,4
2657,54502,242
5973,56067,292
6432,56309,384
6432,56309,392
6432,56309,338
6432,56309,420
6432,56309,423
2219,53816,21
2219,53816,23
2219,53816,24
2219,53816,25
2219,53816,61
2221,53792,216
2643,54208,226
2643,54208,263
2643,54208,304
2644,54210,39
2656,54484,21
2509,54180,102
2509,54180,104
2644,54210,511
2219,53816,65
2219,53816,71
2219,53816,73
2219,53816,108
2219,53816,110
2221,53792,131
2221,53792,133
2221,53792,160
2221,53792,167
2221,53792,184
2221,53792,187
2221,53792,189
2221,53792,226
2221,53792,233
2221,53792,253
2221,53792,256
2221,53792,282
2221,53792,284
2221,53792,285
2221,53792,286
2644,54210,61
2644,54210,73
5973,56067,870
2011,53499,482
2011,53499,601
2011,53499,607
2221,53792,630
2223,53793,423
2223,53793,433
2223,53793,465
2223,53793,468
2223,53793,472
2223,53793,474
2223,53793,476
2223,53793,477
2241,54169,267
2241,54169,269
2241,54169,276
2241,54169,309
2242,54153,353
2513,54141,372
2513,54141,405
2513,54141,412
2513,54141,455
2509,54180,225
2509,54180,227
2509,54180,229
2509,54180,232
2509,54180,234
2509,54180,238
2509,54180,239
2509,54180,240
2509,54180,263
2509,54180,264
2644,54210,570
2659,54498,458
2660,54504,405
2660,54504,407
2660,54504,442
5880,56042,838
5984,56337,854
2511,53882,634
2511,53882,637
2511,53882,640
2513,54141,459
5880,56042,586
5880,56042,920
6483,56341,5
6404,56330,372
2643,54208,138
2644,54210,60
2095,53474,2
2095,53474,5
6422,56328,166
6486,56328,710
2513,54141,92
2513,54141,98
2513,54141,124
2513,54141,289
2513,54141,292
2513,54141,293
2513,54141,296
2513,54141,298
2513,54141,300
2643,54208,215
2644,54210,1
2644,54210,562
2009,53904,607
2009,53904,608
2514,53882,83
2645,54477,283
2004,53737,202
2004,53737,208
2095,53474,40
2095,53474,54
2511,53882,315
2645,54477,244
2645,54477,300
2609,54476,224
6404,56330,410
6404,56330,452
2232,53827,151
2241,54169,56
2241,54169,93
5968,56356,420
2493,54115,24
2493,54115,27
2493,54115,33
2497,54154,221
2497,54154,228
2497,54154,269
2497,54154,272
6414,56306,336
2595,54207,634
2238,54205,291
2240,53823,9
2240,53823,47
2240,53823,51
2656,54484,549
2656,54484,556
6483,56341,18
6483,56341,636
2608,54474,620
2644,54210,23
2644,54210,81
2645,54477,262
2104,53852,165
2104,53852,166
2104,53852,169
2104,53852,182
2104,53852,190
2104,53852,226
2104,53852,238
2104,53852,308
6487,56362,4
6490,56330,460
2514,53882,479
2514,53882,493
2595,54207,383
2595,54207,384
2595,54207,394
2595,54207,435
2595,54207,436
2595,54207,438
2595,54207,477
2595,54207,478
2595,54207,628
2595,54207,629
2596,54207,381
2596,54207,385
2596,54207,386
2596,54207,400
2596,54207,430
2596,54207,432
2596,54207,480
2611,54477,262
2504,54179,580
2504,54179,532
2504,54179,603
2011,53499,140
2011,53499,142
2011,53499,286
2515,54180,305
2506,54179,105
2506,54179,107
2506,54179,156
6432,56309,168
2506,54179,64
2506,54179,73
2104,53852,87
2104,53852,90
2104,53852,133
6404,56330,305
6421,56274,718
2608,54474,629
5879,56047,588
6407,56311,504
6432,56309,960
6430,56299,124
4611,55603,167
2497,54154,275
2497,54154,278
2497,54154,477
2497,54154,478
2497,54154,486
2497,54154,490
2497,54154,493
2497,54154,496
2501,54084,557
2514,53882,191
2515,54180,534
2608,54474,608
2610,54476,327
2238,54205,350
2238,54205,356
5984,56337,522
2238,54205,339
2240,53823,589
2240,53823,595
2241,54169,301
2241,54169,312
2241,54169,314
2241,54169,351
2241,54169,471
2241,54169,474
2241,54169,475
2241,54169,476
2241,54169,477
2241,54169,628
2241,54169,639
2242,54153,341
2242,54153,384
2242,54153,386
2242,54153,387
2242,54153,389
6423,56313,122
2645,54477,288
2506,54179,470
2506,54179,490
2506,54179,529
2506,54179,533
2506,54179,535
2506,54179,537
2506,54179,573
2506,54179,574
2506,54179,577
2506,54179,579
2506,54179,602
2506,54179,603
2506,54179,611
2506,54179,612
2506,54179,615
2507,53876,43
2509,54180,325
2509,54180,349
2509,54180,354
2509,54180,365
2509,54180,391
2509,54180,411
2509,54180,417
2509,54180,420
2509,54180,421
2509,54180,426
2509,54180,429
2509,54180,467
2509,54180,469
2509,54180,482
2509,54180,487
2509,54180,492
2509,54180,513
2509,54180,532
5880,56042,822
6431,56311,177
6432,56309,390
6432,56309,972
6432,56309,985
5847,56037,568
5847,56037,920
