11,0.855726
11,1.000000
20,0.526656
20,0.481319
20,0.617884
20,0.428726
20,0.629787
11,0.575381
11,0.721576
11,0.393481
-1,0.000000
-1,0.000000
-1,0.000000
12,1.000000
12,1.000000
12,1.000000
12,0.814055
12,0.934302
12,1.000000
12,1.000000
12,0.702450
12,0.585987
-1,0.000000
-1,0.000000
20,0.851619
20,0.943813
20,0.952755
20,0.410069
20,0.489521
20,0.642865
20,0.533845
20,0.592953
20,0.431224
20,0.542144
20,0.443771
20,0.966849
20,0.385223
20,0.417627
20,0.488329
-1,0.000000
-1,0.000000
20,0.494735
20,0.565133
20,0.954447
20,0.402912
11,0.957934
-1,0.000000
-1,0.000000
-1,0.000000
-1,0.000000
7,0.785856
7,0.729980
7,0.779750
7,0.853654
-1,0.000000
-1,0.000000
-1,0.000000
20,0.678122
20,0.585255
20,0.570407
20,0.677177
20,0.728987
20,0.720822
20,0.792581
20,0.617381
20,0.828072
20,1.000000
-1,0.000000
-1,0.000000
-1,0.000000
-1,0.000000
-1,0.000000
-1,0.000000
-1,0.000000
22,0.683338
20,0.682575
20,0.499192
20,0.275700
20,0.333799
20,0.300440
14,1.000000
20,0.362673
20,0.337625
20,0.362761
20,0.311008
20,0.375944
-1,0.000000
-1,0.000000
-1,0.000000
-1,0.000000
-1,0.000000
-1,0.000000
-1,0.000000
-1,0.000000
-1,0.000000
11,0.943289
11,0.892677
11,0.997472
20,0.339841
20,0.338868
20,0.338729
20,0.307351
20,0.310781
12,0.443986
20,0.343708
12,0.381346
20,0.320640
-1,0.000000
12,0.470979
12,0.656036
12,0.704913
12,1.000000
20,0.339159
20,0.240893
20,0.289547
20,0.325027
-1,0.000000
-1,0.000000
-1,0.000000
12,1.000000
12,1.000000
12,1.000000
12,1.000000
12,1.000000
12,1.000000
12,0.809020
12,1.000000
12,1.000000
12,0.559441
12,0.568104
12,0.684765
12,0.600104
12,0.407194
-1,0.000000
12,0.405582
-1,0.000000
-1,0.000000
-1,0.000000
-1,0.000000
-1,0.000000
20,0.211794
-1,0.000000
-1,0.000000
20,0.235592
20,0.239775
20,0.271201
20,0.347261
20,0.373988
20,0.328789
20,0.322849
20,0.386671
20,0.337145
-1,0.000000
-1,0.000000
22,0.702035
1,1.000000
-1,0.000000
1,1.000000
13,1.000000
2,0.670140
1,1.000000
-1,0.000000
-1,0.000000
2,0.834030
-1,0.000000
-1,0.000000
10,0.757376
-1,0.000000
-1,0.000000
2,0.700627
-1,0.000000
-1,0.000000
-1,0.000000
-1,0.000000
-1,0.000000
-1,0.000000
-1,0.000000
2,0.827339
2,0.781993
-1,0.000000
2,0.881227
-1,0.000000
-1,0.000000
-1,0.000000
2,0.684674
-1,0.000000
-1,0.000000
-1,0.000000
-1,0.000000
2,0.788392
-1,0.000000
-1,0.000000
13,1.000000
-1,0.000000
-1,0.000000
2,0.821711
-1,0.000000
2,0.778533
-1,0.000000
-1,0.000000
2,0.702480
2,0.631689
-1,0.000000
-1,0.000000
-1,0.000000
-1,0.000000
-1,0.000000
2,0.738228
-1,0.000000
2,0.672424
-1,0.000000
-1,0.000000
-1,0.000000
22,0.733683
-1,0.000000
-1,0.000000
-1,0.000000
-1,0.000000
-1,0.000000
-1,0.000000
-1,0.000000
-1,0.000000
-1,0.000000
10,0.742359
-1,0.000000
13,1.000000
13,1.000000
-1,0.000000
-1,0.000000
-1,0.000000
-1,0.000000
-1,0.000000
-1,0.000000
-1,0.000000
10,0.743182
-1,0.000000
-1,0.000000
-1,0.000000
-1,0.000000
-1,0.000000
-1,0.000000
5,0.887675
5,0.891033
12,0.592457
12,0.608988
12,0.572632
-1,0.000000
-1,0.000000
-1,0.000000
-1,0.000000
12,0.433720
-1,0.000000
-1,0.000000
-1,0.000000
-1,0.000000
-1,0.000000
-1,0.000000
7,1.000000
7,1.000000
7,1.000000
7,1.000000
7,1.000000
7,1.000000
7,1.000000
7,1.000000
7,1.000000
-1,0.000000
7,1.000000
-1,0.000000
-1,0.000000
7,0.605012
-1,0.000000
-1,0.000000
3,0.981780
-1,0.000000
-1,0.000000
23,0.348889
-1,0.000000
-1,0.000000
-1,0.000000
-1,0.000000
-1,0.000000
-1,0.000000
-1,0.000000
-1,0.000000
-1,0.000000
15,1.000000
-1,0.000000
18,1.000000
-1,0.000000
23,0.378990
23,0.470838
15,0.953370
15,0.694180
-1,0.000000
-1,0.000000
17,0.798414
13,1.000000
-1,0.000000
-1,0.000000
-1,0.000000
-1,0.000000
-1,0.000000
3,0.874317
-1,0.000000
-1,0.000000
-1,0.000000
-1,0.000000
20,0.207573
-1,0.000000
-1,0.000000
-1,0.000000
-1,0.000000
-1,0.000000
-1,0.000000
23,0.369501
20,0.205691
9,0.674009
15,1.000000
9,0.758266
9,0.722286
0,0.859301
0,0.916028
9,0.813105
20,0.226201
20,0.227037
20,0.220439
-1,0.000000
-1,0.000000
12,0.487408
-1,0.000000
-1,0.000000
-1,0.000000
9,0.637160
-1,0.000000
-1,0.000000
-1,0.000000
-1,0.000000
-1,0.000000
-1,0.000000
-1,0.000000
-1,0.000000
-1,0.000000
22,1.000000
22,1.000000
22,1.000000
7,0.849629
-1,0.000000
-1,0.000000
-1,0.000000
7,1.000000
7,1.000000
-1,0.000000
-1,0.000000
-1,0.000000
15,1.000000
22,1.000000
24,0.437306
24,0.777517
24,0.546910
24,0.775842
24,0.777659
-1,0.000000
-1,0.000000
-1,0.000000
25,0.712946
25,0.663484
7,0.865518
9,0.760599
-1,0.000000
-1,0.000000
-1,0.000000
7,1.000000
-1,0.000000
25,0.657278
-1,0.000000
25,0.697103
25,0.712946
7,1.000000
7,1.000000
7,1.000000
25,0.644401
-1,0.000000
-1,0.000000
-1,0.000000
7,1.000000
-1,0.000000
15,1.000000
9,0.629963
-1,0.000000
-1,0.000000
-1,0.000000
15,1.000000
-1,0.000000
13,1.000000
13,1.000000
13,1.000000
13,1.000000
13,0.966586
13,1.000000
13,1.000000
-1,0.000000
-1,0.000000
1,1.000000
-1,0.000000
2,0.660062
-1,0.000000
-1,0.000000
-1,0.000000
10,0.866834
10,0.863550
-1,0.000000
-1,0.000000
-1,0.000000
2,0.656170
-1,0.000000
-1,0.000000
-1,0.000000
-1,0.000000
-1,0.000000
-1,0.000000
-1,0.000000
-1,0.000000
-1,0.000000
-1,0.000000
-1,0.000000
2,0.670511
-1,0.000000
1,1.000000
1,1.000000
-1,0.000000
-1,0.000000
-1,0.000000
8,1.000000
-1,0.000000
-1,0.000000
-1,0.000000
-1,0.000000
-1,0.000000
6,0.990224
6,1.000000
6,1.000000
1,1.000000
1,1.000000
-1,0.000000
-1,0.000000
-1,0.000000
-1,0.000000
-1,0.000000
-1,0.000000
-1,0.000000
-1,0.000000
-1,0.000000
-1,0.000000
-1,0.000000
-1,0.000000
-1,0.000000
-1,0.000000
-1,0.000000
-1,0.000000
-1,0.000000
-1,0.000000
-1,0.000000
22,0.683338
-1,0.000000
22,0.681892
22,0.683338
22,0.683338
22,0.683338
22,0.683338
-1,0.000000
-1,0.000000
8,0.579531
8,0.684712
-1,0.000000
-1,0.000000
-1,0.000000
-1,0.000000
8,0.713156
8,0.796941
8,0.743734
-1,0.000000
-1,0.000000
-1,0.000000
-1,0.000000
18,1.000000
-1,0.000000
18,1.000000
-1,0.000000
-1,0.000000
-1,0.000000
17,0.824832
17,0.870850
-1,0.000000
17,0.821059
-1,0.000000
-1,0.000000
-1,0.000000
9,0.556443
9,0.651960
9,0.654072
9,0.627211
9,0.589011
-1,0.000000
14,1.000000
14,1.000000
-1,0.000000
-1,0.000000
-1,0.000000
-1,0.000000
-1,0.000000
-1,0.000000
-1,0.000000
-1,0.000000
-1,0.000000
-1,0.000000
-1,0.000000
20,0.205678
20,0.213487
20,0.213487
20,0.213487
20,0.206631
-1,0.000000
-1,0.000000
-1,0.000000
-1,0.000000
-1,0.000000
20,0.202004
20,0.199099
3,1.000000
3,0.965534
3,1.000000
-1,0.000000
5,0.868358
5,0.975678
5,1.000000
11,0.660876
11,0.871192
11,1.000000
11,1.000000
11,0.906486
11,1.000000
11,0.908788
5,1.000000
11,1.000000
11,0.892942
11,0.793896
11,0.407864
12,0.600702
-1,0.000000
7,1.000000
7,1.000000
7,1.000000
7,1.000000
7,1.000000
7,0.645861
7,0.809223
7,0.870145
7,1.000000
-1,0.000000
-1,0.000000
19,0.944398
-1,0.000000
-1,0.000000
7,0.845235
20,0.265052
20,0.292215
20,0.230422
20,0.232427
19,0.959466
20,0.198045
20,0.264554
20,0.247114
20,0.282621
20,0.216483
20,0.282995
-1,0.000000
-1,0.000000
-1,0.000000
-1,0.000000
-1,0.000000
-1,0.000000
3,1.000000
3,1.000000
11,0.762721
-1,0.000000
-1,0.000000
17,1.000000
17,1.000000
17,1.000000
3,1.000000
3,1.000000
3,0.928705
12,0.760541
-1,0.000000
6,0.977351
6,0.954068
-1,0.000000
2,0.753919
1,1.000000
-1,0.000000
-1,0.000000
-1,0.000000
2,0.881227
2,0.823321
2,0.747809
-1,0.000000
2,0.731002
2,0.770684
-1,0.000000
10,0.959056
10,0.816778
10,0.889521
10,0.827863
10,0.909897
-1,0.000000
-1,0.000000
-1,0.000000
-1,0.000000
2,0.755275
1,1.000000
1,1.000000
-1,0.000000
9,0.396150
-1,0.000000
-1,0.000000
-1,0.000000
-1,0.000000
-1,0.000000
-1,0.000000
10,0.863008
10,0.762898
-1,0.000000
-1,0.000000
-1,0.000000
1,1.000000
-1,0.000000
1,0.966456
-1,0.000000
-1,0.000000
-1,0.000000
-1,0.000000
-1,0.000000
-1,0.000000
-1,0.000000
-1,0.000000
-1,0.000000
-1,0.000000
20,0.213457
-1,0.000000
20,0.213487
20,0.202575
20,0.208171
5,0.868358
5,0.789713
11,1.000000
11,0.978175
11,0.929110
-1,0.000000
12,0.400514
12,0.424276
-1,0.000000
12,1.000000
12,0.685045
12,0.713756
12,0.724171
12,0.915037
12,1.000000
7,0.577067
-1,0.000000
12,0.754500
20,0.523863
20,0.463889
20,0.491491
20,0.378720
20,0.447581
20,0.335126
20,0.259916
20,0.214742
20,0.477374
20,0.219544
-1,0.000000
20,0.258623
20,0.253516
-1,0.000000
20,0.245993
20,0.244681
20,0.251903
20,0.229250
-1,0.000000
-1,0.000000
-1,0.000000
-1,0.000000
-1,0.000000
20,0.481076
20,0.275625
20,0.217824
-1,0.000000
20,0.479138
20,0.523863
-1,0.000000
12,0.391831
12,0.504965
7,1.000000
7,0.616403
7,0.830714
7,0.865518
7,0.927266
19,0.914793
19,0.971535
19,1.000000
20,0.267073
20,0.304525
20,0.302338
20,0.236350
20,0.226234
20,0.259337
-1,0.000000
20,0.219439
-1,0.000000
19,0.966255
20,0.296705
20,0.264195
20,0.300815
20,0.313900
2,0.575528
2,0.606024
20,0.309506
2,0.667625
2,0.803056
2,0.822333
20,0.286247
12,0.433185
12,0.564372
12,0.450171
12,0.462358
-1,0.000000
12,0.448787
12,0.459529
24,0.402766
24,0.687622
24,0.513484
24,0.623747
24,0.683273
24,1.000000
24,1.000000
12,0.457052
24,0.845278
24,0.635229
24,0.615258
12,0.420933
-1,0.000000
24,0.412283
24,0.541306
24,0.405764
24,0.657468
24,0.866742
24,0.637550
24,1.000000
-1,0.000000
24,1.000000
24,1.000000
24,0.790701
24,1.000000
24,0.797097
24,0.799540
24,0.334224
-1,0.000000
24,0.405461
-1,0.000000
-1,0.000000
-1,0.000000
-1,0.000000
7,1.000000
7,1.000000
7,0.725170
-1,0.000000
13,1.000000
-1,0.000000
-1,0.000000
7,0.627378
7,0.590693
-1,0.000000
7,0.826982
7,0.910074
7,0.678707
7,0.763278
7,0.854076
7,0.743490
7,0.740141
7,0.663490
7,0.577512
7,0.790968
7,0.933486
7,0.945749
7,0.972015
7,0.967184
7,0.895673
7,0.711304
7,0.750714
-1,0.000000
19,0.975495
7,0.851810
-1,0.000000
-1,0.000000
-1,0.000000
-1,0.000000
-1,0.000000
2,0.846018
2,0.835298
2,0.735178
2,0.673757
2,0.658611
2,0.650221
2,0.720179
-1,0.000000
-1,0.000000
-1,0.000000
-1,0.000000
20,0.286548
20,0.293850
20,0.298295
20,0.286247
20,0.285337
19,1.000000
-1,0.000000
-1,0.000000
24,0.337612
-1,0.000000
-1,0.000000
24,0.337612
19,0.971121
-1,0.000000
13,1.000000
-1,0.000000
-1,0.000000
20,0.346998
-1,0.000000
11,0.539056
-1,0.000000
-1,0.000000
12,1.000000
12,0.927854
-1,0.000000
12,1.000000
12,1.000000
12,0.536934
12,0.407550
-1,0.000000
7,0.588923
7,0.901732
7,0.910074
7,0.946146
7,0.684338
7,0.639426
7,0.887065
7,0.898176
7,0.585707
7,0.586201
19,1.000000
19,1.000000
19,1.000000
-1,0.000000
-1,0.000000
-1,0.000000
-1,0.000000
19,0.970009
19,0.985650
19,1.000000
19,1.000000
19,1.000000
19,0.969272
19,0.912817
-1,0.000000
19,1.000000
19,1.000000
19,1.000000
-1,0.000000
-1,0.000000
-1,0.000000
20,0.219416
20,0.221006
20,0.199505
20,0.216963
20,0.325855
20,0.424097
20,0.480640
20,0.426031
20,0.396401
20,0.466715
20,0.452345
20,0.464745
20,0.455669
20,0.307405
20,0.406333
20,0.394293
20,0.427116
20,0.438212
20,0.351462
20,0.521597
20,0.430109
20,0.405088
20,0.336438
20,0.297943
20,0.348685
20,0.375513
20,0.362673
20,0.361830
20,0.340107
20,0.336327
20,0.350476
20,0.291710
20,0.326439
20,0.290593
20,0.338197
20,0.340928
20,0.343708
20,0.343708
20,0.274710
20,0.300825
-1,0.000000
-1,0.000000
-1,0.000000
-1,0.000000
-1,0.000000
-1,0.000000
-1,0.000000
-1,0.000000
24,0.762154
24,0.776936
24,0.669092
24,0.602817
24,0.641673
24,0.572208
22,0.805216
24,0.708393
8,0.529182
24,0.761404
24,1.000000
24,1.000000
5,0.811966
24,0.758028
24,0.570286
24,0.713639
-1,0.000000
-1,0.000000
-1,0.000000
-1,0.000000
20,0.255438
20,0.265424
20,0.274519
20,0.297858
20,0.267041
20,0.251146
20,0.242029
20,0.252032
20,0.228440
-1,0.000000
-1,0.000000
-1,0.000000
10,0.878566
-1,0.000000
6,0.964324
-1,0.000000
-1,0.000000
-1,0.000000
-1,0.000000
-1,0.000000
25,0.993239
25,0.940431
25,1.000000
25,1.000000
-1,0.000000
-1,0.000000
-1,0.000000
-1,0.000000
-1,0.000000
-1,0.000000
-1,0.000000
-1,0.000000
-1,0.000000
-1,0.000000
-1,0.000000
-1,0.000000
20,0.248538
-1,0.000000
-1,0.000000
-1,0.000000
25,0.768421
-1,0.000000
25,0.688188
-1,0.000000
25,0.851837
25,1.000000
25,0.979600
25,0.909227
25,1.000000
25,1.000000
25,1.000000
25,1.000000
-1,0.000000
-1,0.000000
20,0.260558
-1,0.000000
20,0.266381
20,0.312056
20,0.279623
20,0.248421
20,0.302723
20,0.315101
20,0.302260
20,0.288510
20,0.254310
20,0.304413
20,0.268781
20,0.328758
20,0.339972
20,0.285506
20,0.237325
20,0.270453
20,0.248206
20,0.260815
-1,0.000000
-1,0.000000
-1,0.000000
-1,0.000000
-1,0.000000
-1,0.000000
-1,0.000000
-1,0.000000
-1,0.000000
-1,0.000000
-1,0.000000
-1,0.000000
6,1.000000
-1,0.000000
-1,0.000000
-1,0.000000
-1,0.000000
-1,0.000000
-1,0.000000
-1,0.000000
-1,0.000000
-1,0.000000
-1,0.000000
-1,0.000000
24,0.453765
24,0.453226
24,0.361805
24,0.341653
24,0.347893
-1,0.000000
8,1.000000
-1,0.000000
-1,0.000000
25,0.779292
25,1.000000
25,1.000000
-1,0.000000
23,0.244201
-1,0.000000
-1,0.000000
-1,0.000000
-1,0.000000
-1,0.000000
8,0.891480
8,0.669465
-1,0.000000
-1,0.000000
25,0.864636
25,0.878195
25,0.842804
25,0.954115
25,1.000000
-1,0.000000
23,0.284731
23,0.315977
4,1.000000
23,0.322420
-1,0.000000
23,0.361387
23,0.378863
23,0.345667
23,0.344446
23,0.325840
-1,0.000000
-1,0.000000
-1,0.000000
-1,0.000000
10,1.000000
-1,0.000000
-1,0.000000
-1,0.000000
-1,0.000000
-1,0.000000
-1,0.000000
-1,0.000000
-1,0.000000
-1,0.000000
6,1.000000
-1,0.000000
-1,0.000000
-1,0.000000
-1,0.000000
-1,0.000000
-1,0.000000
-1,0.000000
-1,0.000000
20,0.302114
20,0.302776
20,0.387623
20,0.322050
20,0.280936
20,0.262725
20,0.256741
20,0.245832
20,0.252443
20,0.250819
-1,0.000000
-1,0.000000
-1,0.000000
20,0.277465
20,0.319816
20,0.359254
20,0.294700
20,0.377401
20,0.246468
20,0.223123
-1,0.000000
20,0.422091
20,0.329189
-1,0.000000
-1,0.000000
-1,0.000000
-1,0.000000
23,0.549892
23,0.847023
23,0.632938
23,0.753682
23,0.706615
23,0.983785
23,0.911034
-1,0.000000
-1,0.000000
-1,0.000000
-1,0.000000
-1,0.000000
6,1.000000
6,0.981638
2,0.782672
2,0.827924
2,0.836224
-1,0.000000
-1,0.000000
-1,0.000000
-1,0.000000
-1,0.000000
-1,0.000000
-1,0.000000
-1,0.000000
-1,0.000000
-1,0.000000
-1,0.000000
-1,0.000000
-1,0.000000
3,0.993679
3,0.975767
3,0.943456
3,0.975862
-1,0.000000
-1,0.000000
8,0.572126
8,1.000000
11,0.382832
-1,0.000000
12,0.396597
20,0.212382
-1,0.000000
-1,0.000000
-1,0.000000
24,0.337612
-1,0.000000
24,0.337612
-1,0.000000
-1,0.000000
-1,0.000000
24,0.394384
24,0.492099
24,0.383433
25,0.715811
25,1.000000
25,1.000000
25,0.984622
25,0.974205
25,1.000000
25,1.000000
25,1.000000
23,0.413137
23,0.495149
23,0.706615
-1,0.000000
23,0.362071
3,0.898933
3,1.000000
3,1.000000
8,0.806072
8,0.612603
8,0.513137
-1,0.000000
11,0.362344
-1,0.000000
-1,0.000000
20,0.204222
25,0.676310
23,0.552946
23,0.628001
-1,0.000000
-1,0.000000
-1,0.000000
-1,0.000000
-1,0.000000
3,0.962733
3,0.940836
3,0.989457
-1,0.000000
-1,0.000000
5,0.783771
5,0.824812
5,0.945835
5,0.959405
-1,0.000000
-1,0.000000
-1,0.000000
-1,0.000000
-1,0.000000
20,0.235511
-1,0.000000
-1,0.000000
-1,0.000000
7,1.000000
7,1.000000
7,0.686675
7,0.972015
7,1.000000
7,0.925740
7,0.786507
7,0.972015
7,0.972015
7,0.800155
7,0.669090
-1,0.000000
-1,0.000000
-1,0.000000
-1,0.000000
-1,0.000000
-1,0.000000
-1,0.000000
-1,0.000000
-1,0.000000
20,0.267196
20,0.339705
20,0.211710
20,0.340573
20,0.404901
20,0.377061
20,0.410705
20,0.436345
20,0.466418
20,0.414855
20,0.454089
20,0.447581
20,0.473798
20,0.400022
20,0.507939
20,0.514739
20,0.489151
20,0.523863
20,0.502713
20,0.523863
20,0.519969
20,0.472420
20,0.418069
20,0.551742
20,0.612385
20,0.389990
20,0.469542
20,0.509076
20,0.389438
20,0.417831
20,0.485723
20,0.352193
20,0.295519
20,0.409400
20,0.439326
20,0.488413
20,0.473991
20,0.410705
20,0.563558
20,0.676934
20,0.565515
20,0.676388
20,0.441847
20,0.441646
20,0.525443
20,0.408887
-1,0.000000
-1,0.000000
-1,0.000000
-1,0.000000
-1,0.000000
-1,0.000000
-1,0.000000
-1,0.000000
0,1.000000
23,0.286885
10,1.000000
10,1.000000
10,1.000000
7,0.972015
20,0.671048
20,0.543564
1,0.944413
1,0.955240
-1,0.000000
7,1.000000
7,1.000000
7,1.000000
7,1.000000
7,1.000000
-1,0.000000
-1,0.000000
22,1.000000
22,1.000000
22,1.000000
22,1.000000
22,1.000000
22,1.000000
22,1.000000
22,1.000000
22,0.954797
22,0.905865
25,0.712946
-1,0.000000
-1,0.000000
-1,0.000000
-1,0.000000
-1,0.000000
-1,0.000000
-1,0.000000
22,1.000000
-1,0.000000
-1,0.000000
-1,0.000000
-1,0.000000
-1,0.000000
-1,0.000000
-1,0.000000
-1,0.000000
-1,0.000000
2,0.926909
-1,0.000000
-1,0.000000
23,0.747839
23,0.495245
23,0.466391
23,0.581297
23,0.768228
23,0.796497
23,0.792095
-1,0.000000
-1,0.000000
2,0.570380
-1,0.000000
-1,0.000000
2,0.797533
2,0.835473
2,0.797508
2,0.830873
2,0.814264
2,0.933498
2,1.000000
2,1.000000
2,0.938256
2,0.952310
-1,0.000000
-1,0.000000
9,0.364868
23,0.847488
4,0.918362
4,1.000000
4,1.000000
4,1.000000
4,1.000000
4,0.989368
-1,0.000000
-1,0.000000
-1,0.000000
-1,0.000000
20,0.213487
-1,0.000000
-1,0.000000
23,0.578363
23,0.897705
23,0.784428
23,0.438501
-1,0.000000
20,0.338487
20,0.330603
20,0.445947
20,0.615678
20,0.526656
20,0.480043
20,0.529248
20,0.509739
20,0.865181
20,0.573199
20,0.612183
20,0.945555
20,0.754749
20,0.712639
20,0.695764
20,1.000000
20,0.901832
20,0.690089
20,0.810115
20,0.767275
20,0.744387
20,0.688250
20,0.793015
20,0.920329
20,0.776394
20,0.707901
20,0.650726
20,0.704913
20,0.345692
20,0.298965
20,0.371752
20,0.339519
20,0.315201
20,0.286537
20,0.398255
20,0.319683
20,0.336799
20,0.215136
20,0.339981
20,0.389529
20,0.531689
20,0.490812
20,0.555920
20,0.570009
20,0.603242
20,0.370084
20,0.546080
20,0.698296
20,0.600811
20,0.791546
20,0.674475
20,0.520181
20,0.837804
20,0.664178
20,0.635407
20,0.672385
20,0.534612
20,0.851252
20,0.503281
20,0.836662
20,0.698783
20,0.697373
22,0.683338
-1,0.000000
-1,0.000000
-1,0.000000
9,0.311331
-1,0.000000
12,0.599336
-1,0.000000
-1,0.000000
22,0.683338
22,0.683338
-1,0.000000
22,0.733683
-1,0.000000
-1,0.000000
-1,0.000000
22,0.683338
22,0.683901
-1,0.000000
22,0.719074
22,0.690829
-1,0.000000
9,0.431386
9,1.000000
9,0.974460
9,0.735628
9,0.689626
9,0.948603
9,1.000000
9,0.912659
9,1.000000
9,0.963283
9,1.000000
9,1.000000
9,1.000000
14,1.000000
-1,0.000000
-1,0.000000
-1,0.000000
-1,0.000000
-1,0.000000
-1,0.000000
-1,0.000000
2,0.701292
20,0.266129
20,0.268933
20,0.329697
10,1.000000
-1,0.000000
-1,0.000000
-1,0.000000
-1,0.000000
-1,0.000000
-1,0.000000
-1,0.000000
-1,0.000000
-1,0.000000
-1,0.000000
-1,0.000000
-1,0.000000
-1,0.000000
-1,0.000000
20,0.385565
-1,0.000000
25,0.896226
23,0.441579
23,0.383505
23,0.478992
23,0.694677
23,0.706615
23,0.742983
23,0.706365
23,0.706615
23,0.706615
23,0.706615
23,0.706615
23,0.706615
23,0.706615
23,0.706615
-1,0.000000
-1,0.000000
-1,0.000000
-1,0.000000
-1,0.000000
-1,0.000000
-1,0.000000
-1,0.000000
-1,0.000000
-1,0.000000
-1,0.000000
-1,0.000000
-1,0.000000
-1,0.000000
-1,0.000000
-1,0.000000
-1,0.000000
-1,0.000000
-1,0.000000
20,0.263074
2,0.784211
2,0.757453
2,0.728422
23,0.382010
20,0.267542
10,0.756200
10,0.741663
3,0.910991
3,1.000000
3,0.927671
11,0.704679
11,0.412681
11,0.373843
-1,0.000000
-1,0.000000
-1,0.000000
5,0.863772
5,0.804341
5,0.772081
11,0.659772
11,0.828033
5,0.931174
-1,0.000000
11,0.845914
11,0.680851
11,0.379200
-1,0.000000
-1,0.000000
-1,0.000000
-1,0.000000
-1,0.000000
-1,0.000000
-1,0.000000
-1,0.000000
-1,0.000000
-1,0.000000
-1,0.000000
-1,0.000000
-1,0.000000
-1,0.000000
-1,0.000000
-1,0.000000
-1,0.000000
-1,0.000000
-1,0.000000
-1,0.000000
-1,0.000000
-1,0.000000
-1,0.000000
-1,0.000000
-1,0.000000
-1,0.000000
3,0.893351
-1,0.000000
8,0.573261
8,0.721312
-1,0.000000
21,1.000000
10,0.966169
21,1.000000
-1,0.000000
21,0.909186
21,1.000000
21,1.000000
-1,0.000000
-1,0.000000
-1,0.000000
25,0.966459
25,1.000000
25,0.905078
25,0.679362
25,0.807840
25,0.878187
-1,0.000000
-1,0.000000
-1,0.000000
-1,0.000000
-1,0.000000
-1,0.000000
-1,0.000000
-1,0.000000
2,0.670178
2,0.657091
1,0.894706
16,0.806931
8,0.702761
-1,0.000000
-1,0.000000
-1,0.000000
-1,0.000000
15,0.837941
15,1.000000
15,1.000000
8,0.686908
10,0.858851
16,0.806931
16,0.806931
-1,0.000000
-1,0.000000
-1,0.000000
-1,0.000000
-1,0.000000
17,0.768488
-1,0.000000
-1,0.000000
-1,0.000000
-1,0.000000
16,0.806931
-1,0.000000
-1,0.000000
-1,0.000000
-1,0.000000
-1,0.000000
-1,0.000000
-1,0.000000
-1,0.000000
-1,0.000000
-1,0.000000
-1,0.000000
-1,0.000000
-1,0.000000
1,1.000000
1,1.000000
-1,0.000000
0,1.000000
0,0.917239
0,0.828871
-1,0.000000
0,0.807620
8,0.709350
15,0.993359
15,0.897550
-1,0.000000
-1,0.000000
-1,0.000000
-1,0.000000
-1,0.000000
-1,0.000000
24,0.366402
-1,0.000000
-1,0.000000
-1,0.000000
-1,0.000000
-1,0.000000
-1,0.000000
20,0.411107
20,0.408908
20,0.227296
20,0.523863
-1,0.000000
24,0.479690
24,0.516528
24,0.792526
24,0.917057
24,0.828256
24,0.929511
24,0.805393
24,0.773414
24,0.883259
24,0.867341
24,0.936042
20,0.254280
5,0.868358
5,0.868358
-1,0.000000
-1,0.000000
7,0.747386
5,0.868358
7,0.687449
-1,0.000000
-1,0.000000
-1,0.000000
5,1.000000
5,1.000000
-1,0.000000
5,1.000000
-1,0.000000
20,0.205851
-1,0.000000
11,0.536452
11,0.508939
11,0.523971
20,0.239104
20,0.233912
11,0.505030
11,0.700554
11,0.769309
11,1.000000
5,1.000000
11,0.451245
11,1.000000
11,1.000000
11,1.000000
11,1.000000
11,1.000000
11,0.870952
11,1.000000
11,1.000000
11,0.870457
20,0.235601
11,0.965670
11,0.619904
12,0.380951
12,0.385233
12,0.962961
20,0.201822
-1,0.000000
12,0.894803
-1,0.000000
7,0.710179
7,0.777292
-1,0.000000
19,0.926609
19,0.889539
-1,0.000000
-1,0.000000
-1,0.000000
-1,0.000000
20,0.213487
-1,0.000000
20,0.213487
-1,0.000000
20,0.236247
20,0.236709
20,0.201174
-1,0.000000
20,0.303080
20,0.327921
20,0.299489
20,0.408011
20,0.523863
20,0.499893
20,0.523863
-1,0.000000
-1,0.000000
-1,0.000000
-1,0.000000
-1,0.000000
-1,0.000000
-1,0.000000
7,0.877923
7,0.684706
12,0.551558
12,0.581943
-1,0.000000
5,0.853846
-1,0.000000
20,0.439321
20,0.478166
-1,0.000000
-1,0.000000
-1,0.000000
11,0.619968
-1,0.000000
5,1.000000
5,1.000000
-1,0.000000
11,0.928229
5,1.000000
11,0.385380
11,0.494394
11,0.666853
3,0.951610
3,0.970423
3,1.000000
3,0.979375
3,1.000000
3,1.000000
-1,0.000000
5,0.795357
5,1.000000
5,1.000000
5,1.000000
5,1.000000
5,1.000000
5,1.000000
5,1.000000
11,0.524870
-1,0.000000
-1,0.000000
-1,0.000000
20,0.199746
20,0.222271
-1,0.000000
-1,0.000000
20,0.210772
20,0.207448
20,0.199099
20,0.218520
20,0.202356
20,0.199782
20,0.198012
-1,0.000000
20,0.201755
-1,0.000000
20,0.206880
20,0.206914
20,0.197875
-1,0.000000
-1,0.000000
-1,0.000000
-1,0.000000
-1,0.000000
-1,0.000000
-1,0.000000
-1,0.000000
-1,0.000000
-1,0.000000
-1,0.000000
-1,0.000000
24,0.354746
24,0.575698
24,0.453043
-1,0.000000
-1,0.000000
-1,0.000000
-1,0.000000
-1,0.000000
20,0.214580
20,0.212796
-1,0.000000
-1,0.000000
-1,0.000000
-1,0.000000
24,0.525601
5,1.000000
-1,0.000000
-1,0.000000
-1,0.000000
-1,0.000000
-1,0.000000
20,0.315201
20,0.252660
20,0.474586
20,0.348727
20,0.372084
20,0.627112
20,0.628413
20,0.691269
20,0.558750
20,0.728747
20,0.565867
20,0.568504
20,0.537345
20,0.573226
20,0.960254
20,0.682852
20,0.853100
20,0.795936
20,0.831027
20,0.709579
20,0.814881
20,0.683112
20,0.683409
20,0.797670
20,0.785358
20,1.000000
20,1.000000
20,1.000000
20,0.948778
20,1.000000
20,0.789348
20,0.927599
20,0.921381
20,0.916032
20,0.966849
20,0.645708
20,0.703170
20,0.649270
20,0.626884
20,0.690071
20,0.548891
20,0.558436
20,0.573121
20,0.269196
20,0.326094
20,0.399574
20,0.379324
20,0.505017
20,0.639358
20,0.818024
20,0.769248
20,0.754629
20,0.875015
20,1.000000
20,1.000000
20,1.000000
20,1.000000
20,0.962605
20,0.833831
20,1.000000
20,0.736469
20,0.687611
20,0.859457
20,1.000000
20,1.000000
20,1.000000
20,0.935403
20,0.628171
20,0.608089
20,0.999120
20,0.804898
20,0.919841
20,0.875611
20,0.828049
20,0.549911
20,0.800485
20,0.605806
20,0.573648
20,0.530735
20,0.798302
20,0.614299
20,0.683764
20,0.594497
-1,0.000000
-1,0.000000
-1,0.000000
-1,0.000000
-1,0.000000
-1,0.000000
2,0.883950
2,0.939379
2,1.000000
10,0.847703
2,0.721229
-1,0.000000
-1,0.000000
-1,0.000000
-1,0.000000
-1,0.000000
25,0.925137
25,0.689999
25,0.865141
25,0.894010
25,0.882957
25,0.838858
25,1.000000
-1,0.000000
-1,0.000000
-1,0.000000
-1,0.000000
-1,0.000000
-1,0.000000
25,0.944873
25,0.707313
25,0.769715
18,1.000000
18,1.000000
18,1.000000
23,0.282442
23,0.356043
23,0.309839
23,0.275204
16,1.000000
16,1.000000
16,1.000000
-1,0.000000
-1,0.000000
15,0.806561
15,0.648716
2,1.000000
2,1.000000
2,1.000000
2,1.000000
-1,0.000000
10,1.000000
10,1.000000
10,0.905352
10,0.948061
-1,0.000000
-1,0.000000
-1,0.000000
25,0.700789
-1,0.000000
-1,0.000000
-1,0.000000
-1,0.000000
-1,0.000000
-1,0.000000
2,1.000000
2,0.956444
-1,0.000000
-1,0.000000
2,1.000000
-1,0.000000
-1,0.000000
-1,0.000000
-1,0.000000
-1,0.000000
-1,0.000000
-1,0.000000
-1,0.000000
25,0.881534
25,1.000000
25,1.000000
25,0.796722
25,1.000000
25,0.859851
25,1.000000
25,1.000000
25,1.000000
25,1.000000
25,1.000000
2,1.000000
2,1.000000
2,1.000000
-1,0.000000
-1,0.000000
-1,0.000000
-1,0.000000
-1,0.000000
-1,0.000000
-1,0.000000
-1,0.000000
-1,0.000000
-1,0.000000
-1,0.000000
4,0.930700
-1,0.000000
-1,0.000000
-1,0.000000
-1,0.000000
-1,0.000000
-1,0.000000
-1,0.000000
4,1.000000
-1,0.000000
4,1.000000
6,1.000000
-1,0.000000
4,1.000000
-1,0.000000
-1,0.000000
-1,0.000000
-1,0.000000
2,1.000000
10,0.814334
10,1.000000
10,1.000000
10,1.000000
10,0.763474
-1,0.000000
-1,0.000000
-1,0.000000
-1,0.000000
-1,0.000000
-1,0.000000
0,1.000000
-1,0.000000
2,0.579060
2,0.862856
2,0.815348
-1,0.000000
-1,0.000000
-1,0.000000
-1,0.000000
12,0.381346
-1,0.000000
-1,0.000000
-1,0.000000
-1,0.000000
-1,0.000000
-1,0.000000
-1,0.000000
-1,0.000000
-1,0.000000
-1,0.000000
-1,0.000000
-1,0.000000
-1,0.000000
0,1.000000
23,0.706615
23,0.706615
23,0.403193
-1,0.000000
-1,0.000000
21,0.704804
21,0.552543
-1,0.000000
-1,0.000000
-1,0.000000
-1,0.000000
-1,0.000000
-1,0.000000
22,0.683338
-1,0.000000
21,0.500577
21,0.754196
21,0.804524
21,0.884592
-1,0.000000
-1,0.000000
-1,0.000000
-1,0.000000
-1,0.000000
-1,0.000000
-1,0.000000
6,0.956297
23,0.671731
23,0.261363
-1,0.000000
-1,0.000000
-1,0.000000
-1,0.000000
-1,0.000000
23,0.706615
-1,0.000000
-1,0.000000
-1,0.000000
-1,0.000000
-1,0.000000
-1,0.000000
25,0.669187
25,0.654836
-1,0.000000
25,0.889543
-1,0.000000
-1,0.000000
25,1.000000
-1,0.000000
-1,0.000000
-1,0.000000
-1,0.000000
20,0.631942
20,0.458887
20,0.536785
20,0.359442
20,0.303904
20,0.385191
20,0.214828
20,0.211501
-1,0.000000
-1,0.000000
-1,0.000000
-1,0.000000
20,0.489794
-1,0.000000
-1,0.000000
24,0.615555
24,0.700862
24,0.775842
-1,0.000000
24,0.679532
24,0.716932
24,0.752668
24,0.861611
24,0.869358
24,0.762086
24,0.846708
24,0.801699
-1,0.000000
-1,0.000000
17,0.811936
17,0.865624
17,0.961787
-1,0.000000
-1,0.000000
-1,0.000000
-1,0.000000
20,0.527064
-1,0.000000
-1,0.000000
5,0.902171
7,0.900765
-1,0.000000
-1,0.000000
-1,0.000000
-1,0.000000
9,0.524199
9,0.666018
9,0.704859
9,0.510121
9,0.820406
9,1.000000
9,0.743009
9,0.775956
9,0.718923
9,0.781285
9,0.392170
14,1.000000
14,1.000000
14,1.000000
14,1.000000
-1,0.000000
-1,0.000000
20,0.307840
20,0.379543
20,0.335395
20,0.454836
20,0.523013
-1,0.000000
-1,0.000000
-1,0.000000
-1,0.000000
-1,0.000000
-1,0.000000
24,0.337612
-1,0.000000
-1,0.000000
-1,0.000000
24,0.337612
-1,0.000000
-1,0.000000
-1,0.000000
24,0.442128
24,0.518523
24,0.420533
24,0.376048
24,0.405198
24,0.429194
24,0.403692
24,0.451637
24,0.521757
24,0.550919
-1,0.000000
-1,0.000000
25,1.000000
25,1.000000
25,0.950392
-1,0.000000
-1,0.000000
23,0.400326
23,0.396522
-1,0.000000
-1,0.000000
-1,0.000000
-1,0.000000
23,0.301439
3,0.874106
-1,0.000000
-1,0.000000
-1,0.000000
-1,0.000000
3,0.939039
8,0.517752
-1,0.000000
-1,0.000000
3,0.969518
-1,0.000000
8,0.567861
8,0.955804
8,0.618363
8,1.000000
8,1.000000
8,1.000000
8,1.000000
-1,0.000000
-1,0.000000
-1,0.000000
-1,0.000000
-1,0.000000
5,1.000000
-1,0.000000
-1,0.000000
-1,0.000000
-1,0.000000
12,0.468900
25,1.000000
-1,0.000000
-1,0.000000
-1,0.000000
12,0.688130
12,0.647890
12,0.831162
12,0.748822
-1,0.000000
-1,0.000000
20,0.206915
20,0.234841
-1,0.000000
-1,0.000000
-1,0.000000
24,0.556317
24,0.378953
24,0.442888
-1,0.000000
17,1.000000
12,0.437861
5,0.868358
-1,0.000000
-1,0.000000
11,0.344580
11,0.399343
11,0.538928
23,0.761670
23,0.923053
23,1.000000
23,0.553576
23,0.544043
23,1.000000
23,1.000000
23,1.000000
23,0.888027
11,0.572694
4,1.000000
11,0.544970
11,0.623436
-1,0.000000
-1,0.000000
-1,0.000000
-1,0.000000
-1,0.000000
-1,0.000000
17,1.000000
15,1.000000
15,1.000000
15,1.000000
15,1.000000
11,0.435125
-1,0.000000
15,1.000000
12,0.461888
-1,0.000000
-1,0.000000
-1,0.000000
-1,0.000000
12,0.460804
-1,0.000000
1,0.852300
-1,0.000000
1,1.000000
-1,0.000000
-1,0.000000
20,0.243957
20,0.312764
20,0.323932
20,0.268785
20,0.266872
12,0.755002
12,0.476917
-1,0.000000
-1,0.000000
12,0.396424
12,0.547207
7,0.577378
7,0.972015
7,0.910113
20,0.356380
20,0.341900
20,0.328941
20,0.337598
8,0.526230
-1,0.000000
-1,0.000000
8,0.566534
17,0.776011
17,0.791844
17,0.848849
23,1.000000
23,1.000000
23,1.000000
-1,0.000000
12,0.401302
12,1.000000
12,0.952743
12,0.957803
12,0.749534
12,0.944747
-1,0.000000
-1,0.000000
7,0.873556
-1,0.000000
-1,0.000000
7,0.827901
-1,0.000000
19,1.000000
19,1.000000
19,0.914958
19,1.000000
19,0.926592
19,0.957759
19,1.000000
19,0.927022
19,0.993176
-1,0.000000
-1,0.000000
20,0.235005
20,0.240893
-1,0.000000
20,0.225846
20,0.233637
-1,0.000000
-1,0.000000
21,1.000000
21,1.000000
21,0.973562
21,1.000000
21,0.707702
-1,0.000000
-1,0.000000
-1,0.000000
-1,0.000000
-1,0.000000
-1,0.000000
24,0.850773
24,1.000000
24,1.000000
24,1.000000
24,1.000000
24,0.919711
24,0.969149
24,0.912839
24,0.874647
24,0.731133
24,0.671336
24,0.714585
24,0.666654
24,1.000000
24,0.943969
-1,0.000000
-1,0.000000
18,0.840330
-1,0.000000
-1,0.000000
-1,0.000000
-1,0.000000
-1,0.000000
-1,0.000000
-1,0.000000
-1,0.000000
23,0.367917
23,0.314749
23,0.327280
23,0.451975
23,0.441051
23,0.412943
23,0.362901
23,1.000000
23,0.495381
23,1.000000
23,1.000000
23,1.000000
23,1.000000
23,1.000000
23,1.000000
23,1.000000
23,1.000000
23,1.000000
23,1.000000
23,1.000000
23,0.519457
23,0.595271
23,0.706615
23,0.997267
23,0.871251
23,1.000000
23,0.621077
23,0.534461
23,0.691784
23,0.706615
23,0.685072
23,0.681602
23,0.851774
23,0.620387
-1,0.000000
-1,0.000000
4,1.000000
4,1.000000
4,1.000000
4,1.000000
-1,0.000000
-1,0.000000
-1,0.000000
-1,0.000000
-1,0.000000
21,0.551034
-1,0.000000
-1,0.000000
-1,0.000000
-1,0.000000
-1,0.000000
-1,0.000000
24,0.342233
24,0.353874
24,0.356795
-1,0.000000
25,0.731527
25,0.747889
25,0.816730
25,1.000000
25,1.000000
25,1.000000
25,0.962386
-1,0.000000
-1,0.000000
-1,0.000000
-1,0.000000
-1,0.000000
25,0.888184
-1,0.000000
-1,0.000000
-1,0.000000
25,1.000000
25,0.834669
-1,0.000000
13,1.000000
13,0.971987
-1,0.000000
-1,0.000000
-1,0.000000
-1,0.000000
8,1.000000
-1,0.000000
10,0.892692
-1,0.000000
21,0.497662
25,0.739533
-1,0.000000
-1,0.000000
-1,0.000000
-1,0.000000
-1,0.000000
-1,0.000000
-1,0.000000
23,0.311506
4,1.000000
4,1.000000
23,0.247565
16,0.806931
-1,0.000000
16,0.806931
-1,0.000000
16,0.806931
-1,0.000000
23,0.248286
6,1.000000
6,1.000000
-1,0.000000
8,1.000000
-1,0.000000
-1,0.000000
-1,0.000000
-1,0.000000
-1,0.000000
6,1.000000
6,1.000000
6,1.000000
-1,0.000000
-1,0.000000
-1,0.000000
-1,0.000000
-1,0.000000
6,1.000000
6,1.000000
6,1.000000
24,0.438136
-1,0.000000
-1,0.000000
-1,0.000000
-1,0.000000
-1,0.000000
-1,0.000000
-1,0.000000
0,0.956861
-1,0.000000
-1,0.000000
-1,0.000000
-1,0.000000
-1,0.000000
-1,0.000000
-1,0.000000
-1,0.000000
-1,0.000000
-1,0.000000
-1,0.000000
6,1.000000
-1,0.000000
-1,0.000000
-1,0.000000
-1,0.000000
6,1.000000
6,0.978929
6,1.000000
6,1.000000
6,0.998827
-1,0.000000
-1,0.000000
-1,0.000000
6,1.000000
6,0.993840
-1,0.000000
-1,0.000000
-1,0.000000
-1,0.000000
-1,0.000000
-1,0.000000
-1,0.000000
-1,0.000000
-1,0.000000
-1,0.000000
-1,0.000000
-1,0.000000
-1,0.000000
-1,0.000000
-1,0.000000
-1,0.000000
-1,0.000000
-1,0.000000
-1,0.000000
-1,0.000000
-1,0.000000
-1,0.000000
-1,0.000000
2,0.939515
-1,0.000000
-1,0.000000
15,0.772295
14,0.871337
9,0.304664
-1,0.000000
-1,0.000000
4,1.000000
4,1.000000
4,1.000000
4,0.927542
4,1.000000
-1,0.000000
-1,0.000000
-1,0.000000
23,0.737633
23,0.348080
-1,0.000000
23,0.493501
23,0.326965
-1,0.000000
-1,0.000000
-1,0.000000
2,0.728422
2,0.797482
-1,0.000000
-1,0.000000
2,0.966907
-1,0.000000
-1,0.000000
-1,0.000000
-1,0.000000
20,0.537501
20,0.508684
20,0.580716
20,0.295177
20,0.294952
-1,0.000000
-1,0.000000
-1,0.000000
-1,0.000000
-1,0.000000
-1,0.000000
-1,0.000000
-1,0.000000
-1,0.000000
7,0.743673
7,0.941749
7,0.820937
7,1.000000
7,0.590495
-1,0.000000
-1,0.000000
-1,0.000000
-1,0.000000
-1,0.000000
20,0.336675
20,0.494897
20,0.523863
20,0.523863
20,0.401507
20,0.385823
20,0.406636
20,0.408863
20,0.392384
20,0.410631
20,0.414756
20,0.410705
20,0.366458
20,0.331911
20,0.244357
20,0.221625
20,0.509614
20,0.451403
20,0.495366
20,0.564632
20,0.498790
-1,0.000000
20,0.477645
20,0.423731
20,0.367600
20,0.303242
20,0.255245
20,0.281132
-1,0.000000
-1,0.000000
-1,0.000000
-1,0.000000
-1,0.000000
-1,0.000000
5,0.831660
12,0.413097
-1,0.000000
-1,0.000000
-1,0.000000
-1,0.000000
-1,0.000000
-1,0.000000
-1,0.000000
-1,0.000000
-1,0.000000
-1,0.000000
-1,0.000000
23,0.246732
23,0.247679
23,0.276951
23,0.257653
23,0.251458
-1,0.000000
23,0.256688
-1,0.000000
-1,0.000000
-1,0.000000
0,0.804690
-1,0.000000
-1,0.000000
-1,0.000000
-1,0.000000
-1,0.000000
12,0.381346
-1,0.000000
-1,0.000000
-1,0.000000
-1,0.000000
-1,0.000000
-1,0.000000
-1,0.000000
-1,0.000000
-1,0.000000
24,0.337612
24,0.337612
24,0.337612
-1,0.000000
24,0.337612
-1,0.000000
24,0.508330
24,0.606931
24,0.594004
24,0.493859
24,0.627675
24,0.412345
24,0.499415
0,1.000000
0,1.000000
0,1.000000
0,1.000000
-1,0.000000
-1,0.000000
-1,0.000000
7,0.573331
-1,0.000000
-1,0.000000
-1,0.000000
-1,0.000000
-1,0.000000
-1,0.000000
-1,0.000000
-1,0.000000
-1,0.000000
-1,0.000000
-1,0.000000
-1,0.000000
-1,0.000000
-1,0.000000
-1,0.000000
-1,0.000000
-1,0.000000
-1,0.000000
0,1.000000
24,0.337612
-1,0.000000
-1,0.000000
-1,0.000000
-1,0.000000
-1,0.000000
-1,0.000000
-1,0.000000
-1,0.000000
-1,0.000000
12,0.381346
19,1.000000
19,1.000000
19,1.000000
19,0.984714
19,0.942012
7,0.798668
-1,0.000000
7,0.812737
-1,0.000000
6,1.000000
6,0.964651
-1,0.000000
20,0.216882
24,0.710966
7,0.747010
20,0.318634
20,0.329189
20,0.317253
20,0.294800
20,0.243960
-1,0.000000
-1,0.000000
-1,0.000000
-1,0.000000
-1,0.000000
-1,0.000000
-1,0.000000
-1,0.000000
-1,0.000000
-1,0.000000
-1,0.000000
-1,0.000000
24,0.336547
24,0.337612
24,0.337612
-1,0.000000
-1,0.000000
-1,0.000000
24,1.000000
24,1.000000
24,1.000000
24,0.964717
24,1.000000
24,0.843988
24,1.000000
24,0.945222
24,0.718558
-1,0.000000
-1,0.000000
-1,0.000000
13,1.000000
13,1.000000
-1,0.000000
-1,0.000000
-1,0.000000
-1,0.000000
-1,0.000000
20,0.251422
19,1.000000
19,0.944381
-1,0.000000
-1,0.000000
-1,0.000000
-1,0.000000
-1,0.000000
7,0.680075
7,0.671177
7,0.847313
20,0.214001
20,0.214299
20,0.257899
-1,0.000000
-1,0.000000
-1,0.000000
24,0.962738
24,0.733361
24,1.000000
24,0.940332
2,0.736646
-1,0.000000
-1,0.000000
-1,0.000000
20,0.499817
20,0.516209
20,0.514739
20,0.516462
20,0.523863
20,0.523863
20,0.359806
20,0.335038
20,0.203638
-1,0.000000
-1,0.000000
-1,0.000000
-1,0.000000
-1,0.000000
20,0.310895
20,0.245226
20,0.336642
20,0.330121
18,1.000000
18,1.000000
18,1.000000
18,1.000000
-1,0.000000
-1,0.000000
-1,0.000000
-1,0.000000
-1,0.000000
-1,0.000000
-1,0.000000
-1,0.000000
-1,0.000000
-1,0.000000
-1,0.000000
-1,0.000000
-1,0.000000
-1,0.000000
-1,0.000000
24,0.710747
24,0.623931
24,0.878327
24,0.901505
24,0.895078
24,0.980837
24,0.900677
24,0.962402
24,0.961373
24,0.871526
24,0.837792
-1,0.000000
-1,0.000000
-1,0.000000
-1,0.000000
24,0.795659
-1,0.000000
20,0.274467
20,0.334262
-1,0.000000
7,1.000000
20,0.390611
20,0.415979
7,0.574209
-1,0.000000
-1,0.000000
5,0.868358
5,1.000000
20,0.523863
20,0.523863
20,0.523863
20,0.484792
11,0.893882
11,1.000000
11,1.000000
11,1.000000
12,0.414728
12,0.387117
12,0.395804
20,0.436180
20,0.412668
-1,0.000000
-1,0.000000
-1,0.000000
-1,0.000000
-1,0.000000
-1,0.000000
20,0.482448
20,0.338075
20,0.340665
20,0.297705
20,0.330167
-1,0.000000
-1,0.000000
-1,0.000000
-1,0.000000
20,0.338442
20,0.326710
20,0.393804
20,0.388951
20,0.422563
-1,0.000000
0,0.876130
17,0.991308
17,1.000000
-1,0.000000
7,1.000000
-1,0.000000
19,1.000000
-1,0.000000
-1,0.000000
-1,0.000000
-1,0.000000
7,0.737431
-1,0.000000
20,0.235037
20,0.267896
-1,0.000000
-1,0.000000
-1,0.000000
20,0.267073
-1,0.000000
-1,0.000000
-1,0.000000
-1,0.000000
17,1.000000
17,1.000000
9,1.000000
9,0.738241
9,1.000000
9,1.000000
9,0.521310
9,0.363174
9,0.366825
9,0.903746
9,1.000000
9,1.000000
9,1.000000
9,1.000000
9,1.000000
9,1.000000
9,1.000000
9,1.000000
9,1.000000
9,1.000000
9,0.914977
9,0.850865
17,0.819098
-1,0.000000
9,0.519978
14,1.000000
14,0.932176
14,0.975696
-1,0.000000
20,0.202356
20,0.219544
-1,0.000000
-1,0.000000
5,1.000000
11,0.377763
11,0.389167
11,0.382954
11,0.920296
11,1.000000
11,1.000000
11,0.827508
11,1.000000
12,0.702138
-1,0.000000
12,0.390312
7,0.673031
-1,0.000000
-1,0.000000
-1,0.000000
13,1.000000
-1,0.000000
-1,0.000000
-1,0.000000
-1,0.000000
-1,0.000000
-1,0.000000
7,0.984274
21,0.804882
21,0.600591
21,0.588255
21,0.692012
-1,0.000000
-1,0.000000
-1,0.000000
-1,0.000000
20,0.242933
20,0.213512
20,0.269043
-1,0.000000
3,1.000000
-1,0.000000
3,1.000000
7,1.000000
7,0.895467
7,0.945372
7,0.880019
7,0.773865
3,1.000000
3,1.000000
7,1.000000
7,1.000000
3,1.000000
3,1.000000
3,0.994790
-1,0.000000
-1,0.000000
-1,0.000000
-1,0.000000
-1,0.000000
-1,0.000000
-1,0.000000
-1,0.000000
-1,0.000000
-1,0.000000
-1,0.000000
-1,0.000000
7,1.000000
7,1.000000
7,1.000000
7,1.000000
7,1.000000
7,0.620365
7,0.640711
-1,0.000000
-1,0.000000
-1,0.000000
-1,0.000000
13,1.000000
13,1.000000
-1,0.000000
-1,0.000000
-1,0.000000
-1,0.000000
13,1.000000
-1,0.000000
-1,0.000000
7,1.000000
7,1.000000
-1,0.000000
-1,0.000000
-1,0.000000
-1,0.000000
-1,0.000000
-1,0.000000
-1,0.000000
-1,0.000000
-1,0.000000
-1,0.000000
7,1.000000
7,1.000000
7,1.000000
7,1.000000
7,1.000000
7,1.000000
7,1.000000
7,1.000000
3,0.868733
-1,0.000000
-1,0.000000
-1,0.000000
-1,0.000000
-1,0.000000
-1,0.000000
-1,0.000000
7,1.000000
7,1.000000
7,1.000000
7,1.000000
7,0.852287
7,0.857935
-1,0.000000
-1,0.000000
0,0.879616
-1,0.000000
-1,0.000000
-1,0.000000
-1,0.000000
-1,0.000000
-1,0.000000
-1,0.000000
-1,0.000000
-1,0.000000
7,1.000000
7,1.000000
7,1.000000
-1,0.000000
22,1.000000
22,1.000000
-1,0.000000
-1,0.000000
-1,0.000000
-1,0.000000
-1,0.000000
-1,0.000000
-1,0.000000
-1,0.000000
-1,0.000000
7,1.000000
7,1.000000
7,1.000000
7,1.000000
7,1.000000
7,1.000000
7,1.000000
7,1.000000
7,1.000000
22,0.891689
22,0.923430
-1,0.000000
-1,0.000000
-1,0.000000
-1,0.000000
-1,0.000000
0,0.874007
-1,0.000000
-1,0.000000
-1,0.000000
14,1.000000
14,0.946980
14,1.000000
-1,0.000000
-1,0.000000
-1,0.000000
-1,0.000000
-1,0.000000
-1,0.000000
-1,0.000000
-1,0.000000
-1,0.000000
-1,0.000000
-1,0.000000
-1,0.000000
-1,0.000000
-1,0.000000
-1,0.000000
-1,0.000000
-1,0.000000
-1,0.000000
-1,0.000000
-1,0.000000
-1,0.000000
2,0.608836
-1,0.000000
-1,0.000000
-1,0.000000
-1,0.000000
-1,0.000000
-1,0.000000
-1,0.000000
-1,0.000000
-1,0.000000
-1,0.000000
-1,0.000000
-1,0.000000
2,0.756595
-1,0.000000
-1,0.000000
-1,0.000000
-1,0.000000
-1,0.000000
-1,0.000000
1,0.937067
-1,0.000000
-1,0.000000
-1,0.000000
-1,0.000000
-1,0.000000
0,1.000000
-1,0.000000
-1,0.000000
-1,0.000000
-1,0.000000
0,1.000000
0,1.000000
0,1.000000
0,0.850649
-1,0.000000
2,0.701497
2,0.821711
-1,0.000000
-1,0.000000
0,1.000000
0,0.872867
0,0.893525
0,0.894697
9,0.411436
9,0.387352
-1,0.000000
9,0.384567
-1,0.000000
14,1.000000
14,1.000000
14,1.000000
-1,0.000000
-1,0.000000
-1,0.000000
-1,0.000000
-1,0.000000
-1,0.000000
-1,0.000000
-1,0.000000
-1,0.000000
9,0.386036
-1,0.000000
-1,0.000000
-1,0.000000
8,0.829671
-1,0.000000
9,0.651872
9,0.483817
9,0.760743
-1,0.000000
-1,0.000000
8,0.917264
18,1.000000
-1,0.000000
-1,0.000000
14,1.000000
14,1.000000
14,1.000000
7,0.581189
7,0.583234
-1,0.000000
9,0.629668
-1,0.000000
8,0.547589
9,0.498739
-1,0.000000
-1,0.000000
-1,0.000000
8,0.790939
-1,0.000000
3,0.948809
3,0.908074
22,0.733683
22,0.722059
-1,0.000000
3,0.907607
-1,0.000000
-1,0.000000
2,1.000000
2,1.000000
2,1.000000
-1,0.000000
-1,0.000000
22,0.668325
22,0.683338
-1,0.000000
22,0.683338
22,0.725744
22,0.676410
22,0.680288
22,0.816008
-1,0.000000
2,0.664225
-1,0.000000
20,1.000000
20,0.993379
20,1.000000
20,0.774938
20,0.935403
20,1.000000
20,0.831959
20,0.874089
20,0.744299
20,0.792581
20,0.748543
20,0.869793
20,0.654665
20,0.246133
-1,0.000000
-1,0.000000
-1,0.000000
24,0.633199
24,0.665905
-1,0.000000
-1,0.000000
-1,0.000000
-1,0.000000
9,0.321269
20,0.221574
20,0.380609
20,0.350559
20,0.371361
-1,0.000000
-1,0.000000
-1,0.000000
-1,0.000000
-1,0.000000
-1,0.000000
-1,0.000000
16,1.000000
16,0.959889
16,1.000000
16,1.000000
16,1.000000
25,0.673954
-1,0.000000
20,1.000000
20,1.000000
20,0.739274
20,0.944197
20,0.920997
20,0.706041
20,0.592621
20,1.000000
20,0.867858
20,0.223427
20,0.306235
20,0.293373
20,0.341553
20,0.483099
20,0.475205
20,0.584052
20,0.667078
20,0.746993
20,0.571151
20,0.689416
20,0.540907
20,0.392216
20,0.468614
20,0.520386
20,0.520103
20,0.451190
20,0.545926
-1,0.000000
21,0.640522
-1,0.000000
-1,0.000000
-1,0.000000
-1,0.000000
-1,0.000000
-1,0.000000
-1,0.000000
-1,0.000000
-1,0.000000
24,0.372815
-1,0.000000
-1,0.000000
-1,0.000000
17,0.977668
24,0.717004
20,0.632465
20,0.921902
20,0.886359
20,0.528631
20,0.680369
-1,0.000000
-1,0.000000
-1,0.000000
-1,0.000000
23,0.366590
23,0.429168
23,0.360861
23,0.376548
23,0.384137
23,0.414179
23,0.338836
23,0.435153
23,0.420346
-1,0.000000
4,0.960195
-1,0.000000
23,0.341488
-1,0.000000
-1,0.000000
-1,0.000000
-1,0.000000
-1,0.000000
-1,0.000000
0,0.877425
-1,0.000000
-1,0.000000
-1,0.000000
-1,0.000000
-1,0.000000
-1,0.000000
-1,0.000000
8,0.687137
-1,0.000000
-1,0.000000
8,0.616431
8,0.761044
8,1.000000
8,0.720244
8,0.805282
-1,0.000000
-1,0.000000
-1,0.000000
-1,0.000000
-1,0.000000
-1,0.000000
-1,0.000000
21,0.541652
21,0.610808
21,0.847879
21,0.611705
-1,0.000000
21,0.679913
21,1.000000
21,1.000000
21,1.000000
21,1.000000
21,1.000000
21,1.000000
21,1.000000
-1,0.000000
24,0.417501
-1,0.000000
-1,0.000000
-1,0.000000
-1,0.000000
-1,0.000000
6,1.000000
-1,0.000000
-1,0.000000
-1,0.000000
24,0.464310
24,0.466709
-1,0.000000
-1,0.000000
25,1.000000
25,1.000000
25,1.000000
25,1.000000
25,1.000000
25,0.670027
25,1.000000
-1,0.000000
-1,0.000000
-1,0.000000
-1,0.000000
23,0.434946
23,0.398981
23,0.411535
23,0.490350
23,0.521909
23,0.672981
23,0.706615
23,0.706615
23,0.629835
23,0.487085
23,0.706615
23,0.660521
-1,0.000000
8,0.621442
-1,0.000000
24,0.427186
25,1.000000
-1,0.000000
-1,0.000000
-1,0.000000
-1,0.000000
20,0.303536
-1,0.000000
20,0.294368
-1,0.000000
-1,0.000000
-1,0.000000
-1,0.000000
-1,0.000000
-1,0.000000
-1,0.000000
-1,0.000000
-1,0.000000
-1,0.000000
-1,0.000000
-1,0.000000
-1,0.000000
-1,0.000000
9,0.412145
-1,0.000000
-1,0.000000
17,1.000000
17,1.000000
17,1.000000
17,1.000000
21,0.745734
21,0.945566
9,0.703425
9,0.898930
9,0.418020
-1,0.000000
-1,0.000000
-1,0.000000
-1,0.000000
21,0.791229
-1,0.000000
14,0.964606
21,0.887529
-1,0.000000
-1,0.000000
-1,0.000000
-1,0.000000
-1,0.000000
-1,0.000000
-1,0.000000
20,0.211943
-1,0.000000
20,0.200469
-1,0.000000
-1,0.000000
-1,0.000000
-1,0.000000
21,1.000000
-1,0.000000
-1,0.000000
-1,0.000000
13,0.955615
-1,0.000000
-1,0.000000
-1,0.000000
-1,0.000000
-1,0.000000
-1,0.000000
-1,0.000000
-1,0.000000
-1,0.000000
-1,0.000000
-1,0.000000
-1,0.000000
5,0.857633
11,0.578813
-1,0.000000
21,0.653458
12,0.437547
-1,0.000000
12,0.798392
12,0.659000
12,0.616745
12,0.669010
-1,0.000000
7,0.818056
7,1.000000
-1,0.000000
17,1.000000
-1,0.000000
-1,0.000000
15,1.000000
3,0.859703
3,0.875156
-1,0.000000
-1,0.000000
-1,0.000000
-1,0.000000
7,0.848858
-1,0.000000
14,0.892667
-1,0.000000
-1,0.000000
18,1.000000
-1,0.000000
15,0.596556
14,0.910287
9,0.345469
9,0.472985
7,0.679086
7,1.000000
-1,0.000000
-1,0.000000
-1,0.000000
-1,0.000000
-1,0.000000
-1,0.000000
-1,0.000000
-1,0.000000
-1,0.000000
-1,0.000000
-1,0.000000
23,0.401731
-1,0.000000
13,1.000000
-1,0.000000
-1,0.000000
-1,0.000000
-1,0.000000
-1,0.000000
22,1.000000
-1,0.000000
-1,0.000000
-1,0.000000
-1,0.000000
-1,0.000000
24,0.786840
24,0.656883
24,0.652050
24,0.740203
22,1.000000
22,0.794970
22,0.770214
-1,0.000000
-1,0.000000
-1,0.000000
-1,0.000000
18,0.909992
17,1.000000
13,1.000000
-1,0.000000
-1,0.000000
-1,0.000000
-1,0.000000
-1,0.000000
-1,0.000000
-1,0.000000
-1,0.000000
-1,0.000000
-1,0.000000
14,0.894231
24,0.686205
10,1.000000
10,0.821180
10,1.000000
10,1.000000
10,1.000000
20,0.261047
20,0.320778
20,0.275995
20,0.234881
20,0.229520
20,0.207484
20,0.237430
-1,0.000000
-1,0.000000
25,0.778352
25,1.000000
25,1.000000
23,0.299638
23,0.799448
23,0.493019
23,0.455712
-1,0.000000
23,0.749569
23,0.925982
23,0.841219
23,0.768264
23,0.706615
23,0.631127
23,0.706615
-1,0.000000
-1,0.000000
20,0.263045
25,0.874080
25,1.000000
25,0.875757
25,1.000000
25,0.830779
-1,0.000000
25,0.776101
-1,0.000000
22,0.679955
22,0.683338
-1,0.000000
-1,0.000000
22,0.932727
22,0.683338
22,1.000000
-1,0.000000
25,0.712946
25,0.654987
25,0.672077
25,0.670989
25,0.652585
-1,0.000000
22,1.000000
22,0.668154
25,0.674176
-1,0.000000
-1,0.000000
22,0.683338
22,0.733683
22,0.681228
22,0.906975
22,1.000000
-1,0.000000
-1,0.000000
-1,0.000000
-1,0.000000
-1,0.000000
-1,0.000000
-1,0.000000
-1,0.000000
-1,0.000000
-1,0.000000
-1,0.000000
-1,0.000000
-1,0.000000
-1,0.000000
-1,0.000000
-1,0.000000
-1,0.000000
-1,0.000000
22,0.872775
-1,0.000000
-1,0.000000
-1,0.000000
16,1.000000
16,1.000000
-1,0.000000
-1,0.000000
-1,0.000000
16,0.927628
16,1.000000
16,1.000000
-1,0.000000
-1,0.000000
-1,0.000000
-1,0.000000
-1,0.000000
-1,0.000000
-1,0.000000
-1,0.000000
-1,0.000000
-1,0.000000
8,0.809397
8,0.827254
8,0.831432
8,0.958451
8,0.568992
8,0.958450
8,1.000000
8,0.948770
8,1.000000
8,1.000000
8,0.956792
21,0.558798
-1,0.000000
21,0.586492
21,0.649248
21,0.611197
21,0.577213
-1,0.000000
-1,0.000000
-1,0.000000
-1,0.000000
25,0.634150
-1,0.000000
-1,0.000000
-1,0.000000
23,0.344219
23,0.352238
23,0.354011
23,0.287278
4,0.991344
-1,0.000000
0,0.971827
8,1.000000
20,0.608812
20,0.867480
20,0.780729
20,0.813606
-1,0.000000
-1,0.000000
-1,0.000000
-1,0.000000
-1,0.000000
20,0.269649
20,0.336659
-1,0.000000
-1,0.000000
-1,0.000000
21,0.543166
21,0.530799
-1,0.000000
21,0.632405
-1,0.000000
21,0.545817
21,0.500128
-1,0.000000
-1,0.000000
-1,0.000000
-1,0.000000
-1,0.000000
16,1.000000
16,1.000000
-1,0.000000
16,1.000000
-1,0.000000
24,0.713619
24,0.612027
24,0.716757
24,0.792150
24,0.771667
24,0.848450
24,0.941796
24,0.773198
-1,0.000000
-1,0.000000
-1,0.000000
-1,0.000000
-1,0.000000
-1,0.000000
-1,0.000000
-1,0.000000
-1,0.000000
-1,0.000000
9,0.952014
9,0.443017
14,1.000000
14,1.000000
14,1.000000
-1,0.000000
-1,0.000000
-1,0.000000
-1,0.000000
-1,0.000000
-1,0.000000
-1,0.000000
24,0.731963
-1,0.000000
-1,0.000000
-1,0.000000
-1,0.000000
24,0.397636
24,0.481349
-1,0.000000
-1,0.000000
-1,0.000000
-1,0.000000
-1,0.000000
-1,0.000000
-1,0.000000
-1,0.000000
-1,0.000000
-1,0.000000
-1,0.000000
-1,0.000000
-1,0.000000
-1,0.000000
17,0.987513
16,0.806931
-1,0.000000
-1,0.000000
-1,0.000000
17,0.946583
17,1.000000
17,1.000000
-1,0.000000
15,1.000000
15,1.000000
15,1.000000
15,1.000000
15,1.000000
15,1.000000
15,1.000000
-1,0.000000
-1,0.000000
-1,0.000000
-1,0.000000
-1,0.000000
24,0.743452
12,0.408568
12,0.442513
12,0.783394
-1,0.000000
-1,0.000000
7,0.878878
-1,0.000000
-1,0.000000
-1,0.000000
20,0.246501
19,0.922573
20,0.305509
20,0.271975
20,0.481319
20,0.353583
20,0.319884
20,0.357761
24,0.953989
19,0.911321
19,0.929900
21,0.816507
21,0.917164
21,1.000000
21,0.959508
-1,0.000000
-1,0.000000
-1,0.000000
-1,0.000000
-1,0.000000
-1,0.000000
-1,0.000000
-1,0.000000
-1,0.000000
-1,0.000000
25,0.657840
-1,0.000000
-1,0.000000
-1,0.000000
-1,0.000000
-1,0.000000
-1,0.000000
16,0.806931
16,0.806931
-1,0.000000
-1,0.000000
-1,0.000000
-1,0.000000
-1,0.000000
-1,0.000000
17,1.000000
17,1.000000
17,1.000000
17,1.000000
15,0.654456
-1,0.000000
15,0.982564
-1,0.000000
-1,0.000000
23,0.605634
-1,0.000000
-1,0.000000
-1,0.000000
24,0.905707
24,0.838673
-1,0.000000
-1,0.000000
-1,0.000000
-1,0.000000
-1,0.000000
24,0.947940
24,0.877884
24,1.000000
-1,0.000000
-1,0.000000
3,0.861183
-1,0.000000
8,0.886827
8,0.896205
8,0.940773
8,0.895549
8,0.805282
-1,0.000000
-1,0.000000
-1,0.000000
8,1.000000
-1,0.000000
-1,0.000000
-1,0.000000
-1,0.000000
-1,0.000000
-1,0.000000
-1,0.000000
-1,0.000000
-1,0.000000
-1,0.000000
-1,0.000000
-1,0.000000
-1,0.000000
-1,0.000000
16,0.895629
-1,0.000000
0,0.870502
0,0.936773
-1,0.000000
-1,0.000000
-1,0.000000
0,0.998537
15,0.714538
-1,0.000000
-1,0.000000
-1,0.000000
-1,0.000000
-1,0.000000
-1,0.000000
0,0.804179
16,0.806931
-1,0.000000
-1,0.000000
-1,0.000000
-1,0.000000
8,0.853523
8,0.914905
8,0.866752
8,0.685276
8,0.716446
-1,0.000000
8,1.000000
-1,0.000000
-1,0.000000
8,1.000000
8,0.880008
8,1.000000
8,0.951123
8,0.976691
8,0.954716
8,0.997822
8,0.955524
8,1.000000
8,1.000000
8,0.862927
8,0.915723
-1,0.000000
8,0.891081
8,0.903321
-1,0.000000
-1,0.000000
-1,0.000000
16,0.966383
16,0.874279
-1,0.000000
-1,0.000000
-1,0.000000
0,0.939474
0,1.000000
-1,0.000000
-1,0.000000
-1,0.000000
-1,0.000000
-1,0.000000
-1,0.000000
-1,0.000000
3,0.976617
-1,0.000000
-1,0.000000
5,0.868358
5,0.868358
5,0.868358
5,0.868358
5,0.868358
5,0.868358
5,0.868358
5,0.868358
5,0.868358
20,0.266491
20,0.269590
20,0.273812
20,0.231771
-1,0.000000
20,0.311704
18,1.000000
18,1.000000
18,1.000000
18,0.942709
-1,0.000000
-1,0.000000
-1,0.000000
-1,0.000000
24,0.759359
24,0.913537
24,0.976009
24,0.850019
24,0.981860
24,0.829983
24,0.989775
24,0.818709
24,0.483650
24,0.505667
-1,0.000000
15,0.590864
-1,0.000000
7,0.642802
7,0.756257
7,0.768775
7,0.724502
24,0.627165
-1,0.000000
7,0.695377
-1,0.000000
-1,0.000000
18,1.000000
18,1.000000
18,1.000000
18,0.893467
-1,0.000000
-1,0.000000
-1,0.000000
-1,0.000000
-1,0.000000
-1,0.000000
-1,0.000000
24,0.957294
-1,0.000000
-1,0.000000
-1,0.000000
-1,0.000000
-1,0.000000
-1,0.000000
-1,0.000000
-1,0.000000
-1,0.000000
18,1.000000
-1,0.000000
-1,0.000000
-1,0.000000
16,1.000000
16,0.809614
-1,0.000000
-1,0.000000
-1,0.000000
-1,0.000000
-1,0.000000
-1,0.000000
-1,0.000000
-1,0.000000
-1,0.000000
2,0.999488
2,1.000000
2,0.586700
-1,0.000000
-1,0.000000
-1,0.000000
-1,0.000000
10,0.928913
-1,0.000000
-1,0.000000
-1,0.000000
25,0.832661
25,0.878195
25,0.969812
25,0.891624
25,0.812891
25,0.981254
-1,0.000000
-1,0.000000
23,0.246659
-1,0.000000
16,1.000000
-1,0.000000
-1,0.000000
15,0.593821
-1,0.000000
-1,0.000000
-1,0.000000
-1,0.000000
-1,0.000000
-1,0.000000
-1,0.000000
-1,0.000000
-1,0.000000
10,0.975301
10,0.928870
-1,0.000000
-1,0.000000
-1,0.000000
-1,0.000000
16,1.000000
-1,0.000000
-1,0.000000
10,0.813161
-1,0.000000
-1,0.000000
2,1.000000
2,0.909504
-1,0.000000
2,1.000000
2,0.950288
-1,0.000000
-1,0.000000
4,0.816906
-1,0.000000
-1,0.000000
-1,0.000000
-1,0.000000
16,0.968691
16,1.000000
-1,0.000000
-1,0.000000
-1,0.000000
-1,0.000000
-1,0.000000
-1,0.000000
23,0.237446
-1,0.000000
-1,0.000000
-1,0.000000
-1,0.000000
-1,0.000000
18,1.000000
18,0.947523
-1,0.000000
12,0.381346
-1,0.000000
-1,0.000000
-1,0.000000
7,1.000000
21,0.983089
21,1.000000
21,1.000000
21,1.000000
21,0.932423
21,0.994263
21,0.952355
-1,0.000000
-1,0.000000
-1,0.000000
-1,0.000000
-1,0.000000
-1,0.000000
-1,0.000000
21,0.974265
13,1.000000
-1,0.000000
-1,0.000000
-1,0.000000
7,0.882682
-1,0.000000
-1,0.000000
-1,0.000000
3,1.000000
3,0.973369
3,0.984924
3,0.962080
3,1.000000
-1,0.000000
-1,0.000000
-1,0.000000
-1,0.000000
9,0.533945
9,0.581503
-1,0.000000
-1,0.000000
-1,0.000000
20,0.201975
-1,0.000000
-1,0.000000
1,1.000000
1,1.000000
1,1.000000
-1,0.000000
-1,0.000000
-1,0.000000
-1,0.000000
-1,0.000000
-1,0.000000
-1,0.000000
-1,0.000000
-1,0.000000
-1,0.000000
-1,0.000000
-1,0.000000
-1,0.000000
6,0.980535
-1,0.000000
6,0.978929
-1,0.000000
-1,0.000000
-1,0.000000
23,0.297367
16,1.000000
-1,0.000000
-1,0.000000
-1,0.000000
-1,0.000000
-1,0.000000
1,1.000000
1,1.000000
-1,0.000000
16,0.901795
-1,0.000000
-1,0.000000
-1,0.000000
10,0.815536
10,0.888806
10,0.878818
10,0.839003
10,1.000000
10,1.000000
10,0.959988
10,1.000000
10,0.924463
-1,0.000000
10,0.989362
-1,0.000000
10,0.872144
-1,0.000000
0,1.000000
-1,0.000000
0,1.000000
-1,0.000000
-1,0.000000
-1,0.000000
17,0.772894
-1,0.000000
13,1.000000
13,1.000000
13,1.000000
13,1.000000
13,1.000000
13,1.000000
13,1.000000
13,1.000000
13,1.000000
13,1.000000
13,1.000000
13,1.000000
13,1.000000
13,1.000000
-1,0.000000
-1,0.000000
-1,0.000000
-1,0.000000
-1,0.000000
-1,0.000000
-1,0.000000
-1,0.000000
-1,0.000000
13,1.000000
13,1.000000
13,1.000000
13,1.000000
-1,0.000000
0,1.000000
-1,0.000000
-1,0.000000
-1,0.000000
-1,0.000000
-1,0.000000
2,0.755320
-1,0.000000
-1,0.000000
-1,0.000000
-1,0.000000
-1,0.000000
-1,0.000000
-1,0.000000
-1,0.000000
-1,0.000000
-1,0.000000
-1,0.000000
4,1.000000
-1,0.000000
0,1.000000
0,1.000000
-1,0.000000
-1,0.000000
-1,0.000000
-1,0.000000
-1,0.000000
-1,0.000000
-1,0.000000
-1,0.000000
-1,0.000000
-1,0.000000
-1,0.000000
-1,0.000000
-1,0.000000
-1,0.000000
20,0.211043
20,0.202440
-1,0.000000
-1,0.000000
-1,0.000000
-1,0.000000
-1,0.000000
-1,0.000000
-1,0.000000
-1,0.000000
12,0.381346
-1,0.000000
-1,0.000000
24,0.472012
-1,0.000000
-1,0.000000
24,0.447138
24,0.533871
-1,0.000000
-1,0.000000
-1,0.000000
-1,0.000000
2,0.667562
10,1.000000
10,1.000000
10,1.000000
18,0.845619
22,0.683338
23,0.596352
-1,0.000000
-1,0.000000
-1,0.000000
-1,0.000000
-1,0.000000
25,1.000000
25,1.000000
6,1.000000
-1,0.000000
2,1.000000
-1,0.000000
21,0.803709
21,1.000000
21,0.642093
21,0.880741
21,0.708305
21,0.759007
21,0.616851
21,0.694050
-1,0.000000
-1,0.000000
-1,0.000000
-1,0.000000
-1,0.000000
-1,0.000000
-1,0.000000
-1,0.000000
-1,0.000000
-1,0.000000
-1,0.000000
-1,0.000000
-1,0.000000
-1,0.000000
-1,0.000000
-1,0.000000
-1,0.000000
-1,0.000000
-1,0.000000
-1,0.000000
23,0.354804
-1,0.000000
16,0.824216
-1,0.000000
-1,0.000000
14,0.878679
7,0.809230
7,0.838560
-1,0.000000
-1,0.000000
-1,0.000000
7,1.000000
3,0.908074
-1,0.000000
-1,0.000000
7,0.789194
20,0.408195
20,0.620774
-1,0.000000
20,0.198687
20,0.206000
20,0.208820
20,0.370579
20,0.603718
20,0.505777
20,0.631153
20,0.657954
20,0.667445
-1,0.000000
-1,0.000000
20,0.424522
20,0.392741
20,0.315596
20,0.291015
20,0.443054
-1,0.000000
-1,0.000000
-1,0.000000
-1,0.000000
-1,0.000000
-1,0.000000
-1,0.000000
16,1.000000
-1,0.000000
-1,0.000000
-1,0.000000
-1,0.000000
-1,0.000000
-1,0.000000
-1,0.000000
-1,0.000000
-1,0.000000
-1,0.000000
-1,0.000000
-1,0.000000
-1,0.000000
24,0.630470
24,0.718192
-1,0.000000
24,0.507430
24,0.542302
24,0.579654
24,0.739107
24,0.568745
24,0.630474
24,0.739585
24,0.509691
24,0.479712
24,0.677773
24,0.503869
24,0.904295
-1,0.000000
24,0.371598
24,0.474825
24,0.470614
24,0.362815
24,0.676145
24,0.356171
24,0.336659
24,0.338848
24,0.693396
24,0.628098
24,0.646710
24,0.653414
24,0.665017
24,0.546122
24,0.499977
24,0.407591
24,0.339994
-1,0.000000
-1,0.000000
-1,0.000000
-1,0.000000
24,0.611846
-1,0.000000
24,0.880785
25,0.936876
25,1.000000
-1,0.000000
-1,0.000000
-1,0.000000
13,1.000000
-1,0.000000
-1,0.000000
-1,0.000000
-1,0.000000
-1,0.000000
-1,0.000000
13,1.000000
-1,0.000000
-1,0.000000
-1,0.000000
-1,0.000000
